{
"type": "FeatureCollection",
"name": "Park_Garden_Rabat",
"crs": { "type": "name", "properties": { "name": "urn:ogc:def:crs:OGC:1.3:CRS84" } },
"features": [
{ "type": "Feature", "properties": { "full_id": "w171435525", "osm_id": "171435525", "osm_type": "way", "leisure": "garden", "opening_date": null, "fee": null, "access": null, "wikimedia_commons": null, "wikidata": null, "barrier": null, "name": "Internat et logements de fonction du CHU Ibn sina", "landuse": "residential" }, "geometry": { "type": "MultiPolygon", "coordinates": [ [ [ [ -6.8561447, 33.9856669 ], [ -6.8556273, 33.9862454 ], [ -6.855858, 33.9863878 ], [ -6.8557668, 33.9864901 ], [ -6.8559999, 33.9866366 ], [ -6.8558258, 33.9868281 ], [ -6.8564802, 33.9872729 ], [ -6.8576789, 33.9861829 ], [ -6.8568705, 33.9859249 ], [ -6.8561447, 33.9856669 ] ] ] ] } },
{ "type": "Feature", "properties": { "full_id": "w234798833", "osm_id": "234798833", "osm_type": "way", "leisure": "garden", "opening_date": null, "fee": null, "access": null, "wikimedia_commons": null, "wikidata": null, "barrier": null, "name": "Jardin Annasr", "landuse": null }, "geometry": { "type": "MultiPolygon", "coordinates": [ [ [ [ -6.8410222, 34.0108614 ], [ -6.8410867, 34.0109076 ], [ -6.8408548, 34.0115219 ], [ -6.8408471, 34.0115421 ], [ -6.840841, 34.0115583 ], [ -6.8408025, 34.0117764 ], [ -6.8404063, 34.0118487 ], [ -6.8403936, 34.011852 ], [ -6.8403763, 34.0118563 ], [ -6.8396385, 34.0120455 ], [ -6.8396273, 34.0120483 ], [ -6.8396127, 34.0120521 ], [ -6.8393771, 34.0121088 ], [ -6.8393665, 34.0121113 ], [ -6.8393575, 34.0121135 ], [ -6.8392001, 34.0121513 ], [ -6.8391935, 34.0121409 ], [ -6.8393133, 34.01205 ], [ -6.8393207, 34.0120442 ], [ -6.8393285, 34.0120386 ], [ -6.8394219, 34.0119678 ], [ -6.8396122, 34.0118241 ], [ -6.8396257, 34.011814 ], [ -6.8396404, 34.0118031 ], [ -6.8399452, 34.011576 ], [ -6.8399575, 34.0115672 ], [ -6.8399719, 34.011557 ], [ -6.8401895, 34.0114018 ], [ -6.8402966, 34.0113264 ], [ -6.8404517, 34.0112228 ], [ -6.8404698, 34.0112104 ], [ -6.8404924, 34.0111956 ], [ -6.8410222, 34.0108614 ] ] ] ] } },
{ "type": "Feature", "properties": { "full_id": "w236716228", "osm_id": "236716228", "osm_type": "way", "leisure": "garden", "opening_date": null, "fee": null, "access": null, "wikimedia_commons": null, "wikidata": null, "barrier": null, "name": null, "landuse": null }, "geometry": { "type": "MultiPolygon", "coordinates": [ [ [ [ -6.8349252, 34.0202894 ], [ -6.8353785, 34.0208358 ], [ -6.8353177, 34.0208704 ], [ -6.8348644, 34.0203241 ], [ -6.8349252, 34.0202894 ] ] ] ] } },
{ "type": "Feature", "properties": { "full_id": "w249631380", "osm_id": "249631380", "osm_type": "way", "leisure": "garden", "opening_date": null, "fee": null, "access": null, "wikimedia_commons": null, "wikidata": null, "barrier": null, "name": null, "landuse": null }, "geometry": { "type": "MultiPolygon", "coordinates": [ [ [ [ -6.8394014, 33.992213 ], [ -6.8398299, 33.9918384 ], [ -6.839847, 33.9918171 ], [ -6.8398551, 33.9917924 ], [ -6.8398533, 33.9917669 ], [ -6.8398418, 33.9917432 ], [ -6.8396312, 33.991439 ], [ -6.8393353, 33.9915699 ], [ -6.8394318, 33.9916144 ], [ -6.8394473, 33.9916229 ], [ -6.839458, 33.9916355 ], [ -6.839462, 33.9916482 ], [ -6.8394611, 33.9916612 ], [ -6.8394553, 33.9916733 ], [ -6.8392729, 33.9919935 ], [ -6.8394014, 33.992213 ] ] ] ] } },
{ "type": "Feature", "properties": { "full_id": "w252755632", "osm_id": "252755632", "osm_type": "way", "leisure": "garden", "opening_date": null, "fee": null, "access": null, "wikimedia_commons": null, "wikidata": null, "barrier": null, "name": null, "landuse": null }, "geometry": { "type": "MultiPolygon", "coordinates": [ [ [ [ -6.8343486, 34.0155547 ], [ -6.8344115, 34.0156683 ], [ -6.8343466, 34.0156901 ], [ -6.8341622, 34.0157497 ], [ -6.8340097, 34.0155879 ], [ -6.8339418, 34.0156272 ], [ -6.8339176, 34.0156027 ], [ -6.8338062, 34.0156716 ], [ -6.8337602, 34.0155221 ], [ -6.8341411, 34.0153903 ], [ -6.8342454, 34.0155913 ], [ -6.8343486, 34.0155547 ] ] ] ] } },
{ "type": "Feature", "properties": { "full_id": "w252755633", "osm_id": "252755633", "osm_type": "way", "leisure": "garden", "opening_date": null, "fee": null, "access": null, "wikimedia_commons": null, "wikidata": null, "barrier": null, "name": null, "landuse": null }, "geometry": { "type": "MultiPolygon", "coordinates": [ [ [ [ -6.834124, 34.0153575 ], [ -6.8337483, 34.0154824 ], [ -6.8336845, 34.0152684 ], [ -6.8340251, 34.0151669 ], [ -6.834124, 34.0153575 ] ] ] ] } },
{ "type": "Feature", "properties": { "full_id": "w252755634", "osm_id": "252755634", "osm_type": "way", "leisure": "garden", "opening_date": null, "fee": null, "access": null, "wikimedia_commons": null, "wikidata": null, "barrier": null, "name": null, "landuse": null }, "geometry": { "type": "MultiPolygon", "coordinates": [ [ [ [ -6.8336733, 34.0152307 ], [ -6.8336365, 34.0151075 ], [ -6.8339477, 34.0150178 ], [ -6.8340048, 34.0151278 ], [ -6.8336733, 34.0152307 ] ] ] ] } },
{ "type": "Feature", "properties": { "full_id": "w252755635", "osm_id": "252755635", "osm_type": "way", "leisure": "garden", "opening_date": null, "fee": null, "access": null, "wikimedia_commons": null, "wikidata": null, "barrier": null, "name": null, "landuse": null }, "geometry": { "type": "MultiPolygon", "coordinates": [ [ [ [ -6.8339153, 34.0149554 ], [ -6.8338591, 34.0148472 ], [ -6.8335574, 34.0149398 ], [ -6.833595, 34.015051 ], [ -6.8336177, 34.0150443 ], [ -6.8339153, 34.0149554 ] ] ] ] } },
{ "type": "Feature", "properties": { "full_id": "w252755636", "osm_id": "252755636", "osm_type": "way", "leisure": "garden", "opening_date": null, "fee": null, "access": null, "wikimedia_commons": null, "wikidata": null, "barrier": null, "name": null, "landuse": null }, "geometry": { "type": "MultiPolygon", "coordinates": [ [ [ [ -6.8342781, 34.0154172 ], [ -6.8342046, 34.015443 ], [ -6.8341734, 34.0153819 ], [ -6.8342469, 34.0153561 ], [ -6.8342781, 34.0154172 ] ] ] ] } },
{ "type": "Feature", "properties": { "full_id": "w252755637", "osm_id": "252755637", "osm_type": "way", "leisure": "garden", "opening_date": null, "fee": null, "access": null, "wikimedia_commons": null, "wikidata": null, "barrier": null, "name": null, "landuse": null }, "geometry": { "type": "MultiPolygon", "coordinates": [ [ [ [ -6.8341742, 34.0152122 ], [ -6.8341021, 34.0152372 ], [ -6.8340728, 34.0151792 ], [ -6.8341449, 34.0151542 ], [ -6.8341742, 34.0152122 ] ] ] ] } },
{ "type": "Feature", "properties": { "full_id": "w252755638", "osm_id": "252755638", "osm_type": "way", "leisure": "garden", "opening_date": null, "fee": null, "access": null, "wikimedia_commons": null, "wikidata": null, "barrier": null, "name": null, "landuse": null }, "geometry": { "type": "MultiPolygon", "coordinates": [ [ [ [ -6.8340744, 34.0150165 ], [ -6.8340016, 34.015042 ], [ -6.8340212, 34.0150804 ], [ -6.834094, 34.015055 ], [ -6.8340744, 34.0150165 ] ] ] ] } },
{ "type": "Feature", "properties": { "full_id": "w252755639", "osm_id": "252755639", "osm_type": "way", "leisure": "garden", "opening_date": null, "fee": null, "access": null, "wikimedia_commons": null, "wikidata": null, "barrier": null, "name": null, "landuse": null }, "geometry": { "type": "MultiPolygon", "coordinates": [ [ [ [ -6.8339917, 34.0148536 ], [ -6.8339194, 34.0148795 ], [ -6.83389, 34.014823 ], [ -6.8339622, 34.0147971 ], [ -6.8339917, 34.0148536 ] ] ] ] } },
{ "type": "Feature", "properties": { "full_id": "w260370645", "osm_id": "260370645", "osm_type": "way", "leisure": "garden", "opening_date": null, "fee": null, "access": null, "wikimedia_commons": null, "wikidata": null, "barrier": null, "name": null, "landuse": null }, "geometry": { "type": "MultiPolygon", "coordinates": [ [ [ [ -6.8382999, 33.9935986 ], [ -6.8383133, 33.9936334 ], [ -6.8383348, 33.9936654 ], [ -6.8383667, 33.9936956 ], [ -6.8384058, 33.9937193 ], [ -6.8384501, 33.9937354 ], [ -6.8385004, 33.99374 ], [ -6.8385507, 33.9937365 ], [ -6.8385903, 33.9937278 ], [ -6.8386277, 33.9937139 ], [ -6.838662, 33.9936954 ], [ -6.8387415, 33.9936231 ], [ -6.8388163, 33.9935475 ], [ -6.8389035, 33.9934475 ], [ -6.8389826, 33.9933429 ], [ -6.8390455, 33.993237 ], [ -6.8390979, 33.9931272 ], [ -6.8391368, 33.9930226 ], [ -6.8391663, 33.9929159 ], [ -6.8391682, 33.9928796 ], [ -6.8391619, 33.9928436 ], [ -6.8391475, 33.9928092 ], [ -6.839123, 33.9927745 ], [ -6.8390903, 33.9927448 ], [ -6.8390509, 33.9927213 ], [ -6.8390024, 33.992702 ], [ -6.8389504, 33.9926904 ], [ -6.8388967, 33.9926869 ], [ -6.8388417, 33.9926918 ], [ -6.8387887, 33.9927054 ], [ -6.8387398, 33.9927269 ], [ -6.838697, 33.9927627 ], [ -6.838658, 33.9928014 ], [ -6.8386174, 33.9928504 ], [ -6.8385829, 33.9929026 ], [ -6.8385151, 33.9930026 ], [ -6.8384555, 33.9931061 ], [ -6.8384142, 33.9931904 ], [ -6.8383784, 33.9932765 ], [ -6.8383482, 33.993364 ], [ -6.8383053, 33.9935208 ], [ -6.8382986, 33.9935692 ], [ -6.8382999, 33.9935986 ] ] ] ] } },
{ "type": "Feature", "properties": { "full_id": "w260370652", "osm_id": "260370652", "osm_type": "way", "leisure": "garden", "opening_date": null, "fee": null, "access": null, "wikimedia_commons": null, "wikidata": null, "barrier": null, "name": null, "landuse": null }, "geometry": { "type": "MultiPolygon", "coordinates": [ [ [ [ -6.8318643, 34.0198903 ], [ -6.8323011, 34.0197287 ], [ -6.8320808, 34.0192701 ], [ -6.831736, 34.0193886 ], [ -6.8317516, 34.0194374 ], [ -6.8317841, 34.0195284 ], [ -6.8318113, 34.0196208 ], [ -6.8318287, 34.0197148 ], [ -6.8318361, 34.0198097 ], [ -6.8318363, 34.0198804 ], [ -6.831839, 34.0198858 ], [ -6.831844, 34.01989 ], [ -6.8318506, 34.0198923 ], [ -6.8318577, 34.0198924 ], [ -6.8318643, 34.0198903 ] ] ] ] } },
{ "type": "Feature", "properties": { "full_id": "w279122050", "osm_id": "279122050", "osm_type": "way", "leisure": "garden", "opening_date": null, "fee": null, "access": null, "wikimedia_commons": null, "wikidata": null, "barrier": null, "name": null, "landuse": null }, "geometry": { "type": "MultiPolygon", "coordinates": [ [ [ [ -6.8229934, 34.0226402 ], [ -6.8232564, 34.0225352 ], [ -6.823128, 34.0223143 ], [ -6.8229584, 34.0223821 ], [ -6.8229463, 34.0223613 ], [ -6.8228529, 34.0223986 ], [ -6.8229934, 34.0226402 ] ] ] ] } },
{ "type": "Feature", "properties": { "full_id": "w283350002", "osm_id": "283350002", "osm_type": "way", "leisure": "garden", "opening_date": null, "fee": null, "access": null, "wikimedia_commons": "Category:Andalusian gardens, Rabat", "wikidata": "Q58975464", "barrier": "city_wall", "name": "Jardin Andalou", "landuse": null }, "geometry": { "type": "MultiPolygon", "coordinates": [ [ [ [ -6.8349252, 34.0299232 ], [ -6.8350609, 34.0300259 ], [ -6.8349917, 34.0300873 ], [ -6.8349582, 34.0301155 ], [ -6.8349289, 34.0301412 ], [ -6.834954, 34.0301626 ], [ -6.8349834, 34.0301412 ], [ -6.8351359, 34.0302928 ], [ -6.8351822, 34.0303391 ], [ -6.8352011, 34.030358 ], [ -6.8352267, 34.0303416 ], [ -6.8352593, 34.0303757 ], [ -6.8352341, 34.030391 ], [ -6.835245, 34.0304019 ], [ -6.8352597, 34.0304167 ], [ -6.8353058, 34.0304627 ], [ -6.8353874, 34.0305444 ], [ -6.8354347, 34.0305911 ], [ -6.8355165, 34.030672 ], [ -6.8355428, 34.0306549 ], [ -6.8355579, 34.0306741 ], [ -6.8355339, 34.0306896 ], [ -6.8355457, 34.0307003 ], [ -6.8356217, 34.030773 ], [ -6.8360388, 34.0304807 ], [ -6.8360562, 34.0304978 ], [ -6.8360767, 34.0304866 ], [ -6.8360648, 34.0304717 ], [ -6.8361009, 34.0304519 ], [ -6.8360658, 34.0304082 ], [ -6.8360098, 34.0303395 ], [ -6.8359768, 34.0302973 ], [ -6.8359635, 34.0302807 ], [ -6.83584, 34.0301268 ], [ -6.8358672, 34.0301104 ], [ -6.835839, 34.030077 ], [ -6.8358115, 34.0300913 ], [ -6.8357154, 34.0299716 ], [ -6.8357012, 34.0299539 ], [ -6.8356899, 34.0299398 ], [ -6.8356786, 34.0299258 ], [ -6.8355805, 34.0298035 ], [ -6.8356058, 34.0297892 ], [ -6.8355882, 34.0297676 ], [ -6.8355814, 34.0297593 ], [ -6.8355674, 34.0297672 ], [ -6.8355563, 34.0297734 ], [ -6.8353713, 34.0295428 ], [ -6.8353535, 34.0295207 ], [ -6.8353696, 34.029518 ], [ -6.8353844, 34.0294885 ], [ -6.8353629, 34.0294502 ], [ -6.835316, 34.0294441 ], [ -6.8352791, 34.0294635 ], [ -6.8352412, 34.0294807 ], [ -6.8352739, 34.0295217 ], [ -6.8352248, 34.0295496 ], [ -6.8351438, 34.0296 ], [ -6.8350627, 34.0295041 ], [ -6.8348933, 34.0296053 ], [ -6.8347556, 34.0296875 ], [ -6.8348173, 34.0297816 ], [ -6.8348686, 34.0298597 ], [ -6.8348805, 34.0298769 ], [ -6.8348939, 34.0298933 ], [ -6.8349088, 34.0299087 ], [ -6.8349252, 34.0299232 ] ] ] ] } },
{ "type": "Feature", "properties": { "full_id": "w283372226", "osm_id": "283372226", "osm_type": "way", "leisure": "garden", "opening_date": null, "fee": null, "access": null, "wikimedia_commons": null, "wikidata": null, "barrier": null, "name": null, "landuse": null }, "geometry": { "type": "MultiPolygon", "coordinates": [ [ [ [ -6.8355109, 34.0302705 ], [ -6.8354712, 34.0302313 ], [ -6.8354936, 34.0302157 ], [ -6.8356651, 34.0300964 ], [ -6.8357049, 34.0301356 ], [ -6.8355109, 34.0302705 ] ] ] ] } },
{ "type": "Feature", "properties": { "full_id": "w283372227", "osm_id": "283372227", "osm_type": "way", "leisure": "garden", "opening_date": null, "fee": null, "access": null, "wikimedia_commons": null, "wikidata": null, "barrier": null, "name": null, "landuse": null }, "geometry": { "type": "MultiPolygon", "coordinates": [ [ [ [ -6.835379, 34.0300237 ], [ -6.8354565, 34.030101 ], [ -6.8353846, 34.0301504 ], [ -6.8353072, 34.0300732 ], [ -6.835379, 34.0300237 ] ] ] ] } },
{ "type": "Feature", "properties": { "full_id": "w283372228", "osm_id": "283372228", "osm_type": "way", "leisure": "garden", "opening_date": null, "fee": null, "access": null, "wikimedia_commons": null, "wikidata": null, "barrier": null, "name": null, "landuse": null }, "geometry": { "type": "MultiPolygon", "coordinates": [ [ [ [ -6.8353409, 34.0298668 ], [ -6.835269, 34.0297927 ], [ -6.8352795, 34.0297858 ], [ -6.8352678, 34.0297738 ], [ -6.8353054, 34.0297487 ], [ -6.835389, 34.0298347 ], [ -6.8353409, 34.0298668 ] ] ] ] } },
{ "type": "Feature", "properties": { "full_id": "w283372229", "osm_id": "283372229", "osm_type": "way", "leisure": "garden", "opening_date": null, "fee": null, "access": null, "wikimedia_commons": null, "wikidata": null, "barrier": null, "name": null, "landuse": null }, "geometry": { "type": "MultiPolygon", "coordinates": [ [ [ [ -6.835387, 34.0299958 ], [ -6.8353116, 34.0299178 ], [ -6.8354124, 34.0298509 ], [ -6.8354878, 34.0299289 ], [ -6.835387, 34.0299958 ] ] ] ] } },
{ "type": "Feature", "properties": { "full_id": "w283372230", "osm_id": "283372230", "osm_type": "way", "leisure": "garden", "opening_date": null, "fee": null, "access": null, "wikimedia_commons": null, "wikidata": null, "barrier": null, "name": null, "landuse": null }, "geometry": { "type": "MultiPolygon", "coordinates": [ [ [ [ -6.8351078, 34.0298738 ], [ -6.8350182, 34.0297841 ], [ -6.8350913, 34.0297338 ], [ -6.8351806, 34.0298237 ], [ -6.8351078, 34.0298738 ] ] ] ] } },
{ "type": "Feature", "properties": { "full_id": "w283372231", "osm_id": "283372231", "osm_type": "way", "leisure": "garden", "opening_date": null, "fee": null, "access": null, "wikimedia_commons": null, "wikidata": null, "barrier": null, "name": null, "landuse": null }, "geometry": { "type": "MultiPolygon", "coordinates": [ [ [ [ -6.8351217, 34.0300543 ], [ -6.8351729, 34.0300168 ], [ -6.835205, 34.0300173 ], [ -6.8353616, 34.0301644 ], [ -6.8352908, 34.0302145 ], [ -6.8351217, 34.0300543 ] ] ] ] } },
{ "type": "Feature", "properties": { "full_id": "w283372232", "osm_id": "283372232", "osm_type": "way", "leisure": "garden", "opening_date": null, "fee": null, "access": null, "wikimedia_commons": null, "wikidata": null, "barrier": null, "name": null, "landuse": null }, "geometry": { "type": "MultiPolygon", "coordinates": [ [ [ [ -6.8351582, 34.03 ], [ -6.8351067, 34.0300364 ], [ -6.8350196, 34.0299495 ], [ -6.8350902, 34.0298996 ], [ -6.8351601, 34.0299678 ], [ -6.8351582, 34.03 ] ] ] ] } },
{ "type": "Feature", "properties": { "full_id": "w283372233", "osm_id": "283372233", "osm_type": "way", "leisure": "garden", "opening_date": null, "fee": null, "access": null, "wikimedia_commons": null, "wikidata": null, "barrier": null, "name": null, "landuse": null }, "geometry": { "type": "MultiPolygon", "coordinates": [ [ [ [ -6.8354739, 34.0300841 ], [ -6.8353968, 34.0300021 ], [ -6.8354988, 34.0299362 ], [ -6.8355759, 34.0300181 ], [ -6.8354739, 34.0300841 ] ] ] ] } },
{ "type": "Feature", "properties": { "full_id": "w283372234", "osm_id": "283372234", "osm_type": "way", "leisure": "garden", "opening_date": null, "fee": null, "access": null, "wikimedia_commons": null, "wikidata": null, "barrier": null, "name": null, "landuse": null }, "geometry": { "type": "MultiPolygon", "coordinates": [ [ [ [ -6.8350111, 34.029941 ], [ -6.8349796, 34.0299096 ], [ -6.8349981, 34.0298969 ], [ -6.8349445, 34.0298436 ], [ -6.8349983, 34.0298065 ], [ -6.8350825, 34.0298918 ], [ -6.8350111, 34.029941 ] ] ] ] } },
{ "type": "Feature", "properties": { "full_id": "w283372235", "osm_id": "283372235", "osm_type": "way", "leisure": "garden", "opening_date": null, "fee": null, "access": null, "wikimedia_commons": null, "wikidata": null, "barrier": null, "name": null, "landuse": null }, "geometry": { "type": "MultiPolygon", "coordinates": [ [ [ [ -6.8352203, 34.0297745 ], [ -6.8352316, 34.0297862 ], [ -6.835196, 34.0298099 ], [ -6.8351139, 34.0297253 ], [ -6.8351574, 34.0296963 ], [ -6.8352282, 34.0297692 ], [ -6.8352203, 34.0297745 ] ] ] ] } },
{ "type": "Feature", "properties": { "full_id": "w283372236", "osm_id": "283372236", "osm_type": "way", "leisure": "garden", "opening_date": null, "fee": null, "access": null, "wikimedia_commons": null, "wikidata": null, "barrier": null, "name": null, "landuse": null }, "geometry": { "type": "MultiPolygon", "coordinates": [ [ [ [ -6.83526, 34.0297657 ], [ -6.8352496, 34.029755 ], [ -6.8352396, 34.0297616 ], [ -6.8351682, 34.029688 ], [ -6.835213, 34.029658 ], [ -6.835295, 34.0297424 ], [ -6.83526, 34.0297657 ] ] ] ] } },
{ "type": "Feature", "properties": { "full_id": "w288666988", "osm_id": "288666988", "osm_type": "way", "leisure": "garden", "opening_date": null, "fee": null, "access": null, "wikimedia_commons": null, "wikidata": null, "barrier": null, "name": null, "landuse": null }, "geometry": { "type": "MultiPolygon", "coordinates": [ [ [ [ -6.8791626, 33.9645683 ], [ -6.8789438, 33.9647404 ], [ -6.8787277, 33.964546 ], [ -6.8789457, 33.9643857 ], [ -6.8791626, 33.9645683 ] ] ] ] } },
{ "type": "Feature", "properties": { "full_id": "w288666990", "osm_id": "288666990", "osm_type": "way", "leisure": "garden", "opening_date": null, "fee": null, "access": null, "wikimedia_commons": null, "wikidata": null, "barrier": null, "name": null, "landuse": null }, "geometry": { "type": "MultiPolygon", "coordinates": [ [ [ [ -6.8792249, 33.9645198 ], [ -6.8790085, 33.9643355 ], [ -6.8792855, 33.9641444 ], [ -6.8794698, 33.9643272 ], [ -6.8792249, 33.9645198 ] ] ] ] } },
{ "type": "Feature", "properties": { "full_id": "w288666992", "osm_id": "288666992", "osm_type": "way", "leisure": "garden", "opening_date": null, "fee": null, "access": null, "wikimedia_commons": null, "wikidata": null, "barrier": null, "name": null, "landuse": null }, "geometry": { "type": "MultiPolygon", "coordinates": [ [ [ [ -6.8790816, 33.9649465 ], [ -6.8789609, 33.9648434 ], [ -6.8790108, 33.9648043 ], [ -6.8789721, 33.964766 ], [ -6.8791918, 33.9645928 ], [ -6.8792387, 33.9646323 ], [ -6.8791794, 33.9646753 ], [ -6.8792964, 33.9647794 ], [ -6.8790816, 33.9649465 ] ] ] ] } },
{ "type": "Feature", "properties": { "full_id": "w288666994", "osm_id": "288666994", "osm_type": "way", "leisure": "garden", "opening_date": null, "fee": null, "access": null, "wikimedia_commons": null, "wikidata": null, "barrier": null, "name": null, "landuse": null }, "geometry": { "type": "MultiPolygon", "coordinates": [ [ [ [ -6.8795084, 33.9645941 ], [ -6.8795617, 33.9645505 ], [ -6.8794189, 33.964414 ], [ -6.8792532, 33.9645439 ], [ -6.8793006, 33.9645843 ], [ -6.8793546, 33.9645403 ], [ -6.8794591, 33.9646325 ], [ -6.8795084, 33.9645941 ] ] ] ] } },
{ "type": "Feature", "properties": { "full_id": "w449071736", "osm_id": "449071736", "osm_type": "way", "leisure": "garden", "opening_date": null, "fee": null, "access": null, "wikimedia_commons": null, "wikidata": null, "barrier": null, "name": null, "landuse": null }, "geometry": { "type": "MultiPolygon", "coordinates": [ [ [ [ -6.8543724, 34.0080589 ], [ -6.8552012, 34.0071273 ], [ -6.8550241, 34.0070872 ], [ -6.8549464, 34.0071606 ], [ -6.8549195, 34.0071828 ], [ -6.85489, 34.0071917 ], [ -6.8548632, 34.0071873 ], [ -6.854831, 34.0071828 ], [ -6.854742, 34.0072244 ], [ -6.8546932, 34.00726 ], [ -6.8542588, 34.0077005 ], [ -6.8542691, 34.0080373 ], [ -6.8543724, 34.0080589 ] ] ] ] } },
{ "type": "Feature", "properties": { "full_id": "w449080972", "osm_id": "449080972", "osm_type": "way", "leisure": "garden", "opening_date": null, "fee": null, "access": null, "wikimedia_commons": null, "wikidata": null, "barrier": null, "name": null, "landuse": null }, "geometry": { "type": "MultiPolygon", "coordinates": [ [ [ [ -6.8530869, 34.0055494 ], [ -6.8531507, 34.0056809 ], [ -6.8532703, 34.0055867 ], [ -6.8530869, 34.0055494 ] ] ] ] } },
{ "type": "Feature", "properties": { "full_id": "w449080973", "osm_id": "449080973", "osm_type": "way", "leisure": "garden", "opening_date": null, "fee": null, "access": null, "wikimedia_commons": null, "wikidata": null, "barrier": null, "name": null, "landuse": null }, "geometry": { "type": "MultiPolygon", "coordinates": [ [ [ [ -6.8531087, 34.0055343 ], [ -6.8531399, 34.0054263 ], [ -6.8530196, 34.0053969 ], [ -6.8530125, 34.0054046 ], [ -6.8530731, 34.0055271 ], [ -6.8531087, 34.0055343 ] ] ] ] } },
{ "type": "Feature", "properties": { "full_id": "w449080974", "osm_id": "449080974", "osm_type": "way", "leisure": "garden", "opening_date": null, "fee": null, "access": null, "wikimedia_commons": null, "wikidata": null, "barrier": null, "name": null, "landuse": null }, "geometry": { "type": "MultiPolygon", "coordinates": [ [ [ [ -6.8527411, 34.0053666 ], [ -6.8529046, 34.0054035 ], [ -6.8527817, 34.0054493 ], [ -6.8527411, 34.0053666 ] ] ] ] } },
{ "type": "Feature", "properties": { "full_id": "w449099201", "osm_id": "449099201", "osm_type": "way", "leisure": "garden", "opening_date": null, "fee": null, "access": null, "wikimedia_commons": null, "wikidata": null, "barrier": null, "name": null, "landuse": null }, "geometry": { "type": "MultiPolygon", "coordinates": [ [ [ [ -6.8364381, 34.0182041 ], [ -6.8362826, 34.0178884 ], [ -6.8364757, 34.0178217 ], [ -6.8366018, 34.0180551 ], [ -6.8366018, 34.0180862 ], [ -6.8365991, 34.0181129 ], [ -6.8365857, 34.0181374 ], [ -6.8365588, 34.0181596 ], [ -6.8364381, 34.0182041 ] ] ] ] } },
{ "type": "Feature", "properties": { "full_id": "w449099203", "osm_id": "449099203", "osm_type": "way", "leisure": "garden", "opening_date": null, "fee": null, "access": null, "wikimedia_commons": null, "wikidata": null, "barrier": null, "name": null, "landuse": null }, "geometry": { "type": "MultiPolygon", "coordinates": [ [ [ [ -6.8362437, 34.0178206 ], [ -6.8360908, 34.0175205 ], [ -6.836123, 34.0175205 ], [ -6.8361739, 34.0175072 ], [ -6.8362249, 34.0175027 ], [ -6.8362812, 34.0175161 ], [ -6.8363268, 34.0175361 ], [ -6.8363536, 34.0175628 ], [ -6.8364502, 34.0177562 ], [ -6.8362437, 34.0178206 ] ] ] ] } },
{ "type": "Feature", "properties": { "full_id": "w449099205", "osm_id": "449099205", "osm_type": "way", "leisure": "garden", "opening_date": null, "fee": null, "access": null, "wikimedia_commons": null, "wikidata": null, "barrier": null, "name": null, "landuse": null }, "geometry": { "type": "MultiPolygon", "coordinates": [ [ [ [ -6.8357722, 34.0182402 ], [ -6.8356683, 34.0182808 ], [ -6.8354706, 34.018348 ], [ -6.8354259, 34.0182593 ], [ -6.8353879, 34.0181879 ], [ -6.8356964, 34.0180749 ], [ -6.8357722, 34.0182402 ] ] ] ] } },
{ "type": "Feature", "properties": { "full_id": "w449099207", "osm_id": "449099207", "osm_type": "way", "leisure": "garden", "opening_date": null, "fee": null, "access": null, "wikimedia_commons": null, "wikidata": null, "barrier": null, "name": null, "landuse": null }, "geometry": { "type": "MultiPolygon", "coordinates": [ [ [ [ -6.8353466, 34.0181501 ], [ -6.8352756, 34.0180176 ], [ -6.835589, 34.0179061 ], [ -6.8356631, 34.0180301 ], [ -6.8353466, 34.0181501 ] ] ] ] } },
{ "type": "Feature", "properties": { "full_id": "w449099215", "osm_id": "449099215", "osm_type": "way", "leisure": "garden", "opening_date": null, "fee": null, "access": null, "wikimedia_commons": null, "wikidata": null, "barrier": null, "name": null, "landuse": null }, "geometry": { "type": "MultiPolygon", "coordinates": [ [ [ [ -6.840617, 34.0036183 ], [ -6.8353491, 34.0047389 ], [ -6.8360733, 34.0071448 ], [ -6.8369692, 34.0069669 ], [ -6.8406009, 34.0039162 ], [ -6.840617, 34.0036183 ] ] ] ] } },
{ "type": "Feature", "properties": { "full_id": "w449099217", "osm_id": "449099217", "osm_type": "way", "leisure": "garden", "opening_date": null, "fee": "yes", "access": "private", "wikimedia_commons": null, "wikidata": null, "barrier": null, "name": "Jardin Ibn Batouta", "landuse": null }, "geometry": { "type": "MultiPolygon", "coordinates": [ [ [ [ -6.8417542, 34.0062865 ], [ -6.8408852, 34.0058107 ], [ -6.841765, 34.0049568 ], [ -6.8420278, 34.0049346 ], [ -6.8421459, 34.0050458 ], [ -6.8417221, 34.0056106 ], [ -6.8420868, 34.0058151 ], [ -6.8417542, 34.0062865 ] ] ] ] } },
{ "type": "Feature", "properties": { "full_id": "w449350864", "osm_id": "449350864", "osm_type": "way", "leisure": "garden", "opening_date": null, "fee": null, "access": null, "wikimedia_commons": null, "wikidata": null, "barrier": null, "name": null, "landuse": null }, "geometry": { "type": "MultiPolygon", "coordinates": [ [ [ [ -6.8618628, 34.0105226 ], [ -6.8617327, 34.0106372 ], [ -6.8610639, 34.0101873 ], [ -6.861005, 34.0100626 ], [ -6.8610111, 34.0100441 ], [ -6.8610334, 34.0100357 ], [ -6.86119, 34.0100711 ], [ -6.8618628, 34.0105226 ] ] ] ] } },
{ "type": "Feature", "properties": { "full_id": "w449382588", "osm_id": "449382588", "osm_type": "way", "leisure": "garden", "opening_date": null, "fee": null, "access": null, "wikimedia_commons": null, "wikidata": null, "barrier": null, "name": null, "landuse": null }, "geometry": { "type": "MultiPolygon", "coordinates": [ [ [ [ -6.8519801, 33.9941977 ], [ -6.8519788, 33.9941109 ], [ -6.8524268, 33.9936195 ], [ -6.8523958, 33.9935582 ], [ -6.8515305, 33.9935647 ], [ -6.8515396, 33.9942303 ], [ -6.8516745, 33.9942233 ], [ -6.8518065, 33.9941674 ], [ -6.8518727, 33.9941625 ], [ -6.8519801, 33.9941977 ] ] ] ] } },
{ "type": "Feature", "properties": { "full_id": "w449382589", "osm_id": "449382589", "osm_type": "way", "leisure": "garden", "opening_date": null, "fee": null, "access": null, "wikimedia_commons": null, "wikidata": null, "barrier": null, "name": null, "landuse": null }, "geometry": { "type": "MultiPolygon", "coordinates": [ [ [ [ -6.8512785, 33.9989001 ], [ -6.8512402, 33.9988967 ], [ -6.8512315, 33.998855 ], [ -6.8512456, 33.9987016 ], [ -6.851477, 33.998706 ], [ -6.851487, 33.9987227 ], [ -6.8514783, 33.9987388 ], [ -6.8512785, 33.9989001 ] ] ] ] } },
{ "type": "Feature", "properties": { "full_id": "w451706245", "osm_id": "451706245", "osm_type": "way", "leisure": "garden", "opening_date": null, "fee": null, "access": null, "wikimedia_commons": null, "wikidata": null, "barrier": null, "name": null, "landuse": null }, "geometry": { "type": "MultiPolygon", "coordinates": [ [ [ [ -6.8512835, 34.0026705 ], [ -6.8512816, 34.0026149 ], [ -6.8512851, 34.0025594 ], [ -6.8512942, 34.0025044 ], [ -6.8513086, 34.0024501 ], [ -6.8513408, 34.0023295 ], [ -6.8513892, 34.0021679 ], [ -6.8513912, 34.0021608 ], [ -6.851389, 34.0021541 ], [ -6.8513826, 34.0021496 ], [ -6.8513743, 34.0021487 ], [ -6.8513218, 34.00215 ], [ -6.8512692, 34.0021486 ], [ -6.8512168, 34.0021446 ], [ -6.8511648, 34.0021379 ], [ -6.8511547, 34.0021368 ], [ -6.8511451, 34.0021399 ], [ -6.8511384, 34.0021463 ], [ -6.8511347, 34.0021557 ], [ -6.8511248, 34.002197 ], [ -6.8511197, 34.0022388 ], [ -6.8511195, 34.0022809 ], [ -6.8511242, 34.0023228 ], [ -6.8511337, 34.0023641 ], [ -6.8511479, 34.0024045 ], [ -6.8511779, 34.0024834 ], [ -6.851211, 34.0025552 ], [ -6.851249, 34.0026252 ], [ -6.8512738, 34.0026722 ], [ -6.8512755, 34.0026758 ], [ -6.85128, 34.0026769 ], [ -6.8512837, 34.0026744 ], [ -6.8512835, 34.0026705 ] ] ] ] } },
{ "type": "Feature", "properties": { "full_id": "w451706246", "osm_id": "451706246", "osm_type": "way", "leisure": "garden", "opening_date": null, "fee": null, "access": null, "wikimedia_commons": null, "wikidata": null, "barrier": null, "name": null, "landuse": null }, "geometry": { "type": "MultiPolygon", "coordinates": [ [ [ [ -6.8514042, 34.0026768 ], [ -6.8514121, 34.0027336 ], [ -6.8514252, 34.0027898 ], [ -6.8514433, 34.002845 ], [ -6.8514665, 34.0028989 ], [ -6.8514945, 34.0029512 ], [ -6.8515272, 34.0030015 ], [ -6.8515821, 34.0031126 ], [ -6.851633, 34.0032249 ], [ -6.85168, 34.0033384 ], [ -6.851723, 34.0034529 ], [ -6.8517657, 34.0034283 ], [ -6.8517403, 34.0033386 ], [ -6.8517188, 34.0032483 ], [ -6.8517011, 34.0031575 ], [ -6.8516872, 34.0030661 ], [ -6.851677, 34.0029745 ], [ -6.8516728, 34.0028767 ], [ -6.8516651, 34.002779 ], [ -6.8516537, 34.0026817 ], [ -6.8516386, 34.0025646 ], [ -6.8514042, 34.0026768 ] ] ] ] } },
{ "type": "Feature", "properties": { "full_id": "w451706862", "osm_id": "451706862", "osm_type": "way", "leisure": "garden", "opening_date": null, "fee": null, "access": null, "wikimedia_commons": null, "wikidata": null, "barrier": null, "name": null, "landuse": null }, "geometry": { "type": "MultiPolygon", "coordinates": [ [ [ [ -6.8511133, 34.0017575 ], [ -6.8512094, 34.0017269 ], [ -6.8512473, 34.0017105 ], [ -6.8512801, 34.0016877 ], [ -6.8513061, 34.0016595 ], [ -6.8513241, 34.0016274 ], [ -6.8513495, 34.001574 ], [ -6.8510756, 34.001669 ], [ -6.8511133, 34.0017575 ] ] ] ] } },
{ "type": "Feature", "properties": { "full_id": "w451706863", "osm_id": "451706863", "osm_type": "way", "leisure": "garden", "opening_date": null, "fee": null, "access": null, "wikimedia_commons": null, "wikidata": null, "barrier": null, "name": null, "landuse": null }, "geometry": { "type": "MultiPolygon", "coordinates": [ [ [ [ -6.8509211, 34.0017224 ], [ -6.8509367, 34.0017436 ], [ -6.8509583, 34.0017607 ], [ -6.8509845, 34.0017726 ], [ -6.8510135, 34.0017784 ], [ -6.8510434, 34.0017778 ], [ -6.8510721, 34.0017707 ], [ -6.8510347, 34.0016831 ], [ -6.8509211, 34.0017224 ] ] ] ] } },
{ "type": "Feature", "properties": { "full_id": "w451706864", "osm_id": "451706864", "osm_type": "way", "leisure": "garden", "opening_date": null, "fee": null, "access": null, "wikimedia_commons": null, "wikidata": null, "barrier": null, "name": null, "landuse": null }, "geometry": { "type": "MultiPolygon", "coordinates": [ [ [ [ -6.8509788, 34.0021197 ], [ -6.8510049, 34.0021185 ], [ -6.8510293, 34.0021107 ], [ -6.8510496, 34.002097 ], [ -6.8510638, 34.0020788 ], [ -6.8510705, 34.0020578 ], [ -6.8510691, 34.0020362 ], [ -6.8510597, 34.0020159 ], [ -6.8510431, 34.0019991 ], [ -6.8510211, 34.0019873 ], [ -6.8509958, 34.0019817 ], [ -6.8509697, 34.0019829 ], [ -6.8509453, 34.0019908 ], [ -6.850925, 34.0020045 ], [ -6.8509108, 34.0020227 ], [ -6.8509041, 34.0020437 ], [ -6.8509055, 34.0020653 ], [ -6.850915, 34.0020856 ], [ -6.8509315, 34.0021024 ], [ -6.8509535, 34.0021142 ], [ -6.8509788, 34.0021197 ] ] ] ] } },
{ "type": "Feature", "properties": { "full_id": "w451706865", "osm_id": "451706865", "osm_type": "way", "leisure": "garden", "opening_date": null, "fee": null, "access": null, "wikimedia_commons": null, "wikidata": null, "barrier": null, "name": null, "landuse": null }, "geometry": { "type": "MultiPolygon", "coordinates": [ [ [ [ -6.8514163, 34.0020767 ], [ -6.8514469, 34.0019924 ], [ -6.851475, 34.0019081 ], [ -6.8515, 34.001823 ], [ -6.8515219, 34.0017374 ], [ -6.8515086, 34.0017241 ], [ -6.8514833, 34.0017816 ], [ -6.8514504, 34.0018364 ], [ -6.8514103, 34.0018877 ], [ -6.8513635, 34.0019351 ], [ -6.8513106, 34.0019777 ], [ -6.8512523, 34.0020152 ], [ -6.8511892, 34.002047 ], [ -6.8511804, 34.0020526 ], [ -6.8511756, 34.0020609 ], [ -6.8511757, 34.0020702 ], [ -6.8511808, 34.0020784 ], [ -6.8511897, 34.0020838 ], [ -6.8512007, 34.0020854 ], [ -6.8513899, 34.0020907 ], [ -6.8513986, 34.0020911 ], [ -6.8514069, 34.0020884 ], [ -6.8514132, 34.0020832 ], [ -6.8514163, 34.0020767 ] ] ] ] } },
{ "type": "Feature", "properties": { "full_id": "w451706866", "osm_id": "451706866", "osm_type": "way", "leisure": "garden", "opening_date": null, "fee": null, "access": null, "wikimedia_commons": null, "wikidata": null, "barrier": null, "name": null, "landuse": null }, "geometry": { "type": "MultiPolygon", "coordinates": [ [ [ [ -6.8514786, 34.0021525 ], [ -6.8514717, 34.002153 ], [ -6.8514656, 34.0021557 ], [ -6.8514612, 34.0021602 ], [ -6.8514593, 34.0021657 ], [ -6.8514498, 34.0022099 ], [ -6.8514502, 34.002214 ], [ -6.8514534, 34.002217 ], [ -6.8514581, 34.0022178 ], [ -6.8514625, 34.0022161 ], [ -6.8516064, 34.0021694 ], [ -6.8516123, 34.0021664 ], [ -6.8516142, 34.0021608 ], [ -6.851611, 34.0021557 ], [ -6.8516044, 34.0021538 ], [ -6.8514786, 34.0021525 ] ] ] ] } },
{ "type": "Feature", "properties": { "full_id": "w451706867", "osm_id": "451706867", "osm_type": "way", "leisure": "garden", "opening_date": null, "fee": null, "access": null, "wikimedia_commons": null, "wikidata": null, "barrier": null, "name": null, "landuse": null }, "geometry": { "type": "MultiPolygon", "coordinates": [ [ [ [ -6.8516145, 34.0019328 ], [ -6.851598, 34.0019242 ], [ -6.8515834, 34.0019135 ], [ -6.8515712, 34.0019008 ], [ -6.8515663, 34.0018954 ], [ -6.8515584, 34.0018933 ], [ -6.8515505, 34.0018953 ], [ -6.8515454, 34.0019006 ], [ -6.8514803, 34.0020921 ], [ -6.8516155, 34.002097 ], [ -6.8516112, 34.0020561 ], [ -6.8516095, 34.002015 ], [ -6.8516106, 34.0019739 ], [ -6.8516145, 34.0019328 ] ] ] ] } },
{ "type": "Feature", "properties": { "full_id": "w452722501", "osm_id": "452722501", "osm_type": "way", "leisure": "garden", "opening_date": null, "fee": null, "access": null, "wikimedia_commons": null, "wikidata": null, "barrier": null, "name": null, "landuse": null }, "geometry": { "type": "MultiPolygon", "coordinates": [ [ [ [ -6.8541317, 34.004067 ], [ -6.8541229, 34.0040746 ], [ -6.8541161, 34.0040833 ], [ -6.854115, 34.0040935 ], [ -6.8541198, 34.004103 ], [ -6.8541284, 34.004111 ], [ -6.8542755, 34.0042355 ], [ -6.8546476, 34.0039386 ], [ -6.8545153, 34.0037995 ], [ -6.8544931, 34.0038075 ], [ -6.854472, 34.0038197 ], [ -6.8544954, 34.0038409 ], [ -6.854191, 34.0040729 ], [ -6.8541624, 34.0040947 ], [ -6.8541317, 34.004067 ] ] ] ] } },
{ "type": "Feature", "properties": { "full_id": "w453074756", "osm_id": "453074756", "osm_type": "way", "leisure": "garden", "opening_date": null, "fee": null, "access": null, "wikimedia_commons": null, "wikidata": null, "barrier": null, "name": null, "landuse": null }, "geometry": { "type": "MultiPolygon", "coordinates": [ [ [ [ -6.8431808, 34.000031 ], [ -6.843176, 34.0000667 ], [ -6.8432621, 34.0002887 ], [ -6.8434127, 34.0000826 ], [ -6.8431808, 34.000031 ] ] ] ] } },
{ "type": "Feature", "properties": { "full_id": "w453074757", "osm_id": "453074757", "osm_type": "way", "leisure": "garden", "opening_date": null, "fee": null, "access": null, "wikimedia_commons": null, "wikidata": null, "barrier": null, "name": null, "landuse": null }, "geometry": { "type": "MultiPolygon", "coordinates": [ [ [ [ -6.8432427, 33.9999864 ], [ -6.8432201, 33.9999779 ], [ -6.8432077, 33.9999608 ], [ -6.8432077, 33.9999353 ], [ -6.8432324, 33.9999063 ], [ -6.8434194, 33.9997529 ], [ -6.8435017, 33.9998347 ], [ -6.8436168, 33.9997444 ], [ -6.8436414, 33.9996098 ], [ -6.843732, 33.999625 ], [ -6.8436302, 34.0000308 ], [ -6.8435809, 34.0000385 ], [ -6.8432427, 33.9999864 ] ] ] ] } },
{ "type": "Feature", "properties": { "full_id": "w453074759", "osm_id": "453074759", "osm_type": "way", "leisure": "garden", "opening_date": null, "fee": null, "access": null, "wikimedia_commons": null, "wikidata": null, "barrier": null, "name": null, "landuse": null }, "geometry": { "type": "MultiPolygon", "coordinates": [ [ [ [ -6.8433271, 34.0003323 ], [ -6.8434941, 34.0000803 ], [ -6.8435114, 34.000078 ], [ -6.8435726, 34.0000935 ], [ -6.8435946, 34.0001336 ], [ -6.8434975, 34.0004648 ], [ -6.8433987, 34.0004468 ], [ -6.8434094, 34.0003978 ], [ -6.8433658, 34.0003888 ], [ -6.8433271, 34.0003323 ] ] ] ] } },
{ "type": "Feature", "properties": { "full_id": "w453074760", "osm_id": "453074760", "osm_type": "way", "leisure": "garden", "opening_date": null, "fee": null, "access": null, "wikimedia_commons": null, "wikidata": null, "barrier": null, "name": null, "landuse": null }, "geometry": { "type": "MultiPolygon", "coordinates": [ [ [ [ -6.8431769, 34.0003459 ], [ -6.8429816, 34.0002999 ], [ -6.8430474, 34.0000528 ], [ -6.8430865, 34.0000648 ], [ -6.8431769, 34.0003459 ] ] ] ] } },
{ "type": "Feature", "properties": { "full_id": "w453074761", "osm_id": "453074761", "osm_type": "way", "leisure": "garden", "opening_date": null, "fee": null, "access": null, "wikimedia_commons": null, "wikidata": null, "barrier": null, "name": null, "landuse": null }, "geometry": { "type": "MultiPolygon", "coordinates": [ [ [ [ -6.8427467, 34.0005457 ], [ -6.8427871, 34.000402 ], [ -6.8425297, 34.0003534 ], [ -6.8426396, 34.0000265 ], [ -6.8428771, 34.0000685 ], [ -6.8428891, 34.0000243 ], [ -6.8427711, 33.9999998 ], [ -6.8427987, 33.9998763 ], [ -6.8426939, 33.9999353 ], [ -6.8425911, 33.9999608 ], [ -6.8424214, 34.0004776 ], [ -6.8427467, 34.0005457 ] ] ] ] } },
{ "type": "Feature", "properties": { "full_id": "w453074762", "osm_id": "453074762", "osm_type": "way", "leisure": "garden", "opening_date": null, "fee": null, "access": null, "wikimedia_commons": null, "wikidata": null, "barrier": null, "name": null, "landuse": null }, "geometry": { "type": "MultiPolygon", "coordinates": [ [ [ [ -6.8433105, 33.9992128 ], [ -6.8431563, 33.9992571 ], [ -6.8431933, 33.999102 ], [ -6.843218, 33.999102 ], [ -6.8433105, 33.9992128 ] ] ] ] } },
{ "type": "Feature", "properties": { "full_id": "w453074765", "osm_id": "453074765", "osm_type": "way", "leisure": "garden", "opening_date": null, "fee": null, "access": null, "wikimedia_commons": null, "wikidata": null, "barrier": null, "name": null, "landuse": null }, "geometry": { "type": "MultiPolygon", "coordinates": [ [ [ [ -6.8437022, 33.99903 ], [ -6.8437175, 33.9989435 ], [ -6.8437442, 33.9989435 ], [ -6.843773, 33.9988413 ], [ -6.8437031, 33.9987067 ], [ -6.8436435, 33.998722 ], [ -6.8436291, 33.9986947 ], [ -6.8435851, 33.9987031 ], [ -6.8434852, 33.998722 ], [ -6.8434747, 33.9987757 ], [ -6.843654, 33.9988067 ], [ -6.8436246, 33.9990155 ], [ -6.8437022, 33.99903 ] ] ] ] } },
{ "type": "Feature", "properties": { "full_id": "w453074766", "osm_id": "453074766", "osm_type": "way", "leisure": "garden", "opening_date": null, "fee": null, "access": null, "wikimedia_commons": null, "wikidata": null, "barrier": null, "name": null, "landuse": null }, "geometry": { "type": "MultiPolygon", "coordinates": [ [ [ [ -6.8435749, 33.9991826 ], [ -6.8436476, 33.9991991 ], [ -6.8436579, 33.999148 ], [ -6.8436805, 33.999148 ], [ -6.8436969, 33.9990694 ], [ -6.8436464, 33.999061 ], [ -6.8436371, 33.9991309 ], [ -6.8435875, 33.9991227 ], [ -6.8435749, 33.9991826 ] ] ] ] } },
{ "type": "Feature", "properties": { "full_id": "w453074767", "osm_id": "453074767", "osm_type": "way", "leisure": "garden", "opening_date": null, "fee": null, "access": null, "wikimedia_commons": null, "wikidata": null, "barrier": null, "name": null, "landuse": null }, "geometry": { "type": "MultiPolygon", "coordinates": [ [ [ [ -6.8431375, 33.9990504 ], [ -6.8431851, 33.9988737 ], [ -6.8428727, 33.9988038 ], [ -6.8428362, 33.9988548 ], [ -6.8430017, 33.9989369 ], [ -6.8430433, 33.9989538 ], [ -6.8430125, 33.9990236 ], [ -6.8431375, 33.9990504 ] ] ] ] } },
{ "type": "Feature", "properties": { "full_id": "w453074768", "osm_id": "453074768", "osm_type": "way", "leisure": "garden", "opening_date": null, "fee": null, "access": null, "wikimedia_commons": null, "wikidata": null, "barrier": null, "name": null, "landuse": null }, "geometry": { "type": "MultiPolygon", "coordinates": [ [ [ [ -6.8433208, 33.9991651 ], [ -6.8432447, 33.9990747 ], [ -6.8431975, 33.9990662 ], [ -6.8432427, 33.9988856 ], [ -6.843337, 33.9989013 ], [ -6.8433021, 33.9990392 ], [ -6.8434014, 33.999057 ], [ -6.8433763, 33.9991528 ], [ -6.8433208, 33.9991651 ] ] ] ] } },
{ "type": "Feature", "properties": { "full_id": "w453074769", "osm_id": "453074769", "osm_type": "way", "leisure": "garden", "opening_date": null, "fee": null, "access": null, "wikimedia_commons": null, "wikidata": null, "barrier": null, "name": null, "landuse": null }, "geometry": { "type": "MultiPolygon", "coordinates": [ [ [ [ -6.8427761, 33.9994036 ], [ -6.8430947, 33.9992894 ], [ -6.8431063, 33.999246 ], [ -6.8429776, 33.9992171 ], [ -6.8429631, 33.9992997 ], [ -6.8429293, 33.9992905 ], [ -6.8427323, 33.9993038 ], [ -6.8427761, 33.9994036 ] ] ] ] } },
{ "type": "Feature", "properties": { "full_id": "w453074770", "osm_id": "453074770", "osm_type": "way", "leisure": "garden", "opening_date": null, "fee": null, "access": null, "wikimedia_commons": null, "wikidata": null, "barrier": null, "name": null, "landuse": null }, "geometry": { "type": "MultiPolygon", "coordinates": [ [ [ [ -6.8434617, 33.9994715 ], [ -6.8435463, 33.9994742 ], [ -6.8435429, 33.9993023 ], [ -6.8433692, 33.9992704 ], [ -6.8432326, 33.9993219 ], [ -6.8432541, 33.9993915 ], [ -6.8434658, 33.999375 ], [ -6.8434658, 33.9994172 ], [ -6.8434617, 33.9994715 ] ] ] ] } },
{ "type": "Feature", "properties": { "full_id": "w453074771", "osm_id": "453074771", "osm_type": "way", "leisure": "garden", "opening_date": null, "fee": null, "access": null, "wikimedia_commons": null, "wikidata": null, "barrier": null, "name": null, "landuse": null }, "geometry": { "type": "MultiPolygon", "coordinates": [ [ [ [ -6.8426255, 33.9994066 ], [ -6.8425904, 33.9992629 ], [ -6.842588, 33.9991503 ], [ -6.8426068, 33.9990397 ], [ -6.8426583, 33.9989096 ], [ -6.8426958, 33.9988417 ], [ -6.8425787, 33.9988242 ], [ -6.8424874, 33.9992416 ], [ -6.8425553, 33.9992513 ], [ -6.8425225, 33.9993949 ], [ -6.8426255, 33.9994066 ] ] ] ] } },
{ "type": "Feature", "properties": { "full_id": "w453077597", "osm_id": "453077597", "osm_type": "way", "leisure": "garden", "opening_date": null, "fee": null, "access": null, "wikimedia_commons": null, "wikidata": null, "barrier": null, "name": null, "landuse": null }, "geometry": { "type": "MultiPolygon", "coordinates": [ [ [ [ -6.8431052, 33.9985506 ], [ -6.8431593, 33.9983241 ], [ -6.8429658, 33.9982914 ], [ -6.8428948, 33.9983078 ], [ -6.8428553, 33.9983438 ], [ -6.8428276, 33.9983896 ], [ -6.8428118, 33.9984453 ], [ -6.8428066, 33.998496 ], [ -6.8431052, 33.9985506 ] ] ] ] } },
{ "type": "Feature", "properties": { "full_id": "w453082213", "osm_id": "453082213", "osm_type": "way", "leisure": "garden", "opening_date": null, "fee": null, "access": null, "wikimedia_commons": null, "wikidata": null, "barrier": null, "name": null, "landuse": null }, "geometry": { "type": "MultiPolygon", "coordinates": [ [ [ [ -6.8496254, 33.9832836 ], [ -6.8493787, 33.9815679 ], [ -6.8504085, 33.982053 ], [ -6.8504634, 33.9821167 ], [ -6.8505, 33.9821713 ], [ -6.850522, 33.9822593 ], [ -6.850522, 33.9823169 ], [ -6.8505037, 33.9823746 ], [ -6.8497467, 33.9832747 ], [ -6.8496254, 33.9832836 ] ] ] ] } },
{ "type": "Feature", "properties": { "full_id": "w453082215", "osm_id": "453082215", "osm_type": "way", "leisure": "garden", "opening_date": null, "fee": null, "access": null, "wikimedia_commons": null, "wikidata": null, "barrier": null, "name": null, "landuse": null }, "geometry": { "type": "MultiPolygon", "coordinates": [ [ [ [ -6.8496254, 33.9832836 ], [ -6.8495462, 33.9833482 ], [ -6.8494712, 33.9834094 ], [ -6.8494715, 33.9834948 ], [ -6.8486939, 33.9841425 ], [ -6.8486358, 33.9841736 ], [ -6.8485621, 33.9841891 ], [ -6.8484923, 33.9841847 ], [ -6.8484198, 33.9841585 ], [ -6.8454308, 33.9819608 ], [ -6.8453169, 33.981874 ], [ -6.8475607, 33.9799704 ], [ -6.8483385, 33.9805963 ], [ -6.8484666, 33.9806994 ], [ -6.8489482, 33.9803068 ], [ -6.8490501, 33.9802237 ], [ -6.8491565, 33.9803415 ], [ -6.8492399, 33.9807108 ], [ -6.8492768, 33.9809989 ], [ -6.8493787, 33.9815679 ], [ -6.8496254, 33.9832836 ] ] ] ] } },
{ "type": "Feature", "properties": { "full_id": "w453372457", "osm_id": "453372457", "osm_type": "way", "leisure": "garden", "opening_date": null, "fee": null, "access": null, "wikimedia_commons": null, "wikidata": null, "barrier": null, "name": null, "landuse": null }, "geometry": { "type": "MultiPolygon", "coordinates": [ [ [ [ -6.8384622, 34.0134133 ], [ -6.8384913, 34.0134819 ], [ -6.8385055, 34.0135398 ], [ -6.8385126, 34.0135945 ], [ -6.8385122, 34.0136574 ], [ -6.8384985, 34.013758 ], [ -6.8384711, 34.0138558 ], [ -6.8384521, 34.0139278 ], [ -6.8382402, 34.0136914 ], [ -6.8382107, 34.0136535 ], [ -6.8381701, 34.0136265 ], [ -6.8380776, 34.0136105 ], [ -6.8379311, 34.0134503 ], [ -6.8379019, 34.0134165 ], [ -6.8378789, 34.0133894 ], [ -6.8378532, 34.0133439 ], [ -6.8378217, 34.0132882 ], [ -6.8380114, 34.0132139 ], [ -6.8380744, 34.0132122 ], [ -6.8381482, 34.0132169 ], [ -6.838236, 34.0132339 ], [ -6.8383175, 34.0132657 ], [ -6.8383891, 34.013311 ], [ -6.8384191, 34.0133519 ], [ -6.8384622, 34.0134133 ] ] ] ] } },
{ "type": "Feature", "properties": { "full_id": "w527239193", "osm_id": "527239193", "osm_type": "way", "leisure": "garden", "opening_date": null, "fee": null, "access": null, "wikimedia_commons": null, "wikidata": null, "barrier": null, "name": null, "landuse": null }, "geometry": { "type": "MultiPolygon", "coordinates": [ [ [ [ -6.9064724, 33.9661969 ], [ -6.9064501, 33.9650095 ], [ -6.9064079, 33.9649767 ], [ -6.9062696, 33.9649802 ], [ -6.9047004, 33.9649977 ], [ -6.9047196, 33.9653241 ], [ -6.9043247, 33.9656499 ], [ -6.9048709, 33.9662424 ], [ -6.9064724, 33.9661969 ] ] ] ] } },
{ "type": "Feature", "properties": { "full_id": "w698488098", "osm_id": "698488098", "osm_type": "way", "leisure": "garden", "opening_date": null, "fee": null, "access": null, "wikimedia_commons": null, "wikidata": null, "barrier": null, "name": null, "landuse": null }, "geometry": { "type": "MultiPolygon", "coordinates": [ [ [ [ -6.830616, 34.0181392 ], [ -6.8308399, 34.0181774 ], [ -6.8308513, 34.018177 ], [ -6.8308612, 34.0181724 ], [ -6.8308675, 34.0181646 ], [ -6.8308689, 34.0181552 ], [ -6.830865, 34.0181464 ], [ -6.8307487, 34.0179729 ], [ -6.8307393, 34.017962 ], [ -6.8307253, 34.0179554 ], [ -6.8307093, 34.0179542 ], [ -6.8306941, 34.0179585 ], [ -6.8306824, 34.0179678 ], [ -6.8306574, 34.0179924 ], [ -6.8306311, 34.0180217 ], [ -6.8306093, 34.0180535 ], [ -6.8305905, 34.0180872 ], [ -6.8305862, 34.0180991 ], [ -6.830586, 34.018112 ], [ -6.8305915, 34.018124 ], [ -6.830602, 34.0181336 ], [ -6.830616, 34.0181392 ] ] ] ] } },
{ "type": "Feature", "properties": { "full_id": "w699373303", "osm_id": "699373303", "osm_type": "way", "leisure": "garden", "opening_date": null, "fee": null, "access": "private", "wikimedia_commons": null, "wikidata": null, "barrier": null, "name": null, "landuse": null }, "geometry": { "type": "MultiPolygon", "coordinates": [ [ [ [ -6.8260215, 34.0114169 ], [ -6.8259974, 34.0114614 ], [ -6.8259652, 34.0114925 ], [ -6.8258981, 34.0114969 ], [ -6.825874, 34.0114702 ], [ -6.8258472, 34.0114191 ], [ -6.8258257, 34.0113346 ], [ -6.8257935, 34.0112235 ], [ -6.8257613, 34.0111078 ], [ -6.8257345, 34.0109789 ], [ -6.8257211, 34.0108722 ], [ -6.8257801, 34.0106965 ], [ -6.8258901, 34.0104453 ], [ -6.8259357, 34.0103808 ], [ -6.8259652, 34.010343 ], [ -6.826, 34.0103363 ], [ -6.8260751, 34.0103563 ], [ -6.8260993, 34.0103185 ], [ -6.8260537, 34.010303 ], [ -6.8260322, 34.010283 ], [ -6.8260161, 34.0102452 ], [ -6.8260444, 34.0101564 ], [ -6.826544, 34.0095434 ], [ -6.8266632, 34.0094558 ], [ -6.8278253, 34.0102689 ], [ -6.8260215, 34.0114169 ] ] ] ] } },
{ "type": "Feature", "properties": { "full_id": "w704602218", "osm_id": "704602218", "osm_type": "way", "leisure": "garden", "opening_date": null, "fee": null, "access": null, "wikimedia_commons": null, "wikidata": null, "barrier": null, "name": null, "landuse": null }, "geometry": { "type": "MultiPolygon", "coordinates": [ [ [ [ -6.8348731, 33.997969 ], [ -6.8348364, 33.9979417 ], [ -6.8348158, 33.9979441 ], [ -6.8347846, 33.997934 ], [ -6.8347514, 33.9979296 ], [ -6.8347181, 33.9979288 ], [ -6.8346849, 33.9979305 ], [ -6.8346325, 33.9979387 ], [ -6.8346196, 33.9979422 ], [ -6.834608, 33.9979482 ], [ -6.8345991, 33.9979561 ], [ -6.834566, 33.9979882 ], [ -6.8345593, 33.9979913 ], [ -6.8345511, 33.9979885 ], [ -6.8345133, 33.9979563 ], [ -6.8344861, 33.9979286 ], [ -6.8344619, 33.9978991 ], [ -6.8344329, 33.9978616 ], [ -6.8344075, 33.9978224 ], [ -6.834383, 33.9977771 ], [ -6.8343627, 33.9977304 ], [ -6.8343325, 33.9976704 ], [ -6.8343117, 33.9976089 ], [ -6.8342993, 33.9975451 ], [ -6.8342959, 33.9974805 ], [ -6.8342979, 33.9974265 ], [ -6.8343052, 33.9973728 ], [ -6.8343203, 33.9973115 ], [ -6.8343423, 33.9972516 ], [ -6.834359, 33.9972003 ], [ -6.834381, 33.9971503 ], [ -6.8344099, 33.9970994 ], [ -6.8344443, 33.9970508 ], [ -6.8344945, 33.9970033 ], [ -6.8343281, 33.9969685 ], [ -6.8342365, 33.9971897 ], [ -6.8341953, 33.9972785 ], [ -6.8341481, 33.9973652 ], [ -6.8340832, 33.9974665 ], [ -6.8340036, 33.9975965 ], [ -6.833916, 33.9977229 ], [ -6.8338208, 33.9978455 ], [ -6.8337119, 33.9979704 ], [ -6.833595, 33.9980902 ], [ -6.8334704, 33.9982046 ], [ -6.8333385, 33.9983131 ], [ -6.8329784, 33.9986044 ], [ -6.8332708, 33.9988604 ], [ -6.8332618, 33.9988663 ], [ -6.833313, 33.9989197 ], [ -6.8332631, 33.9989526 ], [ -6.8332119, 33.9988993 ], [ -6.8331672, 33.9989282 ], [ -6.8323457, 33.9995787 ], [ -6.8322212, 33.9996772 ], [ -6.8322649, 33.9997161 ], [ -6.8330412, 33.9990972 ], [ -6.8330494, 33.9990954 ], [ -6.8330564, 33.9990985 ], [ -6.8332471, 33.9992715 ], [ -6.8333276, 33.9992087 ], [ -6.8333478, 33.9992249 ], [ -6.8334787, 33.9991241 ], [ -6.8334596, 33.9991042 ], [ -6.8335774, 33.9990124 ], [ -6.8335933, 33.9990259 ], [ -6.833728, 33.9989188 ], [ -6.83371, 33.9989056 ], [ -6.8338328, 33.9988125 ], [ -6.833848, 33.9988269 ], [ -6.8339844, 33.9987193 ], [ -6.8339681, 33.9987053 ], [ -6.8340444, 33.9986415 ], [ -6.8337591, 33.9983986 ], [ -6.8341732, 33.9980676 ], [ -6.8344738, 33.9983046 ], [ -6.8348731, 33.997969 ] ] ] ] } },
{ "type": "Feature", "properties": { "full_id": "w765643123", "osm_id": "765643123", "osm_type": "way", "leisure": "garden", "opening_date": null, "fee": null, "access": "private", "wikimedia_commons": null, "wikidata": null, "barrier": null, "name": null, "landuse": null }, "geometry": { "type": "MultiPolygon", "coordinates": [ [ [ [ -6.8571818, 33.9933125 ], [ -6.8575354, 33.9927361 ], [ -6.8577688, 33.9927962 ], [ -6.8575891, 33.9932832 ], [ -6.8577727, 33.9933293 ], [ -6.8577396, 33.9934207 ], [ -6.8581852, 33.9935318 ], [ -6.8582261, 33.993419 ], [ -6.8582591, 33.9934273 ], [ -6.8583199, 33.9932595 ], [ -6.8581178, 33.9932092 ], [ -6.8581816, 33.9930333 ], [ -6.8582545, 33.9930515 ], [ -6.8584608, 33.9930964 ], [ -6.858453, 33.9931168 ], [ -6.8584143, 33.9932194 ], [ -6.8587854, 33.9933116 ], [ -6.8587343, 33.9934466 ], [ -6.8585184, 33.9933977 ], [ -6.8583779, 33.9937786 ], [ -6.8571157, 33.9934411 ], [ -6.8571602, 33.9933597 ], [ -6.8574161, 33.9934402 ], [ -6.8575568, 33.993133 ], [ -6.8574032, 33.9930847 ], [ -6.8572841, 33.9933447 ], [ -6.8571818, 33.9933125 ] ] ] ] } },
{ "type": "Feature", "properties": { "full_id": "w765784484", "osm_id": "765784484", "osm_type": "way", "leisure": "garden", "opening_date": null, "fee": null, "access": "yes", "wikimedia_commons": null, "wikidata": null, "barrier": null, "name": null, "landuse": null }, "geometry": { "type": "MultiPolygon", "coordinates": [ [ [ [ -6.8431086, 34.008751 ], [ -6.8431334, 34.0087238 ], [ -6.8431615, 34.008699 ], [ -6.8431927, 34.0086767 ], [ -6.8432249, 34.0086479 ], [ -6.8432533, 34.0086165 ], [ -6.8432774, 34.0085827 ], [ -6.8433693, 34.0084504 ], [ -6.8434437, 34.008334 ], [ -6.8435117, 34.0082149 ], [ -6.8435732, 34.0080933 ], [ -6.843628, 34.0079697 ], [ -6.8436761, 34.0078441 ], [ -6.8437173, 34.0077168 ], [ -6.8437516, 34.0075881 ], [ -6.8437789, 34.0074583 ], [ -6.8437993, 34.0073259 ], [ -6.8437353, 34.0073513 ], [ -6.8433838, 34.0072259 ], [ -6.8430104, 34.0070855 ], [ -6.8429142, 34.0072105 ], [ -6.8429476, 34.0072288 ], [ -6.8430159, 34.0072294 ], [ -6.8430787, 34.0072429 ], [ -6.8431386, 34.0072635 ], [ -6.8431945, 34.0072909 ], [ -6.8432452, 34.0073243 ], [ -6.8432899, 34.0073633 ], [ -6.8433277, 34.007407 ], [ -6.8433577, 34.0074547 ], [ -6.8433754, 34.0075108 ], [ -6.8434656, 34.0075668 ], [ -6.8434578, 34.007623 ], [ -6.8434399, 34.0076776 ], [ -6.8434122, 34.0077293 ], [ -6.8433755, 34.007777 ], [ -6.8432647, 34.0079039 ], [ -6.8432835, 34.0079152 ], [ -6.8432551, 34.0079477 ], [ -6.8432363, 34.0079364 ], [ -6.8431035, 34.0080885 ], [ -6.8431223, 34.0080998 ], [ -6.8430945, 34.0081316 ], [ -6.8430799, 34.0081227 ], [ -6.8429465, 34.0082755 ], [ -6.8429637, 34.0082859 ], [ -6.8429355, 34.0083182 ], [ -6.8429182, 34.0083078 ], [ -6.8428459, 34.0083906 ], [ -6.8428769, 34.0084092 ], [ -6.8428593, 34.0084293 ], [ -6.8427276, 34.0083503 ], [ -6.8427214, 34.0083662 ], [ -6.8427229, 34.0083851 ], [ -6.842733, 34.0084041 ], [ -6.8427478, 34.0084208 ], [ -6.8427666, 34.0084345 ], [ -6.8427885, 34.0084445 ], [ -6.8428125, 34.0084504 ], [ -6.8428431, 34.0084553 ], [ -6.8428769, 34.0084683 ], [ -6.8429074, 34.0084857 ], [ -6.8429336, 34.0085074 ], [ -6.8429547, 34.0085327 ], [ -6.8429701, 34.0085607 ], [ -6.8429791, 34.0085904 ], [ -6.8429983, 34.0086283 ], [ -6.8430216, 34.0086644 ], [ -6.8430494, 34.0086982 ], [ -6.8430815, 34.0087293 ], [ -6.8431086, 34.008751 ] ] ] ] } },
{ "type": "Feature", "properties": { "full_id": "w766753621", "osm_id": "766753621", "osm_type": "way", "leisure": "garden", "opening_date": null, "fee": null, "access": null, "wikimedia_commons": null, "wikidata": null, "barrier": null, "name": null, "landuse": null }, "geometry": { "type": "MultiPolygon", "coordinates": [ [ [ [ -6.8557537, 33.9919319 ], [ -6.8558463, 33.9919935 ], [ -6.8556176, 33.9921315 ], [ -6.8555901, 33.9921087 ], [ -6.8557537, 33.9919319 ] ] ] ] } },
{ "type": "Feature", "properties": { "full_id": "w766753622", "osm_id": "766753622", "osm_type": "way", "leisure": "garden", "opening_date": null, "fee": null, "access": null, "wikimedia_commons": null, "wikidata": null, "barrier": null, "name": null, "landuse": null }, "geometry": { "type": "MultiPolygon", "coordinates": [ [ [ [ -6.85348, 33.9934293 ], [ -6.8534719, 33.993582 ], [ -6.8535077, 33.9937468 ], [ -6.8535228, 33.9937538 ], [ -6.8538773, 33.9933817 ], [ -6.8538766, 33.9933426 ], [ -6.8536381, 33.9931664 ], [ -6.8535492, 33.9933087 ], [ -6.8535443, 33.9933291 ], [ -6.8535768, 33.9933292 ], [ -6.8535741, 33.9934293 ], [ -6.85348, 33.9934293 ] ] ] ] } },
{ "type": "Feature", "properties": { "full_id": "w766753624", "osm_id": "766753624", "osm_type": "way", "leisure": "garden", "opening_date": null, "fee": null, "access": null, "wikimedia_commons": null, "wikidata": null, "barrier": null, "name": null, "landuse": null }, "geometry": { "type": "MultiPolygon", "coordinates": [ [ [ [ -6.8529661, 33.9943618 ], [ -6.8534601, 33.993774 ], [ -6.8533566, 33.993711 ], [ -6.8532835, 33.9936749 ], [ -6.8531678, 33.9936334 ], [ -6.8530603, 33.9936088 ], [ -6.8530387, 33.9938073 ], [ -6.8530201, 33.9939833 ], [ -6.8525946, 33.9939535 ], [ -6.852611, 33.993816 ], [ -6.8525806, 33.9937999 ], [ -6.8525305, 33.9936976 ], [ -6.852182, 33.9940887 ], [ -6.8529706, 33.9940954 ], [ -6.8529639, 33.9942166 ], [ -6.8529661, 33.9943618 ] ] ] ] } },
{ "type": "Feature", "properties": { "full_id": "w837345506", "osm_id": "837345506", "osm_type": "way", "leisure": "garden", "opening_date": null, "fee": null, "access": null, "wikimedia_commons": null, "wikidata": null, "barrier": null, "name": null, "landuse": null }, "geometry": { "type": "MultiPolygon", "coordinates": [ [ [ [ -6.8732396, 33.9497696 ], [ -6.8732235, 33.9495596 ], [ -6.8730573, 33.949564 ], [ -6.873087, 33.94978 ], [ -6.8732396, 33.9497696 ] ] ] ] } },
{ "type": "Feature", "properties": { "full_id": "w889565956", "osm_id": "889565956", "osm_type": "way", "leisure": "garden", "opening_date": "2021", "fee": null, "access": null, "wikimedia_commons": null, "wikidata": null, "barrier": null, "name": null, "landuse": null }, "geometry": { "type": "MultiPolygon", "coordinates": [ [ [ [ -6.8224156, 33.9655916 ], [ -6.8231007, 33.9654583 ], [ -6.8232615, 33.9660144 ], [ -6.8226275, 33.9661401 ], [ -6.8224156, 33.9655916 ] ] ] ] } },
{ "type": "Feature", "properties": { "full_id": "w897884274", "osm_id": "897884274", "osm_type": "way", "leisure": "garden", "opening_date": null, "fee": null, "access": null, "wikimedia_commons": null, "wikidata": null, "barrier": null, "name": null, "landuse": null }, "geometry": { "type": "MultiPolygon", "coordinates": [ [ [ [ -6.8525051, 33.9865943 ], [ -6.8524857, 33.9865639 ], [ -6.8524712, 33.9865316 ], [ -6.8524618, 33.9864981 ], [ -6.8524576, 33.9864638 ], [ -6.8524588, 33.9864294 ], [ -6.8524654, 33.9863954 ], [ -6.8524063, 33.9863298 ], [ -6.8523912, 33.986316 ], [ -6.8523714, 33.986307 ], [ -6.8523493, 33.9863037 ], [ -6.852327, 33.9863066 ], [ -6.8523071, 33.9863153 ], [ -6.8520831, 33.9864743 ], [ -6.8520612, 33.9864949 ], [ -6.8520452, 33.986519 ], [ -6.8520358, 33.9865453 ], [ -6.8520335, 33.9865727 ], [ -6.852035, 33.9865979 ], [ -6.8520436, 33.9866221 ], [ -6.8520588, 33.986644 ], [ -6.8520772, 33.9866619 ], [ -6.852289, 33.9868435 ], [ -6.8525051, 33.9865943 ] ] ] ] } },
{ "type": "Feature", "properties": { "full_id": "w975731693", "osm_id": "975731693", "osm_type": "way", "leisure": "garden", "opening_date": null, "fee": null, "access": null, "wikimedia_commons": null, "wikidata": null, "barrier": null, "name": null, "landuse": null }, "geometry": { "type": "MultiPolygon", "coordinates": [ [ [ [ -6.8749528, 33.9701883 ], [ -6.8748947, 33.970261 ], [ -6.8746625, 33.9701144 ], [ -6.8747244, 33.9700374 ], [ -6.8749528, 33.9701883 ] ] ] ] } },
{ "type": "Feature", "properties": { "full_id": "w975731694", "osm_id": "975731694", "osm_type": "way", "leisure": "garden", "opening_date": null, "fee": null, "access": null, "wikimedia_commons": null, "wikidata": null, "barrier": null, "name": null, "landuse": null }, "geometry": { "type": "MultiPolygon", "coordinates": [ [ [ [ -6.8748664, 33.970291 ], [ -6.8748044, 33.9703637 ], [ -6.8745761, 33.9702182 ], [ -6.8746354, 33.9701476 ], [ -6.8748664, 33.970291 ] ] ] ] } },
{ "type": "Feature", "properties": { "full_id": "w975731695", "osm_id": "975731695", "osm_type": "way", "leisure": "garden", "opening_date": null, "fee": null, "access": null, "wikimedia_commons": null, "wikidata": null, "barrier": null, "name": null, "landuse": null }, "geometry": { "type": "MultiPolygon", "coordinates": [ [ [ [ -6.8750934, 33.9702813 ], [ -6.8749464, 33.9704504 ], [ -6.8748483, 33.9703883 ], [ -6.874998, 33.9702171 ], [ -6.8750934, 33.9702813 ] ] ] ] } },
{ "type": "Feature", "properties": { "full_id": "w975731696", "osm_id": "975731696", "osm_type": "way", "leisure": "garden", "opening_date": null, "fee": null, "access": null, "wikimedia_commons": null, "wikidata": null, "barrier": null, "name": null, "landuse": null }, "geometry": { "type": "MultiPolygon", "coordinates": [ [ [ [ -6.8749206, 33.9704814 ], [ -6.8748225, 33.9704183 ], [ -6.8746716, 33.9705906 ], [ -6.8747657, 33.9706515 ], [ -6.8749206, 33.9704814 ] ] ] ] } },
{ "type": "Feature", "properties": { "full_id": "w975731697", "osm_id": "975731697", "osm_type": "way", "leisure": "garden", "opening_date": null, "fee": null, "access": null, "wikimedia_commons": null, "wikidata": null, "barrier": null, "name": null, "landuse": null }, "geometry": { "type": "MultiPolygon", "coordinates": [ [ [ [ -6.8746457, 33.9706216 ], [ -6.8744883, 33.9707928 ], [ -6.8745864, 33.9708559 ], [ -6.8747438, 33.9706804 ], [ -6.8746457, 33.9706216 ] ] ] ] } },
{ "type": "Feature", "properties": { "full_id": "w975731698", "osm_id": "975731698", "osm_type": "way", "leisure": "garden", "opening_date": null, "fee": null, "access": null, "wikimedia_commons": null, "wikidata": null, "barrier": null, "name": null, "landuse": null }, "geometry": { "type": "MultiPolygon", "coordinates": [ [ [ [ -6.8744445, 33.9707682 ], [ -6.8745064, 33.9706943 ], [ -6.8742858, 33.9705542 ], [ -6.8742174, 33.9706269 ], [ -6.8744445, 33.9707682 ] ] ] ] } },
{ "type": "Feature", "properties": { "full_id": "w975731699", "osm_id": "975731699", "osm_type": "way", "leisure": "garden", "opening_date": null, "fee": null, "access": null, "wikimedia_commons": null, "wikidata": null, "barrier": null, "name": null, "landuse": null }, "geometry": { "type": "MultiPolygon", "coordinates": [ [ [ [ -6.8745993, 33.9705906 ], [ -6.8745348, 33.9706622 ], [ -6.8743103, 33.9705232 ], [ -6.8743774, 33.9704483 ], [ -6.8745993, 33.9705906 ] ] ] ] } },
{ "type": "Feature", "properties": { "full_id": "w975731700", "osm_id": "975731700", "osm_type": "way", "leisure": "garden", "opening_date": null, "fee": null, "access": null, "wikimedia_commons": null, "wikidata": null, "barrier": null, "name": null, "landuse": null }, "geometry": { "type": "MultiPolygon", "coordinates": [ [ [ [ -6.8747799, 33.9703873 ], [ -6.8747128, 33.9704654 ], [ -6.8745941, 33.9703851 ], [ -6.8746148, 33.9703594 ], [ -6.8745271, 33.9703038 ], [ -6.8745025, 33.9703273 ], [ -6.8744858, 33.9703156 ], [ -6.8745503, 33.970245 ], [ -6.8747799, 33.9703873 ] ] ] ] } },
{ "type": "Feature", "properties": { "full_id": "w975731701", "osm_id": "975731701", "osm_type": "way", "leisure": "garden", "opening_date": null, "fee": null, "access": null, "wikimedia_commons": null, "wikidata": null, "barrier": null, "name": null, "landuse": null }, "geometry": { "type": "MultiPolygon", "coordinates": [ [ [ [ -6.8746883, 33.9704911 ], [ -6.8746251, 33.9705681 ], [ -6.874398, 33.9704247 ], [ -6.8744613, 33.970353 ], [ -6.8744767, 33.9703616 ], [ -6.8744574, 33.9703841 ], [ -6.8745464, 33.9704397 ], [ -6.8745709, 33.9704151 ], [ -6.8746883, 33.9704911 ] ] ] ] } },
{ "type": "Feature", "properties": { "full_id": "w1006957918", "osm_id": "1006957918", "osm_type": "way", "leisure": "garden", "opening_date": null, "fee": null, "access": null, "wikimedia_commons": null, "wikidata": null, "barrier": null, "name": null, "landuse": null }, "geometry": { "type": "MultiPolygon", "coordinates": [ [ [ [ -6.899684, 33.9708963 ], [ -6.8996035, 33.9702031 ], [ -6.8994828, 33.9702404 ], [ -6.8993916, 33.9703088 ], [ -6.8993466, 33.9703707 ], [ -6.8993205, 33.9704549 ], [ -6.8993162, 33.9705338 ], [ -6.8993335, 33.970626 ], [ -6.8993968, 33.9707428 ], [ -6.8994816, 33.970833 ], [ -6.8995855, 33.9708825 ], [ -6.899684, 33.9708963 ] ] ] ] } },
{ "type": "Feature", "properties": { "full_id": "w1015850459", "osm_id": "1015850459", "osm_type": "way", "leisure": "garden", "opening_date": null, "fee": null, "access": null, "wikimedia_commons": null, "wikidata": null, "barrier": null, "name": null, "landuse": null }, "geometry": { "type": "MultiPolygon", "coordinates": [ [ [ [ -6.8723411, 33.9692257 ], [ -6.8721127, 33.9694766 ], [ -6.8720033, 33.9694081 ], [ -6.8718696, 33.969555 ], [ -6.871991, 33.969631 ], [ -6.8718072, 33.969833 ], [ -6.8722018, 33.9700799 ], [ -6.8721733, 33.9701112 ], [ -6.8716398, 33.9701449 ], [ -6.8713282, 33.9699497 ], [ -6.872116, 33.9690847 ], [ -6.8723411, 33.9692257 ] ] ] ] } },
{ "type": "Feature", "properties": { "full_id": "w1016616200", "osm_id": "1016616200", "osm_type": "way", "leisure": "garden", "opening_date": null, "fee": null, "access": null, "wikimedia_commons": null, "wikidata": null, "barrier": null, "name": null, "landuse": null }, "geometry": { "type": "MultiPolygon", "coordinates": [ [ [ [ -6.8765759, 33.9693485 ], [ -6.8770393, 33.968732 ], [ -6.8771407, 33.9687844 ], [ -6.8773212, 33.9685444 ], [ -6.8773313, 33.9684855 ], [ -6.8763424, 33.968454 ], [ -6.8763074, 33.9692097 ], [ -6.8765759, 33.9693485 ] ] ] ] } },
{ "type": "Feature", "properties": { "full_id": "w1016616220", "osm_id": "1016616220", "osm_type": "way", "leisure": "garden", "opening_date": null, "fee": null, "access": null, "wikimedia_commons": null, "wikidata": null, "barrier": null, "name": null, "landuse": null }, "geometry": { "type": "MultiPolygon", "coordinates": [ [ [ [ -6.8704107, 33.9708118 ], [ -6.8701836, 33.9710712 ], [ -6.8697546, 33.970813 ], [ -6.8698441, 33.9707108 ], [ -6.8699878, 33.9707973 ], [ -6.8701255, 33.9706401 ], [ -6.8704107, 33.9708118 ] ] ] ] } },
{ "type": "Feature", "properties": { "full_id": "w1019778499", "osm_id": "1019778499", "osm_type": "way", "leisure": "garden", "opening_date": null, "fee": null, "access": null, "wikimedia_commons": null, "wikidata": null, "barrier": null, "name": null, "landuse": null }, "geometry": { "type": "MultiPolygon", "coordinates": [ [ [ [ -6.8967564, 33.9657444 ], [ -6.8969737, 33.9657427 ], [ -6.8970273, 33.9660775 ], [ -6.8971856, 33.9660463 ], [ -6.8971024, 33.9657416 ], [ -6.897207, 33.9657555 ], [ -6.8973197, 33.9658022 ], [ -6.8974216, 33.9658556 ], [ -6.8974833, 33.9658956 ], [ -6.8976067, 33.9658534 ], [ -6.8976442, 33.9658467 ], [ -6.8976818, 33.9658556 ], [ -6.8980063, 33.9661114 ], [ -6.8977113, 33.9663717 ], [ -6.8976362, 33.9663049 ], [ -6.8977033, 33.9662538 ], [ -6.8976845, 33.9659824 ], [ -6.8975879, 33.9659112 ], [ -6.8975477, 33.9659201 ], [ -6.8973143, 33.9659112 ], [ -6.8972821, 33.965889 ], [ -6.8971936, 33.9659713 ], [ -6.8972111, 33.9660163 ], [ -6.897207, 33.9661976 ], [ -6.8972218, 33.9662121 ], [ -6.8971802, 33.9662293 ], [ -6.8971641, 33.9662516 ], [ -6.8971266, 33.9662249 ], [ -6.8966545, 33.9666342 ], [ -6.8966947, 33.9666653 ], [ -6.8966733, 33.9666809 ], [ -6.8963648, 33.9666876 ], [ -6.8963219, 33.9666625 ], [ -6.8962549, 33.9663978 ], [ -6.8961946, 33.9664122 ], [ -6.895974, 33.9664388 ], [ -6.8958398, 33.9664632 ], [ -6.8958615, 33.9665454 ], [ -6.8959681, 33.966526 ], [ -6.8960062, 33.9666702 ], [ -6.8959553, 33.9667436 ], [ -6.8958583, 33.9667645 ], [ -6.8958487, 33.9667339 ], [ -6.8956955, 33.9667669 ], [ -6.8957047, 33.9667964 ], [ -6.8956093, 33.966817 ], [ -6.8955181, 33.9667614 ], [ -6.8954811, 33.9666254 ], [ -6.8955615, 33.9666103 ], [ -6.8955383, 33.966525 ], [ -6.8954161, 33.9665478 ], [ -6.8953679, 33.9666101 ], [ -6.8952691, 33.9663517 ], [ -6.8953389, 33.9663895 ], [ -6.8954731, 33.9663651 ], [ -6.8954514, 33.9662829 ], [ -6.8953448, 33.9663023 ], [ -6.8953067, 33.9661581 ], [ -6.8953577, 33.9660847 ], [ -6.8954546, 33.9660638 ], [ -6.8954642, 33.9660943 ], [ -6.8956174, 33.9660614 ], [ -6.8956082, 33.9660318 ], [ -6.8957037, 33.9660113 ], [ -6.8957949, 33.9660669 ], [ -6.8958318, 33.9662029 ], [ -6.8957514, 33.9662179 ], [ -6.8957746, 33.9663033 ], [ -6.8958968, 33.9662805 ], [ -6.8959451, 33.9662182 ], [ -6.8958753, 33.9659579 ], [ -6.8957949, 33.9659179 ], [ -6.8959357, 33.9658956 ], [ -6.8959652, 33.9659029 ], [ -6.8960651, 33.9662747 ], [ -6.8962309, 33.9662441 ], [ -6.8963005, 33.966216 ], [ -6.8964347, 33.9661916 ], [ -6.896413, 33.9661094 ], [ -6.8963063, 33.9661288 ], [ -6.8962683, 33.9659846 ], [ -6.8963192, 33.9659112 ], [ -6.8964162, 33.9658903 ], [ -6.8964258, 33.9659208 ], [ -6.896579, 33.9658878 ], [ -6.8965697, 33.9658583 ], [ -6.8966652, 33.9658378 ], [ -6.8967564, 33.9658934 ], [ -6.8967934, 33.9660294 ], [ -6.896713, 33.9660444 ], [ -6.8967362, 33.9661298 ], [ -6.8968584, 33.966107 ], [ -6.8969066, 33.9660447 ], [ -6.8968369, 33.9657844 ], [ -6.8967564, 33.9657444 ] ] ] ] } },
{ "type": "Feature", "properties": { "full_id": "w1020048369", "osm_id": "1020048369", "osm_type": "way", "leisure": "garden", "opening_date": null, "fee": null, "access": null, "wikimedia_commons": null, "wikidata": null, "barrier": null, "name": null, "landuse": null }, "geometry": { "type": "MultiPolygon", "coordinates": [ [ [ [ -6.8996058, 33.9687285 ], [ -6.8996929, 33.968802 ], [ -6.8997037, 33.9689265 ], [ -6.8995146, 33.9690889 ], [ -6.8993402, 33.9690945 ], [ -6.8992597, 33.9690188 ], [ -6.8996058, 33.9687285 ] ] ] ] } },
{ "type": "Feature", "properties": { "full_id": "w1021185015", "osm_id": "1021185015", "osm_type": "way", "leisure": "garden", "opening_date": null, "fee": null, "access": null, "wikimedia_commons": null, "wikidata": null, "barrier": null, "name": null, "landuse": null }, "geometry": { "type": "MultiPolygon", "coordinates": [ [ [ [ -6.9000778, 33.9683515 ], [ -6.9001462, 33.9684138 ], [ -6.9001395, 33.9685806 ], [ -6.8999598, 33.9687196 ], [ -6.8997948, 33.9687196 ], [ -6.8997076, 33.9686444 ], [ -6.9000778, 33.9683515 ] ] ] ] } },
{ "type": "Feature", "properties": { "full_id": "w1028787153", "osm_id": "1028787153", "osm_type": "way", "leisure": "garden", "opening_date": null, "fee": null, "access": null, "wikimedia_commons": null, "wikidata": null, "barrier": null, "name": null, "landuse": null }, "geometry": { "type": "MultiPolygon", "coordinates": [ [ [ [ -6.8699105, 33.9581548 ], [ -6.8699753, 33.958098 ], [ -6.8697025, 33.9578837 ], [ -6.8696377, 33.9579405 ], [ -6.8699105, 33.9581548 ] ] ] ] } },
{ "type": "Feature", "properties": { "full_id": "w1101852424", "osm_id": "1101852424", "osm_type": "way", "leisure": "garden", "opening_date": null, "fee": null, "access": null, "wikimedia_commons": null, "wikidata": null, "barrier": null, "name": null, "landuse": null }, "geometry": { "type": "MultiPolygon", "coordinates": [ [ [ [ -6.8202406, 34.0248547 ], [ -6.820379, 34.0247982 ], [ -6.8204356, 34.0247712 ], [ -6.8204774, 34.02473 ], [ -6.8205059, 34.0246816 ], [ -6.8205193, 34.0246289 ], [ -6.8205169, 34.0245751 ], [ -6.8204864, 34.0243635 ], [ -6.8204103, 34.0243445 ], [ -6.8203666, 34.0243236 ], [ -6.8203282, 34.0242966 ], [ -6.8202961, 34.0242643 ], [ -6.8202716, 34.0242278 ], [ -6.8202345, 34.0241669 ], [ -6.8201866, 34.0241113 ], [ -6.8201307, 34.0240609 ], [ -6.8200832, 34.02402 ], [ -6.8200441, 34.0239733 ], [ -6.8200144, 34.0239221 ], [ -6.8199949, 34.0238677 ], [ -6.8199859, 34.0238114 ], [ -6.8199933, 34.0237548 ], [ -6.8200062, 34.0237081 ], [ -6.820015, 34.0236596 ], [ -6.8200144, 34.0236106 ], [ -6.8200046, 34.0235623 ], [ -6.8199857, 34.0235159 ], [ -6.8199787, 34.0234824 ], [ -6.8199767, 34.0234485 ], [ -6.8199796, 34.0234147 ], [ -6.8199782, 34.0234068 ], [ -6.819973, 34.0233984 ], [ -6.8199381, 34.0233454 ], [ -6.8199193, 34.0233114 ], [ -6.8199048, 34.023276 ], [ -6.8198948, 34.0232395 ], [ -6.8198892, 34.0232024 ], [ -6.8198883, 34.023165 ], [ -6.8198947, 34.023119 ], [ -6.8198936, 34.0231132 ], [ -6.8198904, 34.0231075 ], [ -6.819872, 34.0230907 ], [ -6.819855, 34.0230704 ], [ -6.8198413, 34.0230485 ], [ -6.8198313, 34.0230252 ], [ -6.819825, 34.0230011 ], [ -6.8198226, 34.0229771 ], [ -6.8198054, 34.0229732 ], [ -6.8197869, 34.0229667 ], [ -6.8197711, 34.0229565 ], [ -6.8197589, 34.0229433 ], [ -6.819751, 34.022928 ], [ -6.8197398, 34.0228812 ], [ -6.818293, 34.0232222 ], [ -6.8182092, 34.0232357 ], [ -6.8181245, 34.0232439 ], [ -6.8180393, 34.0232468 ], [ -6.817954, 34.0232445 ], [ -6.8166941, 34.0231125 ], [ -6.8166562, 34.023111 ], [ -6.8166191, 34.0231176 ], [ -6.8165854, 34.023132 ], [ -6.8165573, 34.0231531 ], [ -6.8158637, 34.0242022 ], [ -6.8158362, 34.0242553 ], [ -6.8158218, 34.0243119 ], [ -6.8158213, 34.0243697 ], [ -6.8158345, 34.0244264 ], [ -6.8158609, 34.0244799 ], [ -6.8158996, 34.024528 ], [ -6.815949, 34.0245689 ], [ -6.8166271, 34.0250423 ], [ -6.8184151, 34.0243163 ], [ -6.8194978, 34.0249704 ], [ -6.8194064, 34.0250712 ], [ -6.819325, 34.0251703 ], [ -6.8192518, 34.0252736 ], [ -6.819187, 34.0253808 ], [ -6.8191309, 34.0254912 ], [ -6.8190838, 34.0256046 ], [ -6.8190459, 34.0257202 ], [ -6.8190173, 34.0258377 ], [ -6.8190048, 34.025912 ], [ -6.819, 34.0259292 ], [ -6.8189846, 34.0259424 ], [ -6.8189642, 34.0259497 ], [ -6.8181901, 34.0259615 ], [ -6.8181834, 34.0259622 ], [ -6.8181775, 34.0259649 ], [ -6.8181732, 34.0259692 ], [ -6.8181739, 34.0259863 ], [ -6.8181879, 34.0259853 ], [ -6.8181887, 34.0259925 ], [ -6.8181774, 34.0259933 ], [ -6.8181838, 34.0260213 ], [ -6.8181968, 34.0260361 ], [ -6.8182129, 34.0260486 ], [ -6.8182315, 34.0260584 ], [ -6.8182748, 34.0260818 ], [ -6.8182945, 34.0260957 ], [ -6.8183125, 34.0261052 ], [ -6.8183324, 34.0261115 ], [ -6.8183535, 34.0261144 ], [ -6.8184416, 34.0261203 ], [ -6.8184764, 34.0261271 ], [ -6.8185087, 34.0261398 ], [ -6.8185371, 34.0261578 ], [ -6.8185603, 34.0261803 ], [ -6.8185774, 34.0262063 ], [ -6.8186065, 34.0262614 ], [ -6.8186273, 34.0262798 ], [ -6.8186521, 34.0262943 ], [ -6.81868, 34.0263043 ], [ -6.8187097, 34.0263092 ], [ -6.8188671, 34.0263153 ], [ -6.8190247, 34.0263151 ], [ -6.819182, 34.0263085 ], [ -6.8193388, 34.0262957 ], [ -6.8193753, 34.0259353 ], [ -6.819399, 34.0258254 ], [ -6.8194321, 34.0257173 ], [ -6.8194785, 34.0256113 ], [ -6.8195318, 34.0255082 ], [ -6.8195919, 34.0254083 ], [ -6.8196563, 34.0253122 ], [ -6.819731, 34.0252204 ], [ -6.819831, 34.0251113 ], [ -6.8199618, 34.0250091 ], [ -6.8200926, 34.0249235 ], [ -6.8202406, 34.0248547 ] ] ] ] } },
{ "type": "Feature", "properties": { "full_id": "w1104203868", "osm_id": "1104203868", "osm_type": "way", "leisure": "garden", "opening_date": null, "fee": null, "access": null, "wikimedia_commons": null, "wikidata": null, "barrier": null, "name": null, "landuse": null }, "geometry": { "type": "MultiPolygon", "coordinates": [ [ [ [ -6.8394788, 33.9927375 ], [ -6.839468, 33.9927275 ], [ -6.8394654, 33.9927177 ], [ -6.839468, 33.992708 ], [ -6.839527, 33.9925862 ], [ -6.8396028, 33.9924662 ], [ -6.8396316, 33.9924245 ], [ -6.8396616, 33.9923879 ], [ -6.8396947, 33.9923533 ], [ -6.8399734, 33.9920566 ], [ -6.8402211, 33.9918212 ], [ -6.840205, 33.9919291 ], [ -6.8401969, 33.9920064 ], [ -6.8402026, 33.9920635 ], [ -6.8402123, 33.9921203 ], [ -6.8402288, 33.9921857 ], [ -6.8402506, 33.9922499 ], [ -6.8402746, 33.9923063 ], [ -6.8403022, 33.9923616 ], [ -6.8403439, 33.9924324 ], [ -6.8403914, 33.9925006 ], [ -6.8407159, 33.992991 ], [ -6.8403284, 33.9928987 ], [ -6.8401775, 33.9928681 ], [ -6.8400072, 33.9928392 ], [ -6.8397409, 33.9927958 ], [ -6.8394788, 33.9927375 ] ] ] ] } },
{ "type": "Feature", "properties": { "full_id": "w1123674122", "osm_id": "1123674122", "osm_type": "way", "leisure": "garden", "opening_date": null, "fee": null, "access": null, "wikimedia_commons": null, "wikidata": null, "barrier": null, "name": null, "landuse": null }, "geometry": { "type": "MultiPolygon", "coordinates": [ [ [ [ -6.8204074, 34.0257964 ], [ -6.8204964, 34.0257534 ], [ -6.8205954, 34.0257162 ], [ -6.8206981, 34.0256868 ], [ -6.8208036, 34.0256654 ], [ -6.820911, 34.0256485 ], [ -6.8207933, 34.0255921 ], [ -6.8207592, 34.0255674 ], [ -6.8207306, 34.0255383 ], [ -6.8207083, 34.0255056 ], [ -6.8206928, 34.0254703 ], [ -6.8206848, 34.0254333 ], [ -6.82065, 34.0251954 ], [ -6.8205336, 34.0252342 ], [ -6.8204257, 34.0252872 ], [ -6.8203287, 34.0253532 ], [ -6.820245, 34.0254306 ], [ -6.8201789, 34.0255014 ], [ -6.8201187, 34.0255757 ], [ -6.8200646, 34.0256532 ], [ -6.82, 34.0257631 ], [ -6.8199472, 34.0258773 ], [ -6.8199063, 34.0259948 ], [ -6.8198778, 34.0261147 ], [ -6.8198647, 34.0262387 ], [ -6.8198952, 34.0262308 ], [ -6.8199222, 34.0262176 ], [ -6.8199456, 34.0262004 ], [ -6.8200609, 34.0260779 ], [ -6.8201166, 34.0260129 ], [ -6.8201813, 34.0259539 ], [ -6.820254, 34.0259016 ], [ -6.8203336, 34.025857 ], [ -6.8204236, 34.0258176 ], [ -6.8204074, 34.0257964 ] ] ] ] } },
{ "type": "Feature", "properties": { "full_id": "w1123674123", "osm_id": "1123674123", "osm_type": "way", "leisure": "garden", "opening_date": null, "fee": null, "access": null, "wikimedia_commons": null, "wikidata": null, "barrier": null, "name": null, "landuse": null }, "geometry": { "type": "MultiPolygon", "coordinates": [ [ [ [ -6.825257, 34.0264731 ], [ -6.8253033, 34.0264709 ], [ -6.8253475, 34.0264759 ], [ -6.8261769, 34.0267282 ], [ -6.8261747, 34.0267426 ], [ -6.8262231, 34.0267554 ], [ -6.8262088, 34.0268025 ], [ -6.8244531, 34.026396 ], [ -6.8244278, 34.0263343 ], [ -6.8244114, 34.0262995 ], [ -6.8243903, 34.0262665 ], [ -6.8243788, 34.0262512 ], [ -6.8243648, 34.0262357 ], [ -6.8243431, 34.0262153 ], [ -6.8243236, 34.0261947 ], [ -6.8243045, 34.0261705 ], [ -6.8242889, 34.0261459 ], [ -6.8242724, 34.0261097 ], [ -6.824979, 34.0263188 ], [ -6.8250107, 34.0263604 ], [ -6.8250389, 34.0263948 ], [ -6.8250758, 34.0264237 ], [ -6.8251102, 34.026443 ], [ -6.8251591, 34.026462 ], [ -6.8252081, 34.0264703 ], [ -6.825257, 34.0264731 ] ] ] ] } },
{ "type": "Feature", "properties": { "full_id": "w1175621226", "osm_id": "1175621226", "osm_type": "way", "leisure": "garden", "opening_date": null, "fee": null, "access": null, "wikimedia_commons": null, "wikidata": null, "barrier": null, "name": null, "landuse": null }, "geometry": { "type": "MultiPolygon", "coordinates": [ [ [ [ -6.8382087, 34.013075 ], [ -6.838279, 34.0130357 ], [ -6.8383465, 34.012993 ], [ -6.8384107, 34.0129471 ], [ -6.8384716, 34.0128981 ], [ -6.8385164, 34.013194 ], [ -6.8384467, 34.0131526 ], [ -6.8383715, 34.0131186 ], [ -6.8382917, 34.0130926 ], [ -6.8382087, 34.013075 ] ] ] ] } },
{ "type": "Feature", "properties": { "full_id": "w1175621227", "osm_id": "1175621227", "osm_type": "way", "leisure": "garden", "opening_date": null, "fee": null, "access": null, "wikimedia_commons": null, "wikidata": null, "barrier": null, "name": null, "landuse": null }, "geometry": { "type": "MultiPolygon", "coordinates": [ [ [ [ -6.8384828, 34.0151821 ], [ -6.8382839, 34.0151869 ], [ -6.838321, 34.0153041 ], [ -6.8383979, 34.0155473 ], [ -6.8384143, 34.0155989 ], [ -6.8385966, 34.0154959 ], [ -6.8386116, 34.0154841 ], [ -6.8386207, 34.0154688 ], [ -6.8386228, 34.0154517 ], [ -6.8386209, 34.015439 ], [ -6.8385468, 34.0152183 ], [ -6.8385381, 34.0152024 ], [ -6.8385231, 34.0151901 ], [ -6.8385039, 34.0151831 ], [ -6.8384828, 34.0151821 ] ] ] ] } },
{ "type": "Feature", "properties": { "full_id": "w1175621228", "osm_id": "1175621228", "osm_type": "way", "leisure": "garden", "opening_date": null, "fee": null, "access": null, "wikimedia_commons": null, "wikidata": null, "barrier": null, "name": null, "landuse": null }, "geometry": { "type": "MultiPolygon", "coordinates": [ [ [ [ -6.8386796, 34.0156772 ], [ -6.8387241, 34.0157608 ], [ -6.838757, 34.015848 ], [ -6.8387781, 34.0159377 ], [ -6.838837, 34.0163644 ], [ -6.8388444, 34.0164143 ], [ -6.8388573, 34.0164701 ], [ -6.838901, 34.016615 ], [ -6.8389017, 34.0166314 ], [ -6.8388964, 34.0166431 ], [ -6.8388776, 34.0166519 ], [ -6.8387876, 34.0166669 ], [ -6.8387741, 34.0166148 ], [ -6.8387346, 34.0166218 ], [ -6.8386456, 34.0163382 ], [ -6.8386894, 34.0163296 ], [ -6.8386756, 34.0162813 ], [ -6.8386327, 34.0162897 ], [ -6.8385439, 34.0160088 ], [ -6.8386, 34.0159975 ], [ -6.8385814, 34.0159339 ], [ -6.8385239, 34.0159454 ], [ -6.8384416, 34.0156854 ], [ -6.8385876, 34.0156443 ], [ -6.8386143, 34.0156428 ], [ -6.8386402, 34.0156483 ], [ -6.8386627, 34.0156601 ], [ -6.8386796, 34.0156772 ] ] ] ] } },
{ "type": "Feature", "properties": { "full_id": "w1175621229", "osm_id": "1175621229", "osm_type": "way", "leisure": "garden", "opening_date": null, "fee": null, "access": null, "wikimedia_commons": null, "wikidata": null, "barrier": null, "name": null, "landuse": null }, "geometry": { "type": "MultiPolygon", "coordinates": [ [ [ [ -6.8392828, 34.0180378 ], [ -6.8392601, 34.0179358 ], [ -6.8392446, 34.0178329 ], [ -6.8392362, 34.0177295 ], [ -6.8392053, 34.0173619 ], [ -6.8391907, 34.0172772 ], [ -6.8391694, 34.0171935 ], [ -6.8391416, 34.0171111 ], [ -6.8390653, 34.0169427 ], [ -6.8389666, 34.0167425 ], [ -6.8388448, 34.0167996 ], [ -6.8388456, 34.0168149 ], [ -6.8387977, 34.0168339 ], [ -6.838833, 34.0169563 ], [ -6.8388905, 34.0169438 ], [ -6.8389085, 34.0170008 ], [ -6.8388502, 34.0170134 ], [ -6.838878, 34.017097 ], [ -6.8389197, 34.0172259 ], [ -6.8389431, 34.0173025 ], [ -6.8389836, 34.0172953 ], [ -6.8389957, 34.0173401 ], [ -6.8389547, 34.0173477 ], [ -6.8390436, 34.0176321 ], [ -6.8390852, 34.0176232 ], [ -6.8390986, 34.0176666 ], [ -6.8390567, 34.0176756 ], [ -6.8391448, 34.0179577 ], [ -6.8391979, 34.0179482 ], [ -6.8392135, 34.0180087 ], [ -6.8391611, 34.018018 ], [ -6.8391819, 34.0180924 ], [ -6.839221, 34.0182124 ], [ -6.8392511, 34.0182971 ], [ -6.8392934, 34.0182881 ], [ -6.8393088, 34.0183376 ], [ -6.8392651, 34.0183469 ], [ -6.8393198, 34.0185317 ], [ -6.8394405, 34.0184877 ], [ -6.8394492, 34.0184824 ], [ -6.8394551, 34.0184747 ], [ -6.8394556, 34.0184652 ], [ -6.8393489, 34.0182481 ], [ -6.8393216, 34.0181792 ], [ -6.8392996, 34.018109 ], [ -6.8392828, 34.0180378 ] ] ] ] } },
{ "type": "Feature", "properties": { "full_id": "w1175735833", "osm_id": "1175735833", "osm_type": "way", "leisure": "garden", "opening_date": null, "fee": null, "access": null, "wikimedia_commons": null, "wikidata": null, "barrier": null, "name": null, "landuse": null }, "geometry": { "type": "MultiPolygon", "coordinates": [ [ [ [ -6.8354615, 34.0134468 ], [ -6.835372, 34.0133811 ], [ -6.8364528, 34.0131046 ], [ -6.8373299, 34.012898 ], [ -6.8373378, 34.0129084 ], [ -6.837352, 34.0129198 ], [ -6.8373685, 34.0129275 ], [ -6.8373837, 34.0129311 ], [ -6.8373323, 34.0130233 ], [ -6.8355532, 34.0134531 ], [ -6.8355303, 34.0134586 ], [ -6.8355064, 34.0134593 ], [ -6.8354831, 34.0134553 ], [ -6.8354615, 34.0134468 ] ] ] ] } },
{ "type": "Feature", "properties": { "full_id": "w1175735834", "osm_id": "1175735834", "osm_type": "way", "leisure": "garden", "opening_date": null, "fee": null, "access": null, "wikimedia_commons": null, "wikidata": null, "barrier": null, "name": null, "landuse": null }, "geometry": { "type": "MultiPolygon", "coordinates": [ [ [ [ -6.8373381, 34.0128586 ], [ -6.8371561, 34.0129025 ], [ -6.8357477, 34.0132423 ], [ -6.8354768, 34.0133077 ], [ -6.8353676, 34.0133349 ], [ -6.8353413, 34.0133005 ], [ -6.8360601, 34.0131266 ], [ -6.8373163, 34.012835 ], [ -6.83736, 34.0128278 ], [ -6.8373381, 34.0128586 ] ] ] ] } },
{ "type": "Feature", "properties": { "full_id": "w1175735836", "osm_id": "1175735836", "osm_type": "way", "leisure": "garden", "opening_date": null, "fee": null, "access": null, "wikimedia_commons": null, "wikidata": null, "barrier": null, "name": null, "landuse": null }, "geometry": { "type": "MultiPolygon", "coordinates": [ [ [ [ -6.8377614, 34.0144591 ], [ -6.8377025, 34.0144884 ], [ -6.8376933, 34.0146249 ], [ -6.8377475, 34.0145964 ], [ -6.837876, 34.0145603 ], [ -6.8378385, 34.0144454 ], [ -6.8377614, 34.0144591 ] ] ] ] } },
{ "type": "Feature", "properties": { "full_id": "w1175735838", "osm_id": "1175735838", "osm_type": "way", "leisure": "garden", "opening_date": null, "fee": null, "access": null, "wikimedia_commons": null, "wikidata": null, "barrier": null, "name": null, "landuse": null }, "geometry": { "type": "MultiPolygon", "coordinates": [ [ [ [ -6.8396563, 34.0188329 ], [ -6.8397083, 34.0190106 ], [ -6.8397158, 34.0190516 ], [ -6.839722, 34.0190928 ], [ -6.8397267, 34.019134 ], [ -6.8397526, 34.0195087 ], [ -6.8397614, 34.019598 ], [ -6.8397755, 34.0196867 ], [ -6.839795, 34.0197748 ], [ -6.8398665, 34.0199984 ], [ -6.8399053, 34.0200871 ], [ -6.8399482, 34.0201744 ], [ -6.8399953, 34.0202602 ], [ -6.8400466, 34.0203444 ], [ -6.8400565, 34.0203672 ], [ -6.8400585, 34.0203913 ], [ -6.8400522, 34.0204149 ], [ -6.8400381, 34.0204361 ], [ -6.8400174, 34.0204531 ], [ -6.8399198, 34.0204779 ], [ -6.8398943, 34.0203952 ], [ -6.8398784, 34.0203437 ], [ -6.8399114, 34.0203405 ], [ -6.8399063, 34.0202991 ], [ -6.8398684, 34.0203023 ], [ -6.8397827, 34.0200137 ], [ -6.8398308, 34.0200012 ], [ -6.8398167, 34.0199492 ], [ -6.839763, 34.0199584 ], [ -6.8396872, 34.0197264 ], [ -6.8396694, 34.019672 ], [ -6.8397096, 34.0196684 ], [ -6.8397016, 34.0196241 ], [ -6.8396542, 34.0196303 ], [ -6.8396377, 34.0195721 ], [ -6.8396013, 34.0194428 ], [ -6.8395704, 34.0193383 ], [ -6.8396093, 34.0193315 ], [ -6.8395999, 34.0192923 ], [ -6.8395567, 34.0192981 ], [ -6.8395477, 34.0192699 ], [ -6.8394663, 34.0190145 ], [ -6.8395225, 34.0190038 ], [ -6.8395099, 34.018948 ], [ -6.8394482, 34.0189578 ], [ -6.8393888, 34.0187712 ], [ -6.8395259, 34.0187441 ], [ -6.8395708, 34.0187505 ], [ -6.8396104, 34.0187691 ], [ -6.8396401, 34.0187977 ], [ -6.8396563, 34.0188329 ] ] ] ] } },
{ "type": "Feature", "properties": { "full_id": "w1175735839", "osm_id": "1175735839", "osm_type": "way", "leisure": "garden", "opening_date": null, "fee": null, "access": null, "wikimedia_commons": null, "wikidata": null, "barrier": null, "name": null, "landuse": null }, "geometry": { "type": "MultiPolygon", "coordinates": [ [ [ [ -6.8401964, 34.021181 ], [ -6.8401786, 34.0211292 ], [ -6.8401187, 34.0211374 ], [ -6.840079, 34.0210088 ], [ -6.840133, 34.0209992 ], [ -6.8401237, 34.0209481 ], [ -6.8400634, 34.0209575 ], [ -6.8399779, 34.0206708 ], [ -6.8400205, 34.0206625 ], [ -6.8400079, 34.0206222 ], [ -6.8399677, 34.0206295 ], [ -6.8399575, 34.0205999 ], [ -6.8400979, 34.0205577 ], [ -6.8402417, 34.0210079 ], [ -6.8402466, 34.021038 ], [ -6.8402464, 34.0210684 ], [ -6.8402412, 34.0210984 ], [ -6.8402309, 34.0211276 ], [ -6.8402159, 34.0211553 ], [ -6.8401964, 34.021181 ] ] ] ] } },
{ "type": "Feature", "properties": { "full_id": "w1175735840", "osm_id": "1175735840", "osm_type": "way", "leisure": "garden", "opening_date": null, "fee": null, "access": null, "wikimedia_commons": null, "wikidata": null, "barrier": null, "name": null, "landuse": null }, "geometry": { "type": "MultiPolygon", "coordinates": [ [ [ [ -6.8401178, 34.0211785 ], [ -6.8399414, 34.0206335 ], [ -6.839895, 34.0206485 ], [ -6.8398816, 34.0206598 ], [ -6.8398733, 34.0206741 ], [ -6.8398708, 34.0206898 ], [ -6.8398746, 34.0207053 ], [ -6.8398841, 34.020719 ], [ -6.8399187, 34.0207647 ], [ -6.8399284, 34.0207805 ], [ -6.8399357, 34.0207972 ], [ -6.8399405, 34.0208145 ], [ -6.8399427, 34.0208321 ], [ -6.8399438, 34.0209023 ], [ -6.8399476, 34.0209268 ], [ -6.8399548, 34.0209506 ], [ -6.8399653, 34.0209737 ], [ -6.839979, 34.0209956 ], [ -6.8399952, 34.0210132 ], [ -6.840004, 34.0210284 ], [ -6.8400098, 34.0210446 ], [ -6.8400122, 34.0210613 ], [ -6.8400113, 34.0210782 ], [ -6.8400102, 34.0210972 ], [ -6.8400134, 34.0211159 ], [ -6.8400244, 34.0211326 ], [ -6.8400409, 34.021146 ], [ -6.8400581, 34.0211571 ], [ -6.8400768, 34.0211663 ], [ -6.8400968, 34.0211735 ], [ -6.8401178, 34.0211785 ] ] ] ] } },
{ "type": "Feature", "properties": { "full_id": "w1175735847", "osm_id": "1175735847", "osm_type": "way", "leisure": "garden", "opening_date": null, "fee": null, "access": null, "wikimedia_commons": null, "wikidata": null, "barrier": null, "name": null, "landuse": null }, "geometry": { "type": "MultiPolygon", "coordinates": [ [ [ [ -6.8338127, 34.0144352 ], [ -6.8337638, 34.0144008 ], [ -6.8337568, 34.0143969 ], [ -6.8337523, 34.0143909 ], [ -6.8337513, 34.0143839 ], [ -6.8337538, 34.0143773 ], [ -6.8337595, 34.0143721 ], [ -6.8338164, 34.014338 ], [ -6.833834, 34.0143288 ], [ -6.8338539, 34.0143239 ], [ -6.8338748, 34.0143237 ], [ -6.8338949, 34.0143282 ], [ -6.8339291, 34.0143352 ], [ -6.8338127, 34.0144352 ] ] ] ] } },
{ "type": "Feature", "properties": { "full_id": "w1175903288", "osm_id": "1175903288", "osm_type": "way", "leisure": "garden", "opening_date": null, "fee": null, "access": null, "wikimedia_commons": null, "wikidata": null, "barrier": null, "name": null, "landuse": null }, "geometry": { "type": "MultiPolygon", "coordinates": [ [ [ [ -6.8343486, 34.0142846 ], [ -6.8342806, 34.0143109 ], [ -6.8342114, 34.014185 ], [ -6.8344127, 34.0141074 ], [ -6.834444, 34.014168 ], [ -6.8344027, 34.0141832 ], [ -6.8344241, 34.0142298 ], [ -6.8343368, 34.0142613 ], [ -6.8343486, 34.0142846 ] ] ] ] } },
{ "type": "Feature", "properties": { "full_id": "w1175903293", "osm_id": "1175903293", "osm_type": "way", "leisure": "garden", "opening_date": null, "fee": null, "access": null, "wikimedia_commons": null, "wikidata": null, "barrier": null, "name": null, "landuse": null }, "geometry": { "type": "MultiPolygon", "coordinates": [ [ [ [ -6.8336971, 34.0145396 ], [ -6.8334844, 34.0147242 ], [ -6.8334448, 34.0145994 ], [ -6.8336546, 34.0144651 ], [ -6.8336971, 34.0145396 ] ] ] ] } },
{ "type": "Feature", "properties": { "full_id": "w1175903294", "osm_id": "1175903294", "osm_type": "way", "leisure": "garden", "opening_date": null, "fee": null, "access": null, "wikimedia_commons": null, "wikidata": null, "barrier": null, "name": null, "landuse": null }, "geometry": { "type": "MultiPolygon", "coordinates": [ [ [ [ -6.8338353, 34.0145983 ], [ -6.8337871, 34.014622 ], [ -6.8337483, 34.0145528 ], [ -6.8337569, 34.0145413 ], [ -6.8338353, 34.0145983 ] ] ] ] } },
{ "type": "Feature", "properties": { "full_id": "w1175903296", "osm_id": "1175903296", "osm_type": "way", "leisure": "garden", "opening_date": null, "fee": null, "access": null, "wikimedia_commons": null, "wikidata": null, "barrier": null, "name": null, "landuse": null }, "geometry": { "type": "MultiPolygon", "coordinates": [ [ [ [ -6.8343147, 34.0167066 ], [ -6.834364, 34.0166868 ], [ -6.8343734, 34.016703 ], [ -6.8343242, 34.0167228 ], [ -6.8343147, 34.0167066 ] ] ] ] } },
{ "type": "Feature", "properties": { "full_id": "w1175919640", "osm_id": "1175919640", "osm_type": "way", "leisure": "garden", "opening_date": null, "fee": null, "access": null, "wikimedia_commons": null, "wikidata": null, "barrier": null, "name": null, "landuse": null }, "geometry": { "type": "MultiPolygon", "coordinates": [ [ [ [ -6.8319545, 34.0165563 ], [ -6.8323386, 34.0165687 ], [ -6.8323523, 34.0165707 ], [ -6.8323637, 34.0165773 ], [ -6.8323707, 34.0165872 ], [ -6.832372, 34.0165986 ], [ -6.8323675, 34.0166095 ], [ -6.8323578, 34.0166177 ], [ -6.8323449, 34.0166219 ], [ -6.83233, 34.0166225 ], [ -6.8319499, 34.0166048 ], [ -6.8319347, 34.0166052 ], [ -6.8319204, 34.0166006 ], [ -6.831911, 34.0165906 ], [ -6.8319089, 34.016578 ], [ -6.8319147, 34.0165662 ], [ -6.8319268, 34.0165585 ], [ -6.831942, 34.0165569 ], [ -6.8319545, 34.0165563 ] ] ] ] } },
{ "type": "Feature", "properties": { "full_id": "w1175919646", "osm_id": "1175919646", "osm_type": "way", "leisure": "garden", "opening_date": null, "fee": null, "access": null, "wikimedia_commons": null, "wikidata": null, "barrier": null, "name": null, "landuse": null }, "geometry": { "type": "MultiPolygon", "coordinates": [ [ [ [ -6.8301625, 34.0171061 ], [ -6.8298237, 34.0172574 ], [ -6.8297709, 34.0171852 ], [ -6.8301034, 34.017024 ], [ -6.8301625, 34.0171061 ] ] ] ] } },
{ "type": "Feature", "properties": { "full_id": "w1175919648", "osm_id": "1175919648", "osm_type": "way", "leisure": "garden", "opening_date": null, "fee": null, "access": null, "wikimedia_commons": null, "wikidata": null, "barrier": null, "name": null, "landuse": null }, "geometry": { "type": "MultiPolygon", "coordinates": [ [ [ [ -6.8284866, 34.0177568 ], [ -6.8284142, 34.0177903 ], [ -6.8282211, 34.0175036 ], [ -6.8282935, 34.0174701 ], [ -6.8284866, 34.0177568 ] ] ] ] } },
{ "type": "Feature", "properties": { "full_id": "w1175919649", "osm_id": "1175919649", "osm_type": "way", "leisure": "garden", "opening_date": null, "fee": null, "access": null, "wikimedia_commons": null, "wikidata": null, "barrier": null, "name": null, "landuse": null }, "geometry": { "type": "MultiPolygon", "coordinates": [ [ [ [ -6.8286871, 34.0179342 ], [ -6.8286702, 34.0179628 ], [ -6.8286467, 34.0179878 ], [ -6.8286174, 34.0180084 ], [ -6.8285838, 34.0180236 ], [ -6.8285471, 34.0180328 ], [ -6.8285089, 34.0180356 ], [ -6.8285347, 34.0180047 ], [ -6.8285665, 34.0179788 ], [ -6.8286033, 34.0179581 ], [ -6.828644, 34.0179431 ], [ -6.8286871, 34.0179342 ] ] ] ] } },
{ "type": "Feature", "properties": { "full_id": "w1175919650", "osm_id": "1175919650", "osm_type": "way", "leisure": "garden", "opening_date": null, "fee": null, "access": null, "wikimedia_commons": null, "wikidata": null, "barrier": null, "name": null, "landuse": null }, "geometry": { "type": "MultiPolygon", "coordinates": [ [ [ [ -6.8284458, 34.0179852 ], [ -6.8284382, 34.017964 ], [ -6.8284367, 34.0179409 ], [ -6.8284434, 34.0179206 ], [ -6.828456, 34.0179052 ], [ -6.8284734, 34.0178918 ], [ -6.8284896, 34.0178815 ], [ -6.8285113, 34.0178685 ], [ -6.8285353, 34.0178572 ], [ -6.82856, 34.0178494 ], [ -6.8285919, 34.0178472 ], [ -6.8286219, 34.0178525 ], [ -6.8286425, 34.0178659 ], [ -6.8286099, 34.0178734 ], [ -6.8285786, 34.017884 ], [ -6.8285491, 34.0178977 ], [ -6.8285218, 34.0179143 ], [ -6.8284921, 34.0179345 ], [ -6.8284668, 34.0179585 ], [ -6.8284458, 34.0179852 ] ] ] ] } },
{ "type": "Feature", "properties": { "full_id": "w1175919654", "osm_id": "1175919654", "osm_type": "way", "leisure": "garden", "opening_date": null, "fee": null, "access": null, "wikimedia_commons": null, "wikidata": null, "barrier": null, "name": null, "landuse": null }, "geometry": { "type": "MultiPolygon", "coordinates": [ [ [ [ -6.8337411, 34.0193924 ], [ -6.8334061, 34.0194502 ], [ -6.8331999, 34.0191002 ], [ -6.8331936, 34.0190895 ], [ -6.8331922, 34.0190776 ], [ -6.833197, 34.0190663 ], [ -6.8332072, 34.0190578 ], [ -6.8332208, 34.0190537 ], [ -6.8332856, 34.0190409 ], [ -6.8333032, 34.0190379 ], [ -6.8333213, 34.0190381 ], [ -6.8333388, 34.0190415 ], [ -6.8333551, 34.019048 ], [ -6.8333693, 34.0190572 ], [ -6.8337544, 34.0193037 ], [ -6.8337716, 34.019316 ], [ -6.8337818, 34.0193329 ], [ -6.8337834, 34.0193517 ], [ -6.8337763, 34.0193696 ], [ -6.8337614, 34.0193839 ], [ -6.8337411, 34.0193924 ] ] ] ] } },
{ "type": "Feature", "properties": { "full_id": "w1175986840", "osm_id": "1175986840", "osm_type": "way", "leisure": "garden", "opening_date": null, "fee": null, "access": null, "wikimedia_commons": null, "wikidata": null, "barrier": null, "name": null, "landuse": null }, "geometry": { "type": "MultiPolygon", "coordinates": [ [ [ [ -6.8333567, 34.0197483 ], [ -6.8333928, 34.0196094 ], [ -6.8330036, 34.0197125 ], [ -6.8331287, 34.0199099 ], [ -6.8332924, 34.0198407 ], [ -6.8333166, 34.0198221 ], [ -6.8333359, 34.0197999 ], [ -6.8333494, 34.019775 ], [ -6.8333567, 34.0197483 ] ] ] ] } },
{ "type": "Feature", "properties": { "full_id": "w1175986842", "osm_id": "1175986842", "osm_type": "way", "leisure": "garden", "opening_date": null, "fee": null, "access": null, "wikimedia_commons": null, "wikidata": null, "barrier": null, "name": null, "landuse": null }, "geometry": { "type": "MultiPolygon", "coordinates": [ [ [ [ -6.8327559, 34.0200024 ], [ -6.8326689, 34.0199707 ], [ -6.8325986, 34.0198492 ], [ -6.8328107, 34.0197733 ], [ -6.8328366, 34.019826 ], [ -6.8327964, 34.0198419 ], [ -6.832889, 34.020003 ], [ -6.8328107, 34.0200334 ], [ -6.8327942, 34.020021 ], [ -6.8327758, 34.0200106 ], [ -6.8327559, 34.0200024 ] ] ] ] } },
{ "type": "Feature", "properties": { "full_id": "w1175986860", "osm_id": "1175986860", "osm_type": "way", "leisure": "garden", "opening_date": null, "fee": null, "access": null, "wikimedia_commons": null, "wikidata": null, "barrier": null, "name": null, "landuse": null }, "geometry": { "type": "MultiPolygon", "coordinates": [ [ [ [ -6.8341025, 34.0186044 ], [ -6.8340918, 34.0186248 ], [ -6.8340708, 34.0186388 ], [ -6.8340445, 34.0186431 ], [ -6.8340187, 34.0186367 ], [ -6.8339995, 34.0186211 ], [ -6.8339912, 34.0185999 ], [ -6.8339957, 34.018578 ], [ -6.834012, 34.0185603 ], [ -6.8340364, 34.0185509 ], [ -6.8340633, 34.018552 ], [ -6.8340864, 34.0185633 ], [ -6.8341006, 34.0185822 ], [ -6.8341025, 34.0186044 ] ] ] ] } },
{ "type": "Feature", "properties": { "full_id": "w1175986865", "osm_id": "1175986865", "osm_type": "way", "leisure": "garden", "opening_date": null, "fee": null, "access": null, "wikimedia_commons": null, "wikidata": null, "barrier": null, "name": null, "landuse": null }, "geometry": { "type": "MultiPolygon", "coordinates": [ [ [ [ -6.8321077, 34.018408 ], [ -6.8321505, 34.0185098 ], [ -6.8321564, 34.0185197 ], [ -6.8321668, 34.0185264 ], [ -6.8321798, 34.0185287 ], [ -6.8321926, 34.018526 ], [ -6.8323025, 34.0184866 ], [ -6.832312, 34.0184802 ], [ -6.8323175, 34.0184712 ], [ -6.8323181, 34.0184611 ], [ -6.8323137, 34.0184517 ], [ -6.8323051, 34.0184446 ], [ -6.8322937, 34.0184403 ], [ -6.8321517, 34.0183842 ], [ -6.8321395, 34.0183815 ], [ -6.8321271, 34.0183832 ], [ -6.8321165, 34.0183889 ], [ -6.8321097, 34.0183977 ], [ -6.8321077, 34.018408 ] ] ] ] } },
{ "type": "Feature", "properties": { "full_id": "w1175986866", "osm_id": "1175986866", "osm_type": "way", "leisure": "garden", "opening_date": null, "fee": null, "access": null, "wikimedia_commons": null, "wikidata": null, "barrier": null, "name": null, "landuse": null }, "geometry": { "type": "MultiPolygon", "coordinates": [ [ [ [ -6.8330186, 34.0188497 ], [ -6.8329959, 34.0188769 ], [ -6.8330117, 34.0189072 ], [ -6.8328222, 34.0189759 ], [ -6.8327075, 34.01874 ], [ -6.8327815, 34.0187132 ], [ -6.8330186, 34.0188497 ] ] ] ] } },
{ "type": "Feature", "properties": { "full_id": "w1176041371", "osm_id": "1176041371", "osm_type": "way", "leisure": "garden", "opening_date": null, "fee": null, "access": null, "wikimedia_commons": null, "wikidata": null, "barrier": null, "name": null, "landuse": null }, "geometry": { "type": "MultiPolygon", "coordinates": [ [ [ [ -6.8389578, 34.0197259 ], [ -6.83853, 34.019885 ], [ -6.8388701, 34.0205487 ], [ -6.8393173, 34.0204011 ], [ -6.8389578, 34.0197259 ] ] ] ] } },
{ "type": "Feature", "properties": { "full_id": "w1176041374", "osm_id": "1176041374", "osm_type": "way", "leisure": "garden", "opening_date": null, "fee": null, "access": null, "wikimedia_commons": null, "wikidata": null, "barrier": null, "name": null, "landuse": null }, "geometry": { "type": "MultiPolygon", "coordinates": [ [ [ [ -6.8384805, 34.0184711 ], [ -6.8388531, 34.0183705 ], [ -6.8389845, 34.0186679 ], [ -6.8387123, 34.0188064 ], [ -6.8376092, 34.0191373 ], [ -6.837565, 34.0190036 ], [ -6.8379586, 34.0188891 ], [ -6.8385775, 34.0187319 ], [ -6.8385091, 34.0185622 ], [ -6.8384805, 34.0184711 ] ] ] ] } },
{ "type": "Feature", "properties": { "full_id": "w1176041375", "osm_id": "1176041375", "osm_type": "way", "leisure": "garden", "opening_date": null, "fee": null, "access": null, "wikimedia_commons": null, "wikidata": null, "barrier": null, "name": null, "landuse": null }, "geometry": { "type": "MultiPolygon", "coordinates": [ [ [ [ -6.8382148, 34.0184005 ], [ -6.8378293, 34.0184894 ], [ -6.8376901, 34.0181314 ], [ -6.8380814, 34.0180401 ], [ -6.8382148, 34.0184005 ] ] ] ] } },
{ "type": "Feature", "properties": { "full_id": "w1176053083", "osm_id": "1176053083", "osm_type": "way", "leisure": "garden", "opening_date": null, "fee": null, "access": null, "wikimedia_commons": null, "wikidata": null, "barrier": null, "name": null, "landuse": null }, "geometry": { "type": "MultiPolygon", "coordinates": [ [ [ [ -6.8387559, 34.0170812 ], [ -6.8388443, 34.0173711 ], [ -6.838508, 34.0174384 ], [ -6.8384696, 34.0173564 ], [ -6.8384055, 34.0171622 ], [ -6.8387559, 34.0170812 ] ] ] ] } },
{ "type": "Feature", "properties": { "full_id": "w1176053084", "osm_id": "1176053084", "osm_type": "way", "leisure": "garden", "opening_date": null, "fee": null, "access": null, "wikimedia_commons": null, "wikidata": null, "barrier": null, "name": null, "landuse": null }, "geometry": { "type": "MultiPolygon", "coordinates": [ [ [ [ -6.8382633, 34.017403 ], [ -6.8381144, 34.0174247 ], [ -6.8380423, 34.0171763 ], [ -6.8379868, 34.017187 ], [ -6.8379004, 34.0169185 ], [ -6.8381048, 34.0168797 ], [ -6.8382033, 34.017205 ], [ -6.8382633, 34.017403 ] ] ] ] } },
{ "type": "Feature", "properties": { "full_id": "w1176053085", "osm_id": "1176053085", "osm_type": "way", "leisure": "garden", "opening_date": null, "fee": null, "access": null, "wikimedia_commons": null, "wikidata": null, "barrier": null, "name": null, "landuse": null }, "geometry": { "type": "MultiPolygon", "coordinates": [ [ [ [ -6.8378018, 34.0172299 ], [ -6.8376575, 34.0172591 ], [ -6.8376002, 34.0170567 ], [ -6.8377537, 34.0170245 ], [ -6.8378018, 34.0172299 ] ] ] ] } },
{ "type": "Feature", "properties": { "full_id": "w1176053086", "osm_id": "1176053086", "osm_type": "way", "leisure": "garden", "opening_date": null, "fee": null, "access": null, "wikimedia_commons": null, "wikidata": null, "barrier": null, "name": null, "landuse": null }, "geometry": { "type": "MultiPolygon", "coordinates": [ [ [ [ -6.8377415, 34.0174981 ], [ -6.837663, 34.0175102 ], [ -6.8376399, 34.0174431 ], [ -6.8377194, 34.0174279 ], [ -6.8377415, 34.0174981 ] ] ] ] } },
{ "type": "Feature", "properties": { "full_id": "w1176053087", "osm_id": "1176053087", "osm_type": "way", "leisure": "garden", "opening_date": null, "fee": null, "access": null, "wikimedia_commons": null, "wikidata": null, "barrier": null, "name": null, "landuse": null }, "geometry": { "type": "MultiPolygon", "coordinates": [ [ [ [ -6.8378388, 34.0174754 ], [ -6.837759, 34.017492 ], [ -6.8377373, 34.0174204 ], [ -6.8378168, 34.0174052 ], [ -6.8378388, 34.0174754 ] ] ] ] } },
{ "type": "Feature", "properties": { "full_id": "w1176053088", "osm_id": "1176053088", "osm_type": "way", "leisure": "garden", "opening_date": null, "fee": null, "access": null, "wikimedia_commons": null, "wikidata": null, "barrier": null, "name": null, "landuse": null }, "geometry": { "type": "MultiPolygon", "coordinates": [ [ [ [ -6.83781, 34.017389 ], [ -6.8377316, 34.0174045 ], [ -6.8377085, 34.017334 ], [ -6.837788, 34.0173188 ], [ -6.83781, 34.017389 ] ] ] ] } },
{ "type": "Feature", "properties": { "full_id": "w1176053089", "osm_id": "1176053089", "osm_type": "way", "leisure": "garden", "opening_date": null, "fee": null, "access": null, "wikimedia_commons": null, "wikidata": null, "barrier": null, "name": null, "landuse": null }, "geometry": { "type": "MultiPolygon", "coordinates": [ [ [ [ -6.8377072, 34.0174118 ], [ -6.8376356, 34.017425 ], [ -6.8376153, 34.0173533 ], [ -6.8376852, 34.0173416 ], [ -6.8377072, 34.0174118 ] ] ] ] } },
{ "type": "Feature", "properties": { "full_id": "w1176053090", "osm_id": "1176053090", "osm_type": "way", "leisure": "garden", "opening_date": null, "fee": null, "access": null, "wikimedia_commons": null, "wikidata": null, "barrier": null, "name": null, "landuse": null }, "geometry": { "type": "MultiPolygon", "coordinates": [ [ [ [ -6.8386104, 34.0170133 ], [ -6.8383583, 34.0170751 ], [ -6.8382822, 34.016846 ], [ -6.8385537, 34.0167945 ], [ -6.8386104, 34.0170133 ] ] ] ] } },
{ "type": "Feature", "properties": { "full_id": "w1176279241", "osm_id": "1176279241", "osm_type": "way", "leisure": "garden", "opening_date": null, "fee": null, "access": null, "wikimedia_commons": null, "wikidata": null, "barrier": null, "name": null, "landuse": null }, "geometry": { "type": "MultiPolygon", "coordinates": [ [ [ [ -6.8269315, 34.0187622 ], [ -6.8268606, 34.0188031 ], [ -6.8267857, 34.0188464 ], [ -6.8266518, 34.0186758 ], [ -6.8265655, 34.0185764 ], [ -6.8267183, 34.0184791 ], [ -6.8269315, 34.0187622 ] ] ] ] } },
{ "type": "Feature", "properties": { "full_id": "w1176279244", "osm_id": "1176279244", "osm_type": "way", "leisure": "garden", "opening_date": null, "fee": null, "access": null, "wikimedia_commons": null, "wikidata": null, "barrier": null, "name": null, "landuse": null }, "geometry": { "type": "MultiPolygon", "coordinates": [ [ [ [ -6.8265329, 34.019008 ], [ -6.826348, 34.0191209 ], [ -6.8262077, 34.0189608 ], [ -6.8262504, 34.0188799 ], [ -6.8263764, 34.0188193 ], [ -6.8265329, 34.019008 ] ] ] ] } },
{ "type": "Feature", "properties": { "full_id": "w1176279246", "osm_id": "1176279246", "osm_type": "way", "leisure": "garden", "opening_date": null, "fee": null, "access": null, "wikimedia_commons": null, "wikidata": null, "barrier": null, "name": null, "landuse": null }, "geometry": { "type": "MultiPolygon", "coordinates": [ [ [ [ -6.8265896, 34.0188948 ], [ -6.8264567, 34.0187449 ], [ -6.8264299, 34.0187662 ], [ -6.8264232, 34.0187921 ], [ -6.8264265, 34.0188115 ], [ -6.82645, 34.0188449 ], [ -6.8265315, 34.01893 ], [ -6.8265896, 34.0188948 ] ] ] ] } },
{ "type": "Feature", "properties": { "full_id": "w1176279247", "osm_id": "1176279247", "osm_type": "way", "leisure": "garden", "opening_date": null, "fee": null, "access": null, "wikimedia_commons": null, "wikidata": null, "barrier": null, "name": null, "landuse": null }, "geometry": { "type": "MultiPolygon", "coordinates": [ [ [ [ -6.8263756, 34.0192091 ], [ -6.8260688, 34.0189232 ], [ -6.8258853, 34.0191966 ], [ -6.8259078, 34.0192345 ], [ -6.8260116, 34.0193277 ], [ -6.8260364, 34.0193435 ], [ -6.8260543, 34.0193518 ], [ -6.8260868, 34.0193541 ], [ -6.8261025, 34.0193454 ], [ -6.8261145, 34.0193324 ], [ -6.8261278, 34.0193316 ], [ -6.8261418, 34.0193392 ], [ -6.8261504, 34.0193555 ], [ -6.8263756, 34.0192091 ] ] ] ] } },
{ "type": "Feature", "properties": { "full_id": "w1176279251", "osm_id": "1176279251", "osm_type": "way", "leisure": "garden", "opening_date": null, "fee": null, "access": null, "wikimedia_commons": null, "wikidata": null, "barrier": null, "name": null, "landuse": null }, "geometry": { "type": "MultiPolygon", "coordinates": [ [ [ [ -6.8294259, 34.0202645 ], [ -6.8294795, 34.0202414 ], [ -6.8294875, 34.020126 ], [ -6.8294517, 34.0201326 ], [ -6.8292907, 34.0200782 ], [ -6.8290839, 34.020098 ], [ -6.8290143, 34.02007 ], [ -6.8288195, 34.0200865 ], [ -6.8287002, 34.0201293 ], [ -6.8286226, 34.0201178 ], [ -6.8284656, 34.0201722 ], [ -6.8283125, 34.0201936 ], [ -6.8283085, 34.0202117 ], [ -6.8294259, 34.0202645 ] ] ] ] } },
{ "type": "Feature", "properties": { "full_id": "w1176279254", "osm_id": "1176279254", "osm_type": "way", "leisure": "garden", "opening_date": null, "fee": null, "access": null, "wikimedia_commons": null, "wikidata": null, "barrier": null, "name": null, "landuse": null }, "geometry": { "type": "MultiPolygon", "coordinates": [ [ [ [ -6.8296002, 34.0199421 ], [ -6.8293186, 34.0199221 ], [ -6.8295013, 34.019776 ], [ -6.8296002, 34.0199421 ] ] ] ] } },
{ "type": "Feature", "properties": { "full_id": "w1176279255", "osm_id": "1176279255", "osm_type": "way", "leisure": "garden", "opening_date": null, "fee": null, "access": null, "wikimedia_commons": null, "wikidata": null, "barrier": null, "name": null, "landuse": null }, "geometry": { "type": "MultiPolygon", "coordinates": [ [ [ [ -6.8292437, 34.0199211 ], [ -6.8290394, 34.0199064 ], [ -6.8291587, 34.019838 ], [ -6.8292437, 34.0199211 ] ] ] ] } },
{ "type": "Feature", "properties": { "full_id": "w1176279256", "osm_id": "1176279256", "osm_type": "way", "leisure": "garden", "opening_date": null, "fee": null, "access": null, "wikimedia_commons": null, "wikidata": null, "barrier": null, "name": null, "landuse": null }, "geometry": { "type": "MultiPolygon", "coordinates": [ [ [ [ -6.8288555, 34.0199274 ], [ -6.828688, 34.0199516 ], [ -6.828773, 34.019858 ], [ -6.8288555, 34.0199274 ] ] ] ] } },
{ "type": "Feature", "properties": { "full_id": "w1176279257", "osm_id": "1176279257", "osm_type": "way", "leisure": "garden", "opening_date": null, "fee": null, "access": null, "wikimedia_commons": null, "wikidata": null, "barrier": null, "name": null, "landuse": null }, "geometry": { "type": "MultiPolygon", "coordinates": [ [ [ [ -6.8286131, 34.0199632 ], [ -6.82849, 34.0199747 ], [ -6.8285662, 34.0199064 ], [ -6.8286131, 34.0199632 ] ] ] ] } },
{ "type": "Feature", "properties": { "full_id": "w1176291049", "osm_id": "1176291049", "osm_type": "way", "leisure": "garden", "opening_date": null, "fee": null, "access": null, "wikimedia_commons": null, "wikidata": null, "barrier": null, "name": null, "landuse": null }, "geometry": { "type": "MultiPolygon", "coordinates": [ [ [ [ -6.8319885, 34.0231129 ], [ -6.831842, 34.0231945 ], [ -6.8316728, 34.0229667 ], [ -6.8318312, 34.0228851 ], [ -6.8319885, 34.0231129 ] ] ] ] } },
{ "type": "Feature", "properties": { "full_id": "w1176291050", "osm_id": "1176291050", "osm_type": "way", "leisure": "garden", "opening_date": null, "fee": null, "access": null, "wikimedia_commons": null, "wikidata": null, "barrier": null, "name": null, "landuse": null }, "geometry": { "type": "MultiPolygon", "coordinates": [ [ [ [ -6.8322297, 34.0232462 ], [ -6.8322653, 34.023298 ], [ -6.8319228, 34.0234868 ], [ -6.8318666, 34.0233945 ], [ -6.8319136, 34.023369 ], [ -6.8319285, 34.0233875 ], [ -6.8319486, 34.0233766 ], [ -6.8319762, 34.0234097 ], [ -6.8320371, 34.0233737 ], [ -6.8319887, 34.023307 ], [ -6.8321119, 34.0232502 ], [ -6.8321461, 34.0232938 ], [ -6.8322297, 34.0232462 ] ] ] ] } },
{ "type": "Feature", "properties": { "full_id": "w1176306197", "osm_id": "1176306197", "osm_type": "way", "leisure": "garden", "opening_date": null, "fee": null, "access": null, "wikimedia_commons": null, "wikidata": null, "barrier": null, "name": null, "landuse": null }, "geometry": { "type": "MultiPolygon", "coordinates": [ [ [ [ -6.825889, 34.0261071 ], [ -6.8258712, 34.0260955 ], [ -6.8258808, 34.0260871 ], [ -6.8257996, 34.0260463 ], [ -6.8257251, 34.0260025 ], [ -6.825655, 34.0259541 ], [ -6.8255891, 34.0259009 ], [ -6.8256755, 34.0258236 ], [ -6.8256515, 34.0258052 ], [ -6.8256247, 34.0258292 ], [ -6.8255266, 34.0257612 ], [ -6.8255333, 34.0257006 ], [ -6.8254897, 34.0256251 ], [ -6.825479, 34.0256278 ], [ -6.8255266, 34.0259274 ], [ -6.8255383, 34.0259613 ], [ -6.8255553, 34.0259936 ], [ -6.8255773, 34.0260237 ], [ -6.8256039, 34.0260512 ], [ -6.8256487, 34.0260777 ], [ -6.8256965, 34.0261002 ], [ -6.8257469, 34.0261185 ], [ -6.8257993, 34.0261322 ], [ -6.8258532, 34.0261414 ], [ -6.8259243, 34.0261517 ], [ -6.8259962, 34.0261566 ], [ -6.8260684, 34.0261558 ], [ -6.8261737, 34.0261508 ], [ -6.8261753, 34.0261753 ], [ -6.8262582, 34.0261694 ], [ -6.8262562, 34.026156 ], [ -6.8262504, 34.0261434 ], [ -6.8262409, 34.0261324 ], [ -6.8261071, 34.0260451 ], [ -6.8260681, 34.0260757 ], [ -6.8260505, 34.0260602 ], [ -6.8260325, 34.0260743 ], [ -6.8260124, 34.0260566 ], [ -6.8259876, 34.026076 ], [ -6.82596, 34.0260517 ], [ -6.825889, 34.0261071 ] ] ] ] } },
{ "type": "Feature", "properties": { "full_id": "w1177601422", "osm_id": "1177601422", "osm_type": "way", "leisure": "garden", "opening_date": null, "fee": null, "access": null, "wikimedia_commons": null, "wikidata": null, "barrier": null, "name": null, "landuse": null }, "geometry": { "type": "MultiPolygon", "coordinates": [ [ [ [ -6.825426, 34.0250923 ], [ -6.8254554, 34.025177 ], [ -6.825517, 34.0251986 ], [ -6.8256494, 34.0251395 ], [ -6.825597, 34.0250637 ], [ -6.825426, 34.0250923 ] ] ] ] } },
{ "type": "Feature", "properties": { "full_id": "w1177601430", "osm_id": "1177601430", "osm_type": "way", "leisure": "garden", "opening_date": null, "fee": null, "access": null, "wikimedia_commons": null, "wikidata": null, "barrier": null, "name": null, "landuse": null }, "geometry": { "type": "MultiPolygon", "coordinates": [ [ [ [ -6.8266039, 34.020582 ], [ -6.8263356, 34.0207624 ], [ -6.8261175, 34.0205445 ], [ -6.8263694, 34.0203686 ], [ -6.8264423, 34.0204453 ], [ -6.8264588, 34.0204346 ], [ -6.8265489, 34.0205267 ], [ -6.8266039, 34.020582 ] ] ] ] } },
{ "type": "Feature", "properties": { "full_id": "w1177601435", "osm_id": "1177601435", "osm_type": "way", "leisure": "garden", "opening_date": null, "fee": null, "access": null, "wikimedia_commons": null, "wikidata": null, "barrier": null, "name": null, "landuse": null }, "geometry": { "type": "MultiPolygon", "coordinates": [ [ [ [ -6.823924, 34.0228291 ], [ -6.8238318, 34.0226485 ], [ -6.8237413, 34.0226763 ], [ -6.8236868, 34.0225892 ], [ -6.8234825, 34.0226693 ], [ -6.8236231, 34.0229297 ], [ -6.8236752, 34.0229154 ], [ -6.823924, 34.0228291 ] ] ] ] } },
{ "type": "Feature", "properties": { "full_id": "w1177601436", "osm_id": "1177601436", "osm_type": "way", "leisure": "garden", "opening_date": null, "fee": null, "access": null, "wikimedia_commons": null, "wikidata": null, "barrier": null, "name": null, "landuse": null }, "geometry": { "type": "MultiPolygon", "coordinates": [ [ [ [ -6.8241759, 34.0215252 ], [ -6.8241054, 34.0214004 ], [ -6.8230399, 34.0218142 ], [ -6.8230907, 34.021904 ], [ -6.8231105, 34.021939 ], [ -6.8241759, 34.0215252 ] ] ] ] } },
{ "type": "Feature", "properties": { "full_id": "w1177601437", "osm_id": "1177601437", "osm_type": "way", "leisure": "garden", "opening_date": null, "fee": null, "access": null, "wikimedia_commons": null, "wikidata": null, "barrier": null, "name": null, "landuse": null }, "geometry": { "type": "MultiPolygon", "coordinates": [ [ [ [ -6.8243543, 34.0214455 ], [ -6.8246717, 34.0213318 ], [ -6.8246112, 34.0212203 ], [ -6.8242655, 34.0213608 ], [ -6.8242534, 34.0213786 ], [ -6.8242547, 34.021392 ], [ -6.8242601, 34.0214043 ], [ -6.8242682, 34.0214221 ], [ -6.8242816, 34.0214366 ], [ -6.8242937, 34.0214489 ], [ -6.8243126, 34.0214578 ], [ -6.8243543, 34.0214455 ] ] ] ] } },
{ "type": "Feature", "properties": { "full_id": "w1177630571", "osm_id": "1177630571", "osm_type": "way", "leisure": "garden", "opening_date": null, "fee": null, "access": null, "wikimedia_commons": null, "wikidata": null, "barrier": null, "name": null, "landuse": null }, "geometry": { "type": "MultiPolygon", "coordinates": [ [ [ [ -6.8243267, 34.019072 ], [ -6.8241577, 34.0191437 ], [ -6.8239626, 34.0188728 ], [ -6.8239709, 34.01885 ], [ -6.8239764, 34.0188249 ], [ -6.8239942, 34.0188079 ], [ -6.8240066, 34.0187987 ], [ -6.8240327, 34.0187817 ], [ -6.8240684, 34.0187703 ], [ -6.8240904, 34.0187714 ], [ -6.8241082, 34.0187771 ], [ -6.8241385, 34.0187953 ], [ -6.8243267, 34.019072 ] ] ] ] } },
{ "type": "Feature", "properties": { "full_id": "w1177630575", "osm_id": "1177630575", "osm_type": "way", "leisure": "garden", "opening_date": null, "fee": null, "access": null, "wikimedia_commons": null, "wikidata": null, "barrier": null, "name": null, "landuse": null }, "geometry": { "type": "MultiPolygon", "coordinates": [ [ [ [ -6.8238804, 34.0254396 ], [ -6.8236853, 34.025392 ], [ -6.82367, 34.0253865 ], [ -6.8236599, 34.0253796 ], [ -6.8236496, 34.0253663 ], [ -6.8236067, 34.0252861 ], [ -6.8235979, 34.0252719 ], [ -6.8235854, 34.0252614 ], [ -6.8235661, 34.0252535 ], [ -6.8234394, 34.0252253 ], [ -6.8234192, 34.0252181 ], [ -6.823405, 34.0252105 ], [ -6.8233918, 34.0251986 ], [ -6.8233801, 34.0251821 ], [ -6.8233729, 34.0251384 ], [ -6.8239339, 34.0252897 ], [ -6.8239057, 34.0253509 ], [ -6.8239152, 34.0253624 ], [ -6.8238804, 34.0254396 ] ] ] ] } },
{ "type": "Feature", "properties": { "full_id": "w1177630576", "osm_id": "1177630576", "osm_type": "way", "leisure": "garden", "opening_date": null, "fee": null, "access": null, "wikimedia_commons": null, "wikidata": null, "barrier": null, "name": null, "landuse": null }, "geometry": { "type": "MultiPolygon", "coordinates": [ [ [ [ -6.8228331, 34.0251012 ], [ -6.8228399, 34.0250916 ], [ -6.8228547, 34.0250804 ], [ -6.8228686, 34.0250714 ], [ -6.8228794, 34.0250604 ], [ -6.8228867, 34.0250492 ], [ -6.8229029, 34.0250155 ], [ -6.8233438, 34.0251305 ], [ -6.8233594, 34.0251959 ], [ -6.8233711, 34.0252124 ], [ -6.8233843, 34.0252243 ], [ -6.8233985, 34.0252319 ], [ -6.8234187, 34.0252391 ], [ -6.8235454, 34.0252673 ], [ -6.8235647, 34.0252752 ], [ -6.8235772, 34.0252857 ], [ -6.823586, 34.0252999 ], [ -6.8236289, 34.0253801 ], [ -6.8236392, 34.0253934 ], [ -6.8236493, 34.0254003 ], [ -6.8236646, 34.0254058 ], [ -6.8238524, 34.0254572 ], [ -6.8238598, 34.0254629 ], [ -6.823864, 34.0254718 ], [ -6.8238636, 34.0254789 ], [ -6.8238443, 34.0255296 ], [ -6.823839, 34.0255286 ], [ -6.8238165, 34.0255977 ], [ -6.8238082, 34.0256059 ], [ -6.8237971, 34.0256095 ], [ -6.8237815, 34.0256069 ], [ -6.8229592, 34.0253354 ], [ -6.8227782, 34.0252727 ], [ -6.8227796, 34.0252471 ], [ -6.8227838, 34.0252217 ], [ -6.8227907, 34.0251968 ], [ -6.8228331, 34.0251012 ] ] ] ] } },
{ "type": "Feature", "properties": { "full_id": "w1212525923", "osm_id": "1212525923", "osm_type": "way", "leisure": "garden", "opening_date": null, "fee": null, "access": null, "wikimedia_commons": null, "wikidata": null, "barrier": null, "name": null, "landuse": null }, "geometry": { "type": "MultiPolygon", "coordinates": [ [ [ [ -6.88659, 33.9458289 ], [ -6.8867632, 33.9454879 ], [ -6.8869092, 33.9454563 ], [ -6.8870438, 33.9456212 ], [ -6.8864555, 33.9466363 ], [ -6.8860184, 33.946488 ], [ -6.8860414, 33.946444 ], [ -6.8861706, 33.9464645 ], [ -6.8864555, 33.9464777 ], [ -6.8864962, 33.9463985 ], [ -6.8863705, 33.9462649 ], [ -6.8862767, 33.9462297 ], [ -6.8861422, 33.9462737 ], [ -6.886328, 33.945935 ], [ -6.88639, 33.9460212 ], [ -6.8866749, 33.9460447 ], [ -6.8867227, 33.9459772 ], [ -6.88659, 33.9458289 ] ] ] ] } },
{ "type": "Feature", "properties": { "full_id": "w1212525924", "osm_id": "1212525924", "osm_type": "way", "leisure": "garden", "opening_date": null, "fee": null, "access": null, "wikimedia_commons": null, "wikidata": null, "barrier": null, "name": null, "landuse": null }, "geometry": { "type": "MultiPolygon", "coordinates": [ [ [ [ -6.8855919, 33.9463383 ], [ -6.8852026, 33.9462062 ], [ -6.8852837, 33.94603 ], [ -6.8853565, 33.9460227 ], [ -6.8853247, 33.9460917 ], [ -6.8855671, 33.9462634 ], [ -6.8857565, 33.9462576 ], [ -6.8855919, 33.9463383 ] ] ] ] } },
{ "type": "Feature", "properties": { "full_id": "w1212525925", "osm_id": "1212525925", "osm_type": "way", "leisure": "garden", "opening_date": null, "fee": null, "access": null, "wikimedia_commons": null, "wikidata": null, "barrier": null, "name": null, "landuse": null }, "geometry": { "type": "MultiPolygon", "coordinates": [ [ [ [ -6.885084, 33.9471031 ], [ -6.8849389, 33.9471266 ], [ -6.8850345, 33.9469446 ], [ -6.8851442, 33.9469842 ], [ -6.885084, 33.9471031 ] ] ] ] } },
{ "type": "Feature", "properties": { "full_id": "w1212525926", "osm_id": "1212525926", "osm_type": "way", "leisure": "garden", "opening_date": null, "fee": null, "access": null, "wikimedia_commons": null, "wikidata": null, "barrier": null, "name": null, "landuse": null }, "geometry": { "type": "MultiPolygon", "coordinates": [ [ [ [ -6.8849159, 33.947131 ], [ -6.8846522, 33.947178 ], [ -6.8846257, 33.9471207 ], [ -6.8847637, 33.9471002 ], [ -6.884854, 33.947087 ], [ -6.8847885, 33.9468536 ], [ -6.8850097, 33.9469299 ], [ -6.8849159, 33.947131 ] ] ] ] } },
{ "type": "Feature", "properties": { "full_id": "w1212525927", "osm_id": "1212525927", "osm_type": "way", "leisure": "garden", "opening_date": null, "fee": null, "access": null, "wikimedia_commons": null, "wikidata": null, "barrier": null, "name": null, "landuse": null }, "geometry": { "type": "MultiPolygon", "coordinates": [ [ [ [ -6.8848434, 33.9467273 ], [ -6.8849478, 33.9465189 ], [ -6.8851654, 33.9465923 ], [ -6.8853141, 33.9465761 ], [ -6.8852238, 33.9467567 ], [ -6.8851654, 33.9466745 ], [ -6.8849425, 33.9466891 ], [ -6.8848434, 33.9467273 ] ] ] ] } },
{ "type": "Feature", "properties": { "full_id": "w1265555904", "osm_id": "1265555904", "osm_type": "way", "leisure": "garden", "opening_date": null, "fee": null, "access": null, "wikimedia_commons": null, "wikidata": null, "barrier": null, "name": null, "landuse": null }, "geometry": { "type": "MultiPolygon", "coordinates": [ [ [ [ -6.8624173, 34.0109131 ], [ -6.8623242, 34.0110043 ], [ -6.8620028, 34.0107956 ], [ -6.8621127, 34.0106975 ], [ -6.8624173, 34.0109131 ] ] ] ] } },
{ "type": "Feature", "properties": { "full_id": "w1265555906", "osm_id": "1265555906", "osm_type": "way", "leisure": "garden", "opening_date": null, "fee": null, "access": null, "wikimedia_commons": null, "wikidata": null, "barrier": null, "name": null, "landuse": null }, "geometry": { "type": "MultiPolygon", "coordinates": [ [ [ [ -6.8634906, 34.0111805 ], [ -6.8630446, 34.010861 ], [ -6.8629116, 34.0107672 ], [ -6.8628168, 34.0106816 ], [ -6.8627956, 34.0106429 ], [ -6.8628494, 34.0106018 ], [ -6.8628918, 34.01061 ], [ -6.8629272, 34.0106441 ], [ -6.8634906, 34.0111805 ] ] ] ] } },
{ "type": "Feature", "properties": { "full_id": "w1265555907", "osm_id": "1265555907", "osm_type": "way", "leisure": "garden", "opening_date": null, "fee": null, "access": null, "wikimedia_commons": null, "wikidata": null, "barrier": null, "name": null, "landuse": null }, "geometry": { "type": "MultiPolygon", "coordinates": [ [ [ [ -6.8627041, 34.0100439 ], [ -6.8628523, 34.0101064 ], [ -6.8630213, 34.0101867 ], [ -6.863072, 34.0102163 ], [ -6.8630876, 34.0102352 ], [ -6.8630889, 34.010253 ], [ -6.8630772, 34.0102686 ], [ -6.863007, 34.0103294 ], [ -6.8629868, 34.010337 ], [ -6.862968, 34.0103359 ], [ -6.86294, 34.0103246 ], [ -6.8626892, 34.0100827 ], [ -6.8626788, 34.0100666 ], [ -6.8626794, 34.0100531 ], [ -6.8626924, 34.0100434 ], [ -6.8627041, 34.0100439 ] ] ] ] } },
{ "type": "Feature", "properties": { "full_id": "w1265555908", "osm_id": "1265555908", "osm_type": "way", "leisure": "garden", "opening_date": null, "fee": null, "access": null, "wikimedia_commons": null, "wikidata": null, "barrier": null, "name": null, "landuse": null }, "geometry": { "type": "MultiPolygon", "coordinates": [ [ [ [ -6.8640301, 34.0085296 ], [ -6.8640168, 34.0085766 ], [ -6.8640018, 34.0085987 ], [ -6.8639901, 34.008609 ], [ -6.8639751, 34.0086104 ], [ -6.8639676, 34.0086063 ], [ -6.8639559, 34.0085855 ], [ -6.8639126, 34.0084625 ], [ -6.8639076, 34.0084404 ], [ -6.8639092, 34.0084314 ], [ -6.8639184, 34.0084252 ], [ -6.8639284, 34.0084224 ], [ -6.8640301, 34.0085296 ] ] ] ] } },
{ "type": "Feature", "properties": { "full_id": "w1265555909", "osm_id": "1265555909", "osm_type": "way", "leisure": "garden", "opening_date": null, "fee": null, "access": null, "wikimedia_commons": null, "wikidata": null, "barrier": null, "name": null, "landuse": null }, "geometry": { "type": "MultiPolygon", "coordinates": [ [ [ [ -6.8641996, 34.0084133 ], [ -6.8641233, 34.0084879 ], [ -6.8641139, 34.0084922 ], [ -6.864103, 34.0084909 ], [ -6.8640929, 34.0084789 ], [ -6.8639629, 34.0083225 ], [ -6.8639499, 34.0083032 ], [ -6.8639521, 34.0082942 ], [ -6.8639586, 34.0082912 ], [ -6.8639789, 34.0082954 ], [ -6.8642032, 34.0083941 ], [ -6.8642054, 34.0084061 ], [ -6.8641996, 34.0084133 ] ] ] ] } },
{ "type": "Feature", "properties": { "full_id": "w1265555910", "osm_id": "1265555910", "osm_type": "way", "leisure": "garden", "opening_date": null, "fee": null, "access": null, "wikimedia_commons": null, "wikidata": null, "barrier": null, "name": null, "landuse": null }, "geometry": { "type": "MultiPolygon", "coordinates": [ [ [ [ -6.861806, 34.0102603 ], [ -6.8616544, 34.0101566 ], [ -6.8616114, 34.0101796 ], [ -6.8615912, 34.0102027 ], [ -6.8615874, 34.0102351 ], [ -6.861729, 34.0103315 ], [ -6.861758, 34.010321 ], [ -6.8617947, 34.0102938 ], [ -6.8618149, 34.0102749 ], [ -6.861806, 34.0102603 ] ] ] ] } },
{ "type": "Feature", "properties": { "full_id": "w1265555911", "osm_id": "1265555911", "osm_type": "way", "leisure": "garden", "opening_date": null, "fee": null, "access": null, "wikimedia_commons": null, "wikidata": null, "barrier": null, "name": null, "landuse": null }, "geometry": { "type": "MultiPolygon", "coordinates": [ [ [ [ -6.8620227, 34.0106373 ], [ -6.8619776, 34.0106035 ], [ -6.8619589, 34.0106008 ], [ -6.8619457, 34.0106063 ], [ -6.8618643, 34.0106956 ], [ -6.8618643, 34.0107157 ], [ -6.8618819, 34.0107312 ], [ -6.8619171, 34.0107431 ], [ -6.8619281, 34.0107421 ], [ -6.8619578, 34.0107257 ], [ -6.8620139, 34.010671 ], [ -6.8620293, 34.01065 ], [ -6.8620227, 34.0106373 ] ] ] ] } },
{ "type": "Feature", "properties": { "full_id": "w1265555912", "osm_id": "1265555912", "osm_type": "way", "leisure": "garden", "opening_date": null, "fee": null, "access": null, "wikimedia_commons": null, "wikidata": null, "barrier": null, "name": null, "landuse": null }, "geometry": { "type": "MultiPolygon", "coordinates": [ [ [ [ -6.862032, 34.0108998 ], [ -6.8620053, 34.0109268 ], [ -6.8619197, 34.010872 ], [ -6.8619478, 34.0108466 ], [ -6.862032, 34.0108998 ] ] ] ] } },
{ "type": "Feature", "properties": { "full_id": "w1265555913", "osm_id": "1265555913", "osm_type": "way", "leisure": "garden", "opening_date": null, "fee": null, "access": null, "wikimedia_commons": null, "wikidata": null, "barrier": null, "name": null, "landuse": null }, "geometry": { "type": "MultiPolygon", "coordinates": [ [ [ [ -6.8616914, 34.0107947 ], [ -6.8616531, 34.0107701 ], [ -6.8617124, 34.010697 ], [ -6.861859, 34.0108002 ], [ -6.8617977, 34.0108606 ], [ -6.8617642, 34.0108415 ], [ -6.8615836, 34.011024 ], [ -6.8616133, 34.0110637 ], [ -6.861575, 34.0111018 ], [ -6.8614294, 34.0110017 ], [ -6.8614706, 34.0109621 ], [ -6.8615189, 34.0109751 ], [ -6.8616343, 34.0108567 ], [ -6.8616914, 34.0107947 ] ] ] ] } },
{ "type": "Feature", "properties": { "full_id": "w1267184882", "osm_id": "1267184882", "osm_type": "way", "leisure": "garden", "opening_date": null, "fee": null, "access": null, "wikimedia_commons": null, "wikidata": null, "barrier": null, "name": null, "landuse": null }, "geometry": { "type": "MultiPolygon", "coordinates": [ [ [ [ -6.8604819, 34.0097106 ], [ -6.860353, 34.0097787 ], [ -6.8601027, 34.0098577 ], [ -6.8600112, 34.0100311 ], [ -6.8610732, 34.0107334 ], [ -6.8611603, 34.0106445 ], [ -6.8609057, 34.0104598 ], [ -6.8608403, 34.010514 ], [ -6.8607364, 34.0104418 ], [ -6.8609727, 34.0102196 ], [ -6.8610075, 34.0101954 ], [ -6.8609366, 34.0100617 ], [ -6.8604819, 34.0097106 ] ] ] ] } },
{ "type": "Feature", "properties": { "full_id": "w1267184883", "osm_id": "1267184883", "osm_type": "way", "leisure": "garden", "opening_date": null, "fee": null, "access": null, "wikimedia_commons": null, "wikidata": null, "barrier": null, "name": null, "landuse": null }, "geometry": { "type": "MultiPolygon", "coordinates": [ [ [ [ -6.8624934, 34.0108269 ], [ -6.8623561, 34.0107531 ], [ -6.8627208, 34.0104018 ], [ -6.8624591, 34.0102293 ], [ -6.8621098, 34.0105894 ], [ -6.8618105, 34.0103663 ], [ -6.861914, 34.0102652 ], [ -6.8618315, 34.0101994 ], [ -6.8618407, 34.0101907 ], [ -6.8620157, 34.0100259 ], [ -6.8621491, 34.0101055 ], [ -6.8622451, 34.0100368 ], [ -6.8621162, 34.0099262 ], [ -6.862276, 34.0099282 ], [ -6.8625942, 34.0100745 ], [ -6.8629354, 34.0104142 ], [ -6.8624934, 34.0108269 ] ] ] ] } },
{ "type": "Feature", "properties": { "full_id": "w1267457759", "osm_id": "1267457759", "osm_type": "way", "leisure": "garden", "opening_date": null, "fee": null, "access": null, "wikimedia_commons": null, "wikidata": null, "barrier": null, "name": null, "landuse": null }, "geometry": { "type": "MultiPolygon", "coordinates": [ [ [ [ -6.8616313, 34.0097571 ], [ -6.8611359, 34.0095638 ], [ -6.8612713, 34.0096558 ], [ -6.8615182, 34.0098235 ], [ -6.8614295, 34.009922 ], [ -6.8611766, 34.0097523 ], [ -6.8611251, 34.0098006 ], [ -6.8609869, 34.0096935 ], [ -6.8611268, 34.009558 ], [ -6.8606698, 34.0092921 ], [ -6.8605656, 34.0094192 ], [ -6.8605345, 34.0095888 ], [ -6.8605828, 34.0096171 ], [ -6.8607519, 34.009441 ], [ -6.8609861, 34.0095933 ], [ -6.860824, 34.0097982 ], [ -6.8610212, 34.0099296 ], [ -6.8613454, 34.0100669 ], [ -6.8615195, 34.0101808 ], [ -6.8615783, 34.0101333 ], [ -6.8618643, 34.0098387 ], [ -6.8616313, 34.0097571 ] ] ] ] } },
{ "type": "Feature", "properties": { "full_id": "w1274605947", "osm_id": "1274605947", "osm_type": "way", "leisure": "garden", "opening_date": null, "fee": null, "access": null, "wikimedia_commons": null, "wikidata": null, "barrier": null, "name": null, "landuse": null }, "geometry": { "type": "MultiPolygon", "coordinates": [ [ [ [ -6.8335315, 34.0189243 ], [ -6.8335215, 34.018917 ], [ -6.8335083, 34.0189149 ], [ -6.8334957, 34.0189184 ], [ -6.8334868, 34.0189268 ], [ -6.8334843, 34.0189377 ], [ -6.8334886, 34.0189482 ], [ -6.8334987, 34.0189555 ], [ -6.8335118, 34.0189576 ], [ -6.8335245, 34.0189541 ], [ -6.8335333, 34.0189457 ], [ -6.8335359, 34.0189348 ], [ -6.8335315, 34.0189243 ] ] ] ] } },
{ "type": "Feature", "properties": { "full_id": "w1274605948", "osm_id": "1274605948", "osm_type": "way", "leisure": "garden", "opening_date": null, "fee": null, "access": null, "wikimedia_commons": null, "wikidata": null, "barrier": null, "name": null, "landuse": null }, "geometry": { "type": "MultiPolygon", "coordinates": [ [ [ [ -6.8336618, 34.0188159 ], [ -6.8337531, 34.0187522 ], [ -6.8337808, 34.0187796 ], [ -6.8336895, 34.0188433 ], [ -6.8336618, 34.0188159 ] ] ] ] } },
{ "type": "Feature", "properties": { "full_id": "w1274605949", "osm_id": "1274605949", "osm_type": "way", "leisure": "garden", "opening_date": null, "fee": null, "access": null, "wikimedia_commons": null, "wikidata": null, "barrier": null, "name": null, "landuse": null }, "geometry": { "type": "MultiPolygon", "coordinates": [ [ [ [ -6.833753, 34.0188873 ], [ -6.8337883, 34.0189171 ], [ -6.8336796, 34.0190086 ], [ -6.8336626, 34.019018 ], [ -6.8336434, 34.019024 ], [ -6.833623, 34.019026 ], [ -6.8336027, 34.0190242 ], [ -6.8335834, 34.0190185 ], [ -6.8335223, 34.0189803 ], [ -6.8335875, 34.0189199 ], [ -6.8335928, 34.0189153 ], [ -6.8335997, 34.0189124 ], [ -6.8336074, 34.0189116 ], [ -6.8336149, 34.018913 ], [ -6.8336406, 34.0189204 ], [ -6.8336536, 34.0189221 ], [ -6.8336663, 34.0189193 ], [ -6.8336766, 34.0189126 ], [ -6.8337125, 34.0188841 ], [ -6.8337223, 34.0188793 ], [ -6.8337336, 34.0188783 ], [ -6.8337445, 34.0188811 ], [ -6.833753, 34.0188873 ] ] ] ] } },
{ "type": "Feature", "properties": { "full_id": "w1274605950", "osm_id": "1274605950", "osm_type": "way", "leisure": "garden", "opening_date": null, "fee": null, "access": null, "wikimedia_commons": null, "wikidata": null, "barrier": null, "name": null, "landuse": null }, "geometry": { "type": "MultiPolygon", "coordinates": [ [ [ [ -6.8338199, 34.0188253 ], [ -6.8338147, 34.0188319 ], [ -6.8338122, 34.0188395 ], [ -6.8338129, 34.0188474 ], [ -6.8338166, 34.0188546 ], [ -6.8338378, 34.0188755 ], [ -6.8339617, 34.0187706 ], [ -6.8339698, 34.0187636 ], [ -6.8339746, 34.0187549 ], [ -6.8339756, 34.0187452 ], [ -6.8339727, 34.0187359 ], [ -6.8339663, 34.0187279 ], [ -6.8339257, 34.0186889 ], [ -6.8338602, 34.0187301 ], [ -6.8338547, 34.0187345 ], [ -6.8338516, 34.0187402 ], [ -6.8338513, 34.0187466 ], [ -6.833854, 34.0187525 ], [ -6.8338624, 34.018765 ], [ -6.8338664, 34.0187704 ], [ -6.8338673, 34.0187767 ], [ -6.833865, 34.0187827 ], [ -6.8338598, 34.0187873 ], [ -6.8338199, 34.0188253 ] ] ] ] } },
{ "type": "Feature", "properties": { "full_id": "w1274605951", "osm_id": "1274605951", "osm_type": "way", "leisure": "garden", "opening_date": null, "fee": null, "access": null, "wikimedia_commons": null, "wikidata": null, "barrier": null, "name": null, "landuse": null }, "geometry": { "type": "MultiPolygon", "coordinates": [ [ [ [ -6.8338466, 34.0187138 ], [ -6.8338367, 34.0187184 ], [ -6.833826, 34.0187215 ], [ -6.8338147, 34.0187228 ], [ -6.8338034, 34.0187224 ], [ -6.8337711, 34.0187205 ], [ -6.8337368, 34.0187224 ], [ -6.8337039, 34.0187306 ], [ -6.833674, 34.0187447 ], [ -6.8336487, 34.018764 ], [ -6.8336293, 34.0187876 ], [ -6.8336167, 34.0188141 ], [ -6.8336047, 34.0188447 ], [ -6.8336005, 34.0188539 ], [ -6.8335935, 34.0188618 ], [ -6.8335841, 34.0188678 ], [ -6.8335735, 34.0188721 ], [ -6.8334379, 34.0189274 ], [ -6.8332584, 34.0188151 ], [ -6.8337864, 34.0186376 ], [ -6.8338115, 34.0186308 ], [ -6.8338379, 34.0186307 ], [ -6.8338631, 34.0186372 ], [ -6.8338847, 34.0186497 ], [ -6.8339097, 34.0186736 ], [ -6.8338466, 34.0187138 ] ] ] ] } },
{ "type": "Feature", "properties": { "full_id": "w1274903348", "osm_id": "1274903348", "osm_type": "way", "leisure": "garden", "opening_date": null, "fee": null, "access": null, "wikimedia_commons": null, "wikidata": null, "barrier": null, "name": null, "landuse": null }, "geometry": { "type": "MultiPolygon", "coordinates": [ [ [ [ -6.8317972, 34.0211052 ], [ -6.8318374, 34.0211064 ], [ -6.8318386, 34.0210758 ], [ -6.8317984, 34.0210747 ], [ -6.8317972, 34.0211052 ] ] ] ] } },
{ "type": "Feature", "properties": { "full_id": "w1274903349", "osm_id": "1274903349", "osm_type": "way", "leisure": "garden", "opening_date": null, "fee": null, "access": null, "wikimedia_commons": null, "wikidata": null, "barrier": null, "name": null, "landuse": null }, "geometry": { "type": "MultiPolygon", "coordinates": [ [ [ [ -6.8318271, 34.0213765 ], [ -6.8317849, 34.0213753 ], [ -6.831796, 34.0211117 ], [ -6.8318382, 34.0211129 ], [ -6.8318271, 34.0213765 ] ] ] ] } },
{ "type": "Feature", "properties": { "full_id": "w1274903371", "osm_id": "1274903371", "osm_type": "way", "leisure": "garden", "opening_date": null, "fee": null, "access": null, "wikimedia_commons": null, "wikidata": null, "barrier": null, "name": null, "landuse": null }, "geometry": { "type": "MultiPolygon", "coordinates": [ [ [ [ -6.8321023, 34.0214627 ], [ -6.8321188, 34.0214828 ], [ -6.8329168, 34.0210519 ], [ -6.8328608, 34.0209667 ], [ -6.832645, 34.0210536 ], [ -6.8326707, 34.0210975 ], [ -6.8325657, 34.0211398 ], [ -6.8325993, 34.0211976 ], [ -6.832399, 34.0213044 ], [ -6.8321023, 34.0214627 ] ] ] ] } },
{ "type": "Feature", "properties": { "full_id": "w1274903395", "osm_id": "1274903395", "osm_type": "way", "leisure": "garden", "opening_date": null, "fee": null, "access": null, "wikimedia_commons": null, "wikidata": null, "barrier": null, "name": null, "landuse": null }, "geometry": { "type": "MultiPolygon", "coordinates": [ [ [ [ -6.8335325, 34.0195829 ], [ -6.8334493, 34.0195987 ], [ -6.8334337, 34.0196762 ], [ -6.8336152, 34.0198359 ], [ -6.8336644, 34.0198164 ], [ -6.8336401, 34.0197743 ], [ -6.8336331, 34.0197614 ], [ -6.8335931, 34.0196925 ], [ -6.8335325, 34.0195829 ] ] ] ] } },
{ "type": "Feature", "properties": { "full_id": "w1274903396", "osm_id": "1274903396", "osm_type": "way", "leisure": "garden", "opening_date": null, "fee": null, "access": null, "wikimedia_commons": null, "wikidata": null, "barrier": null, "name": null, "landuse": null }, "geometry": { "type": "MultiPolygon", "coordinates": [ [ [ [ -6.833405, 34.0197748 ], [ -6.8334276, 34.0196891 ], [ -6.8336006, 34.0198417 ], [ -6.8335326, 34.0198687 ], [ -6.8335481, 34.0198955 ], [ -6.8334596, 34.0199301 ], [ -6.8333217, 34.0199887 ], [ -6.833297, 34.0199473 ], [ -6.8332683, 34.0199001 ], [ -6.8333258, 34.0198719 ], [ -6.8333493, 34.0198576 ], [ -6.8333695, 34.0198402 ], [ -6.8333858, 34.0198202 ], [ -6.8333978, 34.0197982 ], [ -6.833405, 34.0197748 ] ] ] ] } },
{ "type": "Feature", "properties": { "full_id": "w1274935394", "osm_id": "1274935394", "osm_type": "way", "leisure": "garden", "opening_date": null, "fee": null, "access": null, "wikimedia_commons": null, "wikidata": null, "barrier": null, "name": null, "landuse": null }, "geometry": { "type": "MultiPolygon", "coordinates": [ [ [ [ -6.8373993, 33.9911552 ], [ -6.8373588, 33.9911054 ], [ -6.8373452, 33.9910792 ], [ -6.8373377, 33.9910513 ], [ -6.8373366, 33.9910228 ], [ -6.837342, 33.9909946 ], [ -6.8373546, 33.9909661 ], [ -6.8373738, 33.9909402 ], [ -6.8373988, 33.9909181 ], [ -6.8374286, 33.9909005 ], [ -6.8374684, 33.9908895 ], [ -6.8375101, 33.9908862 ], [ -6.8375517, 33.9908909 ], [ -6.8375909, 33.9909033 ], [ -6.8376212, 33.9909197 ], [ -6.8376471, 33.9909407 ], [ -6.8376675, 33.9909655 ], [ -6.8376817, 33.9909932 ], [ -6.8376991, 33.9910365 ], [ -6.8377129, 33.9910496 ], [ -6.8377329, 33.9910547 ], [ -6.8377532, 33.9910502 ], [ -6.8377675, 33.9910375 ], [ -6.8377715, 33.9910204 ], [ -6.8377697, 33.9909945 ], [ -6.8377601, 33.9909597 ], [ -6.837743, 33.990927 ], [ -6.8377195, 33.9908977 ], [ -6.83769, 33.9908723 ], [ -6.8376556, 33.9908517 ], [ -6.8376182, 33.9908355 ], [ -6.8375781, 33.9908243 ], [ -6.8375364, 33.9908185 ], [ -6.8374942, 33.9908182 ], [ -6.8374431, 33.9908253 ], [ -6.8373947, 33.9908404 ], [ -6.8373506, 33.990863 ], [ -6.8373126, 33.9908921 ], [ -6.8372899, 33.9909233 ], [ -6.8372733, 33.990957 ], [ -6.8372631, 33.9909924 ], [ -6.8372596, 33.9910287 ], [ -6.8372641, 33.9910712 ], [ -6.8372777, 33.9911123 ], [ -6.8373, 33.9911507 ], [ -6.8373393, 33.9911915 ], [ -6.8373543, 33.9912009 ], [ -6.8373729, 33.991203 ], [ -6.8373903, 33.9911973 ], [ -6.8374022, 33.9911852 ], [ -6.8374055, 33.9911699 ], [ -6.8373993, 33.9911552 ] ] ] ] } },
{ "type": "Feature", "properties": { "full_id": "w1274935395", "osm_id": "1274935395", "osm_type": "way", "leisure": "garden", "opening_date": null, "fee": null, "access": null, "wikimedia_commons": null, "wikidata": null, "barrier": null, "name": null, "landuse": null }, "geometry": { "type": "MultiPolygon", "coordinates": [ [ [ [ -6.8379861, 33.9902486 ], [ -6.8379464, 33.9901806 ], [ -6.8380835, 33.9901259 ], [ -6.838123, 33.9901938 ], [ -6.8379861, 33.9902486 ] ] ] ] } },
{ "type": "Feature", "properties": { "full_id": "w1274935396", "osm_id": "1274935396", "osm_type": "way", "leisure": "garden", "opening_date": null, "fee": null, "access": null, "wikimedia_commons": null, "wikidata": null, "barrier": null, "name": null, "landuse": null }, "geometry": { "type": "MultiPolygon", "coordinates": [ [ [ [ -6.83735, 33.991304 ], [ -6.8371501, 33.9912811 ], [ -6.8371394, 33.9913267 ], [ -6.8370482, 33.991325 ], [ -6.8369579, 33.9913144 ], [ -6.8368698, 33.991295 ], [ -6.8367883, 33.9912685 ], [ -6.8367109, 33.9912344 ], [ -6.836733, 33.9911894 ], [ -6.8366653, 33.9911622 ], [ -6.8366344, 33.991175 ], [ -6.8366599, 33.9912194 ], [ -6.8363099, 33.9913545 ], [ -6.8363757, 33.9914746 ], [ -6.8364015, 33.9915216 ], [ -6.83735, 33.991304 ] ] ] ] } },
{ "type": "Feature", "properties": { "full_id": "w1274935398", "osm_id": "1274935398", "osm_type": "way", "leisure": "garden", "opening_date": null, "fee": null, "access": null, "wikimedia_commons": null, "wikidata": null, "barrier": null, "name": null, "landuse": null }, "geometry": { "type": "MultiPolygon", "coordinates": [ [ [ [ -6.8384969, 33.9896031 ], [ -6.8385923, 33.9897738 ], [ -6.8385431, 33.9897933 ], [ -6.8385271, 33.9897994 ], [ -6.8384314, 33.9896282 ], [ -6.8384969, 33.9896031 ] ] ] ] } },
{ "type": "Feature", "properties": { "full_id": "w1274935403", "osm_id": "1274935403", "osm_type": "way", "leisure": "garden", "opening_date": null, "fee": null, "access": null, "wikimedia_commons": null, "wikidata": null, "barrier": null, "name": null, "landuse": null }, "geometry": { "type": "MultiPolygon", "coordinates": [ [ [ [ -6.8373966, 33.9895612 ], [ -6.8374155, 33.9895916 ], [ -6.8374015, 33.9895981 ], [ -6.8373824, 33.9895674 ], [ -6.8373966, 33.9895612 ] ] ] ] } },
{ "type": "Feature", "properties": { "full_id": "w1274935407", "osm_id": "1274935407", "osm_type": "way", "leisure": "garden", "opening_date": null, "fee": null, "access": null, "wikimedia_commons": null, "wikidata": null, "barrier": null, "name": null, "landuse": null }, "geometry": { "type": "MultiPolygon", "coordinates": [ [ [ [ -6.8372277, 33.9909022 ], [ -6.8368012, 33.9910735 ], [ -6.8370252, 33.9911452 ], [ -6.8370118, 33.9911874 ], [ -6.8370788, 33.9911963 ], [ -6.8370855, 33.9911463 ], [ -6.8372062, 33.991153 ], [ -6.8372116, 33.9912008 ], [ -6.8372666, 33.9912086 ], [ -6.8372375, 33.9911733 ], [ -6.8372151, 33.9911349 ], [ -6.8372001, 33.991094 ], [ -6.8371928, 33.9910518 ], [ -6.837193, 33.9910123 ], [ -6.8371999, 33.9909732 ], [ -6.8372133, 33.9909354 ], [ -6.8372277, 33.9909022 ] ] ] ] } },
{ "type": "Feature", "properties": { "full_id": "w1274935421", "osm_id": "1274935421", "osm_type": "way", "leisure": "garden", "opening_date": null, "fee": null, "access": null, "wikimedia_commons": null, "wikidata": null, "barrier": null, "name": null, "landuse": null }, "geometry": { "type": "MultiPolygon", "coordinates": [ [ [ [ -6.8376803, 33.9897336 ], [ -6.8376622, 33.9897046 ], [ -6.8376166, 33.989723 ], [ -6.8376602, 33.989753 ], [ -6.8376803, 33.9897336 ] ] ] ] } },
{ "type": "Feature", "properties": { "full_id": "w1274935443", "osm_id": "1274935443", "osm_type": "way", "leisure": "garden", "opening_date": null, "fee": null, "access": null, "wikimedia_commons": null, "wikidata": null, "barrier": null, "name": null, "landuse": null }, "geometry": { "type": "MultiPolygon", "coordinates": [ [ [ [ -6.8376535, 33.9896896 ], [ -6.837618, 33.9896251 ], [ -6.8375891, 33.9896251 ], [ -6.8375912, 33.9896857 ], [ -6.8375952, 33.9897008 ], [ -6.8376005, 33.9897102 ], [ -6.8376535, 33.9896896 ] ] ] ] } },
{ "type": "Feature", "properties": { "full_id": "w1274935444", "osm_id": "1274935444", "osm_type": "way", "leisure": "garden", "opening_date": null, "fee": null, "access": null, "wikimedia_commons": null, "wikidata": null, "barrier": null, "name": null, "landuse": null }, "geometry": { "type": "MultiPolygon", "coordinates": [ [ [ [ -6.8373719, 33.9898598 ], [ -6.8373196, 33.9897405 ], [ -6.8373394, 33.9897338 ], [ -6.8373518, 33.9897447 ], [ -6.8373712, 33.9897586 ], [ -6.8373864, 33.9897686 ], [ -6.8373974, 33.9897819 ], [ -6.8374035, 33.9898005 ], [ -6.8374014, 33.9898197 ], [ -6.8374007, 33.9898353 ], [ -6.8373997, 33.9898498 ], [ -6.8373719, 33.9898598 ] ] ] ] } },
{ "type": "Feature", "properties": { "full_id": "w1274935455", "osm_id": "1274935455", "osm_type": "way", "leisure": "garden", "opening_date": null, "fee": null, "access": null, "wikimedia_commons": null, "wikidata": null, "barrier": null, "name": null, "landuse": null }, "geometry": { "type": "MultiPolygon", "coordinates": [ [ [ [ -6.837907, 33.9904241 ], [ -6.8378634, 33.9903462 ], [ -6.8379376, 33.9903177 ], [ -6.8379811, 33.9903955 ], [ -6.837907, 33.9904241 ] ] ] ] } },
{ "type": "Feature", "properties": { "full_id": "w1274935456", "osm_id": "1274935456", "osm_type": "way", "leisure": "garden", "opening_date": null, "fee": null, "access": null, "wikimedia_commons": null, "wikidata": null, "barrier": null, "name": null, "landuse": null }, "geometry": { "type": "MultiPolygon", "coordinates": [ [ [ [ -6.8379747, 33.9905431 ], [ -6.8379177, 33.990443 ], [ -6.8379896, 33.9904148 ], [ -6.8380466, 33.9905149 ], [ -6.8379747, 33.9905431 ] ] ] ] } },
{ "type": "Feature", "properties": { "full_id": "w1274935457", "osm_id": "1274935457", "osm_type": "way", "leisure": "garden", "opening_date": null, "fee": null, "access": null, "wikimedia_commons": null, "wikidata": null, "barrier": null, "name": null, "landuse": null }, "geometry": { "type": "MultiPolygon", "coordinates": [ [ [ [ -6.8380801, 33.9906098 ], [ -6.8380617, 33.9906059 ], [ -6.8380427, 33.9906055 ], [ -6.8380262, 33.9906083 ], [ -6.8380108, 33.9906137 ], [ -6.8375631, 33.9907657 ], [ -6.8376167, 33.9907788 ], [ -6.8376679, 33.9907974 ], [ -6.8377158, 33.990821 ], [ -6.8377623, 33.9908516 ], [ -6.8378036, 33.990887 ], [ -6.8378466, 33.9909302 ], [ -6.8379439, 33.990787 ], [ -6.8380005, 33.990807 ], [ -6.8380295, 33.990757 ], [ -6.8379718, 33.9907324 ], [ -6.8380007, 33.9906735 ], [ -6.8380536, 33.9906861 ], [ -6.8380801, 33.9906098 ] ] ] ] } },
{ "type": "Feature", "properties": { "full_id": "w1274935460", "osm_id": "1274935460", "osm_type": "way", "leisure": "garden", "opening_date": null, "fee": null, "access": null, "wikimedia_commons": null, "wikidata": null, "barrier": null, "name": null, "landuse": null }, "geometry": { "type": "MultiPolygon", "coordinates": [ [ [ [ -6.8374912, 33.9899744 ], [ -6.837563, 33.9901015 ], [ -6.837406, 33.9901625 ], [ -6.8373342, 33.9900355 ], [ -6.8374912, 33.9899744 ] ] ] ] } },
{ "type": "Feature", "properties": { "full_id": "w1274935461", "osm_id": "1274935461", "osm_type": "way", "leisure": "garden", "opening_date": null, "fee": null, "access": null, "wikimedia_commons": null, "wikidata": null, "barrier": null, "name": null, "landuse": null }, "geometry": { "type": "MultiPolygon", "coordinates": [ [ [ [ -6.8380034, 33.9895503 ], [ -6.8378604, 33.9896057 ], [ -6.8378632, 33.9896103 ], [ -6.8377874, 33.9896418 ], [ -6.8378203, 33.9896962 ], [ -6.8377217, 33.9897372 ], [ -6.8377557, 33.9897933 ], [ -6.837697, 33.9898156 ], [ -6.8377071, 33.9898333 ], [ -6.8377259, 33.9898666 ], [ -6.8377477, 33.9899067 ], [ -6.8378229, 33.9898766 ], [ -6.8378333, 33.9898945 ], [ -6.8380573, 33.9898051 ], [ -6.8380907, 33.9898628 ], [ -6.8381134, 33.9898664 ], [ -6.8382067, 33.9898292 ], [ -6.8381969, 33.9898122 ], [ -6.8382088, 33.9898074 ], [ -6.8381976, 33.9897881 ], [ -6.8382428, 33.98977 ], [ -6.8383103, 33.9898862 ], [ -6.838419, 33.9898428 ], [ -6.8384469, 33.9898317 ], [ -6.838451, 33.9898386 ], [ -6.8384755, 33.9898289 ], [ -6.8384782, 33.9898336 ], [ -6.838499, 33.9898253 ], [ -6.8384937, 33.9898122 ], [ -6.8385072, 33.989807 ], [ -6.8384437, 33.9896976 ], [ -6.8384142, 33.9897074 ], [ -6.8384215, 33.9897242 ], [ -6.8384188, 33.9897411 ], [ -6.8384078, 33.9897555 ], [ -6.8383905, 33.9897647 ], [ -6.8383733, 33.989767 ], [ -6.8383563, 33.9897641 ], [ -6.8383417, 33.9897563 ], [ -6.8383314, 33.9897447 ], [ -6.8383013, 33.9896963 ], [ -6.838196, 33.9897358 ], [ -6.8381678, 33.9896827 ], [ -6.8380958, 33.9897108 ], [ -6.8380034, 33.9895503 ] ] ] ] } },
{ "type": "Feature", "properties": { "full_id": "w1274935464", "osm_id": "1274935464", "osm_type": "way", "leisure": "garden", "opening_date": null, "fee": null, "access": null, "wikimedia_commons": null, "wikidata": null, "barrier": null, "name": null, "landuse": null }, "geometry": { "type": "MultiPolygon", "coordinates": [ [ [ [ -6.8380398, 33.988819 ], [ -6.8381922, 33.9887554 ], [ -6.8388779, 33.9899348 ], [ -6.8388766, 33.9901183 ], [ -6.8392915, 33.9908407 ], [ -6.8387823, 33.9909883 ], [ -6.8379499, 33.9911654 ], [ -6.8377426, 33.9912113 ], [ -6.83773, 33.9911919 ], [ -6.8377097, 33.9911608 ], [ -6.8378044, 33.9911179 ], [ -6.8378574, 33.9910873 ], [ -6.8379061, 33.9910522 ], [ -6.8379499, 33.9910129 ], [ -6.8380113, 33.9909532 ], [ -6.8380693, 33.9908911 ], [ -6.8381001, 33.9908411 ], [ -6.8381403, 33.9908516 ], [ -6.8381772, 33.9907751 ], [ -6.8382047, 33.990696 ], [ -6.8382193, 33.9906341 ], [ -6.8382282, 33.9905714 ], [ -6.8382302, 33.9904941 ], [ -6.8381786, 33.9904925 ], [ -6.8381712, 33.9904485 ], [ -6.8382957, 33.9904067 ], [ -6.8383784, 33.9905512 ], [ -6.8388651, 33.9903597 ], [ -6.8388288, 33.9902962 ], [ -6.8388872, 33.9902732 ], [ -6.8386889, 33.9899267 ], [ -6.8386798, 33.9899302 ], [ -6.8386615, 33.9898986 ], [ -6.8386124, 33.9899179 ], [ -6.838561, 33.9898254 ], [ -6.8385498, 33.9898053 ], [ -6.8385967, 33.9897869 ], [ -6.8385911, 33.9897772 ], [ -6.8386474, 33.9897548 ], [ -6.8383913, 33.989313 ], [ -6.8384094, 33.9893058 ], [ -6.8383744, 33.9892453 ], [ -6.838416, 33.9892288 ], [ -6.8383723, 33.9891537 ], [ -6.8378796, 33.9893466 ], [ -6.837988, 33.9895291 ], [ -6.837847, 33.9895866 ], [ -6.8378431, 33.9895801 ], [ -6.8377676, 33.9896107 ], [ -6.8377369, 33.9895587 ], [ -6.8376445, 33.9895962 ], [ -6.8375976, 33.9895168 ], [ -6.8374307, 33.9895845 ], [ -6.8374128, 33.9895541 ], [ -6.8375227, 33.9895095 ], [ -6.8374585, 33.9894005 ], [ -6.8372013, 33.9895048 ], [ -6.8372664, 33.9896151 ], [ -6.8373646, 33.9895752 ], [ -6.8373832, 33.9896067 ], [ -6.8371925, 33.989684 ], [ -6.8373576, 33.9899592 ], [ -6.8374598, 33.9899178 ], [ -6.8374801, 33.9899544 ], [ -6.8373243, 33.9900175 ], [ -6.8368907, 33.9892826 ], [ -6.8372865, 33.9891227 ], [ -6.8373882, 33.9892958 ], [ -6.837743, 33.9891525 ], [ -6.8376422, 33.9889809 ], [ -6.8379932, 33.9888345 ], [ -6.8380412, 33.9889138 ], [ -6.838086, 33.9888951 ], [ -6.8380398, 33.988819 ] ] ] ] } },
{ "type": "Feature", "properties": { "full_id": "w1275197290", "osm_id": "1275197290", "osm_type": "way", "leisure": "garden", "opening_date": null, "fee": null, "access": null, "wikimedia_commons": null, "wikidata": null, "barrier": null, "name": null, "landuse": null }, "geometry": { "type": "MultiPolygon", "coordinates": [ [ [ [ -6.8351559, 33.9917821 ], [ -6.8350581, 33.9915082 ], [ -6.8347331, 33.991588 ], [ -6.8348309, 33.9918619 ], [ -6.8351559, 33.9917821 ] ] ] ] } },
{ "type": "Feature", "properties": { "full_id": "w1275197294", "osm_id": "1275197294", "osm_type": "way", "leisure": "garden", "opening_date": null, "fee": null, "access": null, "wikimedia_commons": null, "wikidata": null, "barrier": null, "name": null, "landuse": null }, "geometry": { "type": "MultiPolygon", "coordinates": [ [ [ [ -6.8362579, 33.9896465 ], [ -6.836212, 33.9896649 ], [ -6.8361765, 33.9896037 ], [ -6.8362224, 33.9895854 ], [ -6.8362579, 33.9896465 ] ] ] ] } },
{ "type": "Feature", "properties": { "full_id": "w1275197295", "osm_id": "1275197295", "osm_type": "way", "leisure": "garden", "opening_date": null, "fee": null, "access": null, "wikimedia_commons": null, "wikidata": null, "barrier": null, "name": null, "landuse": null }, "geometry": { "type": "MultiPolygon", "coordinates": [ [ [ [ -6.8363042, 33.989721 ], [ -6.8362583, 33.9897394 ], [ -6.8362227, 33.9896782 ], [ -6.8362687, 33.9896599 ], [ -6.8363042, 33.989721 ] ] ] ] } },
{ "type": "Feature", "properties": { "full_id": "w1275197296", "osm_id": "1275197296", "osm_type": "way", "leisure": "garden", "opening_date": null, "fee": null, "access": null, "wikimedia_commons": null, "wikidata": null, "barrier": null, "name": null, "landuse": null }, "geometry": { "type": "MultiPolygon", "coordinates": [ [ [ [ -6.8363525, 33.9898056 ], [ -6.8363066, 33.9898239 ], [ -6.8362683, 33.9897583 ], [ -6.8363143, 33.9897399 ], [ -6.8363525, 33.9898056 ] ] ] ] } },
{ "type": "Feature", "properties": { "full_id": "w1275197297", "osm_id": "1275197297", "osm_type": "way", "leisure": "garden", "opening_date": null, "fee": null, "access": null, "wikimedia_commons": null, "wikidata": null, "barrier": null, "name": null, "landuse": null }, "geometry": { "type": "MultiPolygon", "coordinates": [ [ [ [ -6.8364034, 33.9898906 ], [ -6.8363575, 33.989909 ], [ -6.83632, 33.9898434 ], [ -6.8363659, 33.989825 ], [ -6.8364034, 33.9898906 ] ] ] ] } },
{ "type": "Feature", "properties": { "full_id": "w1275197298", "osm_id": "1275197298", "osm_type": "way", "leisure": "garden", "opening_date": null, "fee": null, "access": null, "wikimedia_commons": null, "wikidata": null, "barrier": null, "name": null, "landuse": null }, "geometry": { "type": "MultiPolygon", "coordinates": [ [ [ [ -6.8364504, 33.989969 ], [ -6.8364045, 33.9899874 ], [ -6.8363689, 33.9899262 ], [ -6.8364148, 33.9899079 ], [ -6.8364504, 33.989969 ] ] ] ] } },
{ "type": "Feature", "properties": { "full_id": "w1275197299", "osm_id": "1275197299", "osm_type": "way", "leisure": "garden", "opening_date": null, "fee": null, "access": null, "wikimedia_commons": null, "wikidata": null, "barrier": null, "name": null, "landuse": null }, "geometry": { "type": "MultiPolygon", "coordinates": [ [ [ [ -6.8364966, 33.9900474 ], [ -6.8364507, 33.9900658 ], [ -6.8364152, 33.9900046 ], [ -6.8364611, 33.9899862 ], [ -6.8364966, 33.9900474 ] ] ] ] } },
{ "type": "Feature", "properties": { "full_id": "w1275197300", "osm_id": "1275197300", "osm_type": "way", "leisure": "garden", "opening_date": null, "fee": null, "access": null, "wikimedia_commons": null, "wikidata": null, "barrier": null, "name": null, "landuse": null }, "geometry": { "type": "MultiPolygon", "coordinates": [ [ [ [ -6.8365443, 33.9901341 ], [ -6.8364983, 33.9901525 ], [ -6.8364628, 33.9900913 ], [ -6.8365087, 33.990073 ], [ -6.8365443, 33.9901341 ] ] ] ] } },
{ "type": "Feature", "properties": { "full_id": "w1275197301", "osm_id": "1275197301", "osm_type": "way", "leisure": "garden", "opening_date": null, "fee": null, "access": null, "wikimedia_commons": null, "wikidata": null, "barrier": null, "name": null, "landuse": null }, "geometry": { "type": "MultiPolygon", "coordinates": [ [ [ [ -6.8365932, 33.9902164 ], [ -6.8365473, 33.9902348 ], [ -6.8365117, 33.9901736 ], [ -6.8365577, 33.9901553 ], [ -6.8365932, 33.9902164 ] ] ] ] } },
{ "type": "Feature", "properties": { "full_id": "w1275197302", "osm_id": "1275197302", "osm_type": "way", "leisure": "garden", "opening_date": null, "fee": null, "access": null, "wikimedia_commons": null, "wikidata": null, "barrier": null, "name": null, "landuse": null }, "geometry": { "type": "MultiPolygon", "coordinates": [ [ [ [ -6.8366396, 33.9902951 ], [ -6.8365937, 33.9903134 ], [ -6.8365582, 33.9902523 ], [ -6.8366041, 33.9902339 ], [ -6.8366396, 33.9902951 ] ] ] ] } },
{ "type": "Feature", "properties": { "full_id": "w1275197303", "osm_id": "1275197303", "osm_type": "way", "leisure": "garden", "opening_date": null, "fee": null, "access": null, "wikimedia_commons": null, "wikidata": null, "barrier": null, "name": null, "landuse": null }, "geometry": { "type": "MultiPolygon", "coordinates": [ [ [ [ -6.8366719, 33.9903038 ], [ -6.8367338, 33.9902787 ], [ -6.8367524, 33.9903104 ], [ -6.8366904, 33.9903352 ], [ -6.8366719, 33.9903038 ] ] ] ] } },
{ "type": "Feature", "properties": { "full_id": "w1275197304", "osm_id": "1275197304", "osm_type": "way", "leisure": "garden", "opening_date": null, "fee": null, "access": null, "wikimedia_commons": null, "wikidata": null, "barrier": null, "name": null, "landuse": null }, "geometry": { "type": "MultiPolygon", "coordinates": [ [ [ [ -6.8366031, 33.9903311 ], [ -6.8366497, 33.9903123 ], [ -6.8366684, 33.990344 ], [ -6.8366217, 33.9903627 ], [ -6.8366031, 33.9903311 ] ] ] ] } },
{ "type": "Feature", "properties": { "full_id": "w1275197305", "osm_id": "1275197305", "osm_type": "way", "leisure": "garden", "opening_date": null, "fee": null, "access": null, "wikimedia_commons": null, "wikidata": null, "barrier": null, "name": null, "landuse": null }, "geometry": { "type": "MultiPolygon", "coordinates": [ [ [ [ -6.83683, 33.9902155 ], [ -6.836797, 33.9901586 ], [ -6.8369106, 33.9901134 ], [ -6.8369436, 33.9901703 ], [ -6.83683, 33.9902155 ] ] ] ] } },
{ "type": "Feature", "properties": { "full_id": "w1275197306", "osm_id": "1275197306", "osm_type": "way", "leisure": "garden", "opening_date": null, "fee": null, "access": null, "wikimedia_commons": null, "wikidata": null, "barrier": null, "name": null, "landuse": null }, "geometry": { "type": "MultiPolygon", "coordinates": [ [ [ [ -6.8366611, 33.9902829 ], [ -6.8366276, 33.9902262 ], [ -6.8367267, 33.9901859 ], [ -6.8367602, 33.9902426 ], [ -6.8366611, 33.9902829 ] ] ] ] } },
{ "type": "Feature", "properties": { "full_id": "w1275197309", "osm_id": "1275197309", "osm_type": "way", "leisure": "garden", "opening_date": null, "fee": null, "access": null, "wikimedia_commons": null, "wikidata": null, "barrier": null, "name": null, "landuse": null }, "geometry": { "type": "MultiPolygon", "coordinates": [ [ [ [ -6.8366164, 33.9902073 ], [ -6.8365805, 33.990146 ], [ -6.8368672, 33.9900316 ], [ -6.8369031, 33.9900929 ], [ -6.8366164, 33.9902073 ] ] ] ] } },
{ "type": "Feature", "properties": { "full_id": "w1275197310", "osm_id": "1275197310", "osm_type": "way", "leisure": "garden", "opening_date": null, "fee": null, "access": null, "wikimedia_commons": null, "wikidata": null, "barrier": null, "name": null, "landuse": null }, "geometry": { "type": "MultiPolygon", "coordinates": [ [ [ [ -6.8365699, 33.9901279 ], [ -6.836532, 33.9900633 ], [ -6.8368187, 33.9899489 ], [ -6.8368566, 33.9900135 ], [ -6.8365699, 33.9901279 ] ] ] ] } },
{ "type": "Feature", "properties": { "full_id": "w1275197311", "osm_id": "1275197311", "osm_type": "way", "leisure": "garden", "opening_date": null, "fee": null, "access": null, "wikimedia_commons": null, "wikidata": null, "barrier": null, "name": null, "landuse": null }, "geometry": { "type": "MultiPolygon", "coordinates": [ [ [ [ -6.836521, 33.9900445 ], [ -6.8364831, 33.9899798 ], [ -6.8367698, 33.9898654 ], [ -6.8368077, 33.9899301 ], [ -6.836521, 33.9900445 ] ] ] ] } },
{ "type": "Feature", "properties": { "full_id": "w1275197312", "osm_id": "1275197312", "osm_type": "way", "leisure": "garden", "opening_date": null, "fee": null, "access": null, "wikimedia_commons": null, "wikidata": null, "barrier": null, "name": null, "landuse": null }, "geometry": { "type": "MultiPolygon", "coordinates": [ [ [ [ -6.8364734, 33.9899633 ], [ -6.8364355, 33.9898986 ], [ -6.8367222, 33.9897842 ], [ -6.8367601, 33.9898489 ], [ -6.8364734, 33.9899633 ] ] ] ] } },
{ "type": "Feature", "properties": { "full_id": "w1275197313", "osm_id": "1275197313", "osm_type": "way", "leisure": "garden", "opening_date": null, "fee": null, "access": null, "wikimedia_commons": null, "wikidata": null, "barrier": null, "name": null, "landuse": null }, "geometry": { "type": "MultiPolygon", "coordinates": [ [ [ [ -6.8364251, 33.9898809 ], [ -6.8363873, 33.9898162 ], [ -6.836674, 33.9897018 ], [ -6.8367118, 33.9897665 ], [ -6.8364251, 33.9898809 ] ] ] ] } },
{ "type": "Feature", "properties": { "full_id": "w1275197314", "osm_id": "1275197314", "osm_type": "way", "leisure": "garden", "opening_date": null, "fee": null, "access": null, "wikimedia_commons": null, "wikidata": null, "barrier": null, "name": null, "landuse": null }, "geometry": { "type": "MultiPolygon", "coordinates": [ [ [ [ -6.8363744, 33.9897942 ], [ -6.8363364, 33.9897294 ], [ -6.8366229, 33.9896146 ], [ -6.8366609, 33.9896795 ], [ -6.8363744, 33.9897942 ] ] ] ] } },
{ "type": "Feature", "properties": { "full_id": "w1275197315", "osm_id": "1275197315", "osm_type": "way", "leisure": "garden", "opening_date": null, "fee": null, "access": null, "wikimedia_commons": null, "wikidata": null, "barrier": null, "name": null, "landuse": null }, "geometry": { "type": "MultiPolygon", "coordinates": [ [ [ [ -6.8363261, 33.9897119 ], [ -6.8362921, 33.9896537 ], [ -6.8365786, 33.9895391 ], [ -6.8366127, 33.9895972 ], [ -6.8363261, 33.9897119 ] ] ] ] } },
{ "type": "Feature", "properties": { "full_id": "w1275197316", "osm_id": "1275197316", "osm_type": "way", "leisure": "garden", "opening_date": null, "fee": null, "access": null, "wikimedia_commons": null, "wikidata": null, "barrier": null, "name": null, "landuse": null }, "geometry": { "type": "MultiPolygon", "coordinates": [ [ [ [ -6.8362809, 33.9896347 ], [ -6.8362469, 33.9895766 ], [ -6.8365334, 33.9894619 ], [ -6.8365675, 33.9895201 ], [ -6.8362809, 33.9896347 ] ] ] ] } },
{ "type": "Feature", "properties": { "full_id": "w1275197317", "osm_id": "1275197317", "osm_type": "way", "leisure": "garden", "opening_date": null, "fee": null, "access": null, "wikimedia_commons": null, "wikidata": null, "barrier": null, "name": null, "landuse": null }, "geometry": { "type": "MultiPolygon", "coordinates": [ [ [ [ -6.8366849, 33.9895679 ], [ -6.8366396, 33.989586 ], [ -6.8365613, 33.9894508 ], [ -6.8366681, 33.9894083 ], [ -6.8367469, 33.9895442 ], [ -6.8367022, 33.9895621 ], [ -6.8366568, 33.9894837 ], [ -6.8366647, 33.9894805 ], [ -6.836648, 33.9894517 ], [ -6.8366163, 33.9894643 ], [ -6.8366328, 33.9894927 ], [ -6.8366397, 33.98949 ], [ -6.8366849, 33.9895679 ] ] ] ] } },
{ "type": "Feature", "properties": { "full_id": "w1275197318", "osm_id": "1275197318", "osm_type": "way", "leisure": "garden", "opening_date": null, "fee": null, "access": null, "wikimedia_commons": null, "wikidata": null, "barrier": null, "name": null, "landuse": null }, "geometry": { "type": "MultiPolygon", "coordinates": [ [ [ [ -6.8369892, 33.9899631 ], [ -6.8369432, 33.9899811 ], [ -6.8368105, 33.9897503 ], [ -6.8368565, 33.9897323 ], [ -6.8369892, 33.9899631 ] ] ] ] } },
{ "type": "Feature", "properties": { "full_id": "w1275197319", "osm_id": "1275197319", "osm_type": "way", "leisure": "garden", "opening_date": null, "fee": null, "access": null, "wikimedia_commons": null, "wikidata": null, "barrier": null, "name": null, "landuse": null }, "geometry": { "type": "MultiPolygon", "coordinates": [ [ [ [ -6.8369273, 33.9899867 ], [ -6.8368813, 33.9900048 ], [ -6.8367486, 33.989774 ], [ -6.8367946, 33.9897559 ], [ -6.8369273, 33.9899867 ] ] ] ] } },
{ "type": "Feature", "properties": { "full_id": "w1275197320", "osm_id": "1275197320", "osm_type": "way", "leisure": "garden", "opening_date": null, "fee": null, "access": null, "wikimedia_commons": null, "wikidata": null, "barrier": null, "name": null, "landuse": null }, "geometry": { "type": "MultiPolygon", "coordinates": [ [ [ [ -6.8368479, 33.9897154 ], [ -6.8368018, 33.9897334 ], [ -6.8367131, 33.9895794 ], [ -6.8367591, 33.9895613 ], [ -6.8368479, 33.9897154 ] ] ] ] } },
{ "type": "Feature", "properties": { "full_id": "w1275197321", "osm_id": "1275197321", "osm_type": "way", "leisure": "garden", "opening_date": null, "fee": null, "access": null, "wikimedia_commons": null, "wikidata": null, "barrier": null, "name": null, "landuse": null }, "geometry": { "type": "MultiPolygon", "coordinates": [ [ [ [ -6.8367838, 33.9897404 ], [ -6.8367378, 33.9897585 ], [ -6.836649, 33.9896044 ], [ -6.836695, 33.9895863 ], [ -6.8367838, 33.9897404 ] ] ] ] } },
{ "type": "Feature", "properties": { "full_id": "w1275197322", "osm_id": "1275197322", "osm_type": "way", "leisure": "garden", "opening_date": null, "fee": null, "access": null, "wikimedia_commons": null, "wikidata": null, "barrier": null, "name": null, "landuse": null }, "geometry": { "type": "MultiPolygon", "coordinates": [ [ [ [ -6.8370812, 33.9901199 ], [ -6.8370352, 33.9901379 ], [ -6.8369565, 33.99 ], [ -6.8370025, 33.9899819 ], [ -6.8370812, 33.9901199 ] ] ] ] } },
{ "type": "Feature", "properties": { "full_id": "w1275197323", "osm_id": "1275197323", "osm_type": "way", "leisure": "garden", "opening_date": null, "fee": null, "access": null, "wikimedia_commons": null, "wikidata": null, "barrier": null, "name": null, "landuse": null }, "geometry": { "type": "MultiPolygon", "coordinates": [ [ [ [ -6.8370178, 33.9901453 ], [ -6.8369718, 33.9901633 ], [ -6.8368931, 33.9900254 ], [ -6.8369391, 33.9900073 ], [ -6.8370178, 33.9901453 ] ] ] ] } },
{ "type": "Feature", "properties": { "full_id": "w1275197324", "osm_id": "1275197324", "osm_type": "way", "leisure": "garden", "opening_date": null, "fee": null, "access": null, "wikimedia_commons": null, "wikidata": null, "barrier": null, "name": null, "landuse": null }, "geometry": { "type": "MultiPolygon", "coordinates": [ [ [ [ -6.8371011, 33.9901096 ], [ -6.8370668, 33.9900498 ], [ -6.8372674, 33.9899721 ], [ -6.8373022, 33.9900316 ], [ -6.8371011, 33.9901096 ] ] ] ] } },
{ "type": "Feature", "properties": { "full_id": "w1275197325", "osm_id": "1275197325", "osm_type": "way", "leisure": "garden", "opening_date": null, "fee": null, "access": null, "wikimedia_commons": null, "wikidata": null, "barrier": null, "name": null, "landuse": null }, "geometry": { "type": "MultiPolygon", "coordinates": [ [ [ [ -6.8370561, 33.9900318 ], [ -6.8370218, 33.989972 ], [ -6.8372214, 33.9898933 ], [ -6.8372562, 33.9899528 ], [ -6.8370561, 33.9900318 ] ] ] ] } },
{ "type": "Feature", "properties": { "full_id": "w1275197326", "osm_id": "1275197326", "osm_type": "way", "leisure": "garden", "opening_date": null, "fee": null, "access": null, "wikimedia_commons": null, "wikidata": null, "barrier": null, "name": null, "landuse": null }, "geometry": { "type": "MultiPolygon", "coordinates": [ [ [ [ -6.8370119, 33.9899545 ], [ -6.8369722, 33.9898858 ], [ -6.8371712, 33.9898073 ], [ -6.8372112, 33.9898758 ], [ -6.8370119, 33.9899545 ] ] ] ] } },
{ "type": "Feature", "properties": { "full_id": "w1275197327", "osm_id": "1275197327", "osm_type": "way", "leisure": "garden", "opening_date": null, "fee": null, "access": null, "wikimedia_commons": null, "wikidata": null, "barrier": null, "name": null, "landuse": null }, "geometry": { "type": "MultiPolygon", "coordinates": [ [ [ [ -6.8369126, 33.9897838 ], [ -6.8368783, 33.989724 ], [ -6.8370769, 33.9896457 ], [ -6.8371117, 33.9897053 ], [ -6.8369126, 33.9897838 ] ] ] ] } },
{ "type": "Feature", "properties": { "full_id": "w1275197328", "osm_id": "1275197328", "osm_type": "way", "leisure": "garden", "opening_date": null, "fee": null, "access": null, "wikimedia_commons": null, "wikidata": null, "barrier": null, "name": null, "landuse": null }, "geometry": { "type": "MultiPolygon", "coordinates": [ [ [ [ -6.8369609, 33.9898672 ], [ -6.8369239, 33.9898036 ], [ -6.8371232, 33.9897249 ], [ -6.8371603, 33.9897885 ], [ -6.8369609, 33.9898672 ] ] ] ] } },
{ "type": "Feature", "properties": { "full_id": "w1275197329", "osm_id": "1275197329", "osm_type": "way", "leisure": "garden", "opening_date": null, "fee": null, "access": null, "wikimedia_commons": null, "wikidata": null, "barrier": null, "name": null, "landuse": null }, "geometry": { "type": "MultiPolygon", "coordinates": [ [ [ [ -6.836868, 33.9897013 ], [ -6.8368311, 33.9896382 ], [ -6.8370266, 33.9895596 ], [ -6.8370635, 33.9896227 ], [ -6.836868, 33.9897013 ] ] ] ] } },
{ "type": "Feature", "properties": { "full_id": "w1275197330", "osm_id": "1275197330", "osm_type": "way", "leisure": "garden", "opening_date": null, "fee": null, "access": null, "wikimedia_commons": null, "wikidata": null, "barrier": null, "name": null, "landuse": null }, "geometry": { "type": "MultiPolygon", "coordinates": [ [ [ [ -6.8368154, 33.9896153 ], [ -6.8367811, 33.9895556 ], [ -6.8369788, 33.9894776 ], [ -6.8370135, 33.9895371 ], [ -6.8368154, 33.9896153 ] ] ] ] } },
{ "type": "Feature", "properties": { "full_id": "w1275197331", "osm_id": "1275197331", "osm_type": "way", "leisure": "garden", "opening_date": null, "fee": null, "access": null, "wikimedia_commons": null, "wikidata": null, "barrier": null, "name": null, "landuse": null }, "geometry": { "type": "MultiPolygon", "coordinates": [ [ [ [ -6.8367215, 33.9894552 ], [ -6.8366872, 33.9893955 ], [ -6.836885, 33.9893169 ], [ -6.8369198, 33.9893765 ], [ -6.8367215, 33.9894552 ] ] ] ] } },
{ "type": "Feature", "properties": { "full_id": "w1275197332", "osm_id": "1275197332", "osm_type": "way", "leisure": "garden", "opening_date": null, "fee": null, "access": null, "wikimedia_commons": null, "wikidata": null, "barrier": null, "name": null, "landuse": null }, "geometry": { "type": "MultiPolygon", "coordinates": [ [ [ [ -6.8367656, 33.9895338 ], [ -6.8367313, 33.989474 ], [ -6.8369307, 33.9893953 ], [ -6.8369655, 33.9894549 ], [ -6.8367656, 33.9895338 ] ] ] ] } },
{ "type": "Feature", "properties": { "full_id": "w1275197334", "osm_id": "1275197334", "osm_type": "way", "leisure": "garden", "opening_date": null, "fee": null, "access": null, "wikimedia_commons": null, "wikidata": null, "barrier": null, "name": null, "landuse": null }, "geometry": { "type": "MultiPolygon", "coordinates": [ [ [ [ -6.8384065, 33.9900006 ], [ -6.8383707, 33.9899389 ], [ -6.8383564, 33.9899143 ], [ -6.8384409, 33.9898806 ], [ -6.838419, 33.9898428 ], [ -6.8384469, 33.9898317 ], [ -6.838451, 33.9898386 ], [ -6.8384755, 33.9898289 ], [ -6.8384782, 33.9898336 ], [ -6.838499, 33.9898253 ], [ -6.8385105, 33.989845 ], [ -6.8385642, 33.9899376 ], [ -6.8384065, 33.9900006 ] ] ] ] } },
{ "type": "Feature", "properties": { "full_id": "w1275197335", "osm_id": "1275197335", "osm_type": "way", "leisure": "garden", "opening_date": null, "fee": null, "access": null, "wikimedia_commons": null, "wikidata": null, "barrier": null, "name": null, "landuse": null }, "geometry": { "type": "MultiPolygon", "coordinates": [ [ [ [ -6.8383559, 33.9896429 ], [ -6.8383308, 33.9896002 ], [ -6.8383401, 33.9895964 ], [ -6.8383334, 33.989585 ], [ -6.8384127, 33.9895531 ], [ -6.8384364, 33.9895936 ], [ -6.8383877, 33.9896132 ], [ -6.8383957, 33.9896268 ], [ -6.8383559, 33.9896429 ] ] ] ] } },
{ "type": "Feature", "properties": { "full_id": "w1275197337", "osm_id": "1275197337", "osm_type": "way", "leisure": "garden", "opening_date": null, "fee": null, "access": null, "wikimedia_commons": null, "wikidata": null, "barrier": null, "name": null, "landuse": null }, "geometry": { "type": "MultiPolygon", "coordinates": [ [ [ [ -6.8382502, 33.989694 ], [ -6.8382213, 33.9896443 ], [ -6.8382978, 33.9896135 ], [ -6.8383268, 33.9896632 ], [ -6.8382502, 33.989694 ] ] ] ] } },
{ "type": "Feature", "properties": { "full_id": "w1275197338", "osm_id": "1275197338", "osm_type": "way", "leisure": "garden", "opening_date": null, "fee": null, "access": null, "wikimedia_commons": null, "wikidata": null, "barrier": null, "name": null, "landuse": null }, "geometry": { "type": "MultiPolygon", "coordinates": [ [ [ [ -6.8384347, 33.9896777 ], [ -6.8383831, 33.9896971 ], [ -6.8383984, 33.9897259 ], [ -6.8383989, 33.9897359 ], [ -6.8383937, 33.989745 ], [ -6.8383841, 33.9897511 ], [ -6.8383705, 33.9897527 ], [ -6.8383579, 33.9897483 ], [ -6.8383499, 33.9897391 ], [ -6.8383219, 33.9896845 ], [ -6.8384186, 33.9896482 ], [ -6.8384347, 33.9896777 ] ] ] ] } },
{ "type": "Feature", "properties": { "full_id": "w1275211831", "osm_id": "1275211831", "osm_type": "way", "leisure": "garden", "opening_date": null, "fee": null, "access": null, "wikimedia_commons": null, "wikidata": null, "barrier": null, "name": null, "landuse": null }, "geometry": { "type": "MultiPolygon", "coordinates": [ [ [ [ -6.8427806, 34.0313498 ], [ -6.8427642, 34.0313076 ], [ -6.842746, 34.0313125 ], [ -6.842736, 34.031287 ], [ -6.8427542, 34.0312821 ], [ -6.8427247, 34.0312066 ], [ -6.8427934, 34.0311882 ], [ -6.8427885, 34.0311757 ], [ -6.8425054, 34.03125 ], [ -6.8425731, 34.0314247 ], [ -6.8427199, 34.0313852 ], [ -6.8427642, 34.0313733 ], [ -6.8427574, 34.031356 ], [ -6.8427806, 34.0313498 ] ] ] ] } },
{ "type": "Feature", "properties": { "full_id": "w1275217108", "osm_id": "1275217108", "osm_type": "way", "leisure": "garden", "opening_date": null, "fee": null, "access": null, "wikimedia_commons": null, "wikidata": null, "barrier": null, "name": null, "landuse": null }, "geometry": { "type": "MultiPolygon", "coordinates": [ [ [ [ -6.824308, 34.0262056 ], [ -6.8243476, 34.026243 ], [ -6.8243723, 34.0262723 ], [ -6.8243923, 34.0263039 ], [ -6.8244061, 34.0263377 ], [ -6.8244266, 34.0263908 ], [ -6.8238933, 34.0262672 ], [ -6.8238898, 34.0262303 ], [ -6.8238816, 34.0261952 ], [ -6.8238622, 34.0261633 ], [ -6.823833, 34.0261371 ], [ -6.8237962, 34.0261184 ], [ -6.8237547, 34.0261087 ], [ -6.8234869, 34.0260574 ], [ -6.8234496, 34.0260472 ], [ -6.8234139, 34.0260337 ], [ -6.8233803, 34.0260169 ], [ -6.8233032, 34.0259651 ], [ -6.8232718, 34.0259471 ], [ -6.8232376, 34.0259329 ], [ -6.8232013, 34.0259229 ], [ -6.8229729, 34.0258858 ], [ -6.8229917, 34.0258466 ], [ -6.823006, 34.0258342 ], [ -6.8230249, 34.0258274 ], [ -6.8230455, 34.0258273 ], [ -6.8233258, 34.0258498 ], [ -6.8233701, 34.025857 ], [ -6.8234136, 34.0258668 ], [ -6.8234563, 34.025879 ], [ -6.823537, 34.0259094 ], [ -6.8235414, 34.0258976 ], [ -6.824222, 34.0261184 ], [ -6.824253, 34.0261456 ], [ -6.8242799, 34.026176 ], [ -6.824308, 34.0262056 ] ] ] ] } },
{ "type": "Feature", "properties": { "full_id": "w1275217109", "osm_id": "1275217109", "osm_type": "way", "leisure": "garden", "opening_date": null, "fee": null, "access": null, "wikimedia_commons": null, "wikidata": null, "barrier": null, "name": null, "landuse": null }, "geometry": { "type": "MultiPolygon", "coordinates": [ [ [ [ -6.8262805, 34.0267578 ], [ -6.8266812, 34.0268759 ], [ -6.8271765, 34.0270252 ], [ -6.8271626, 34.0270282 ], [ -6.8271434, 34.0270269 ], [ -6.8266627, 34.0269072 ], [ -6.8262288, 34.0268071 ], [ -6.826245, 34.0267659 ], [ -6.8262753, 34.0267728 ], [ -6.8262805, 34.0267578 ] ] ] ] } },
{ "type": "Feature", "properties": { "full_id": "w1275217111", "osm_id": "1275217111", "osm_type": "way", "leisure": "garden", "opening_date": null, "fee": null, "access": null, "wikimedia_commons": null, "wikidata": null, "barrier": null, "name": null, "landuse": null }, "geometry": { "type": "MultiPolygon", "coordinates": [ [ [ [ -6.8238717, 34.0262336 ], [ -6.8238712, 34.0262619 ], [ -6.8237104, 34.0262215 ], [ -6.8235518, 34.0261754 ], [ -6.8233957, 34.0261238 ], [ -6.8232424, 34.0260666 ], [ -6.8230923, 34.0260041 ], [ -6.8229455, 34.0259363 ], [ -6.8229649, 34.0259046 ], [ -6.8231897, 34.025943 ], [ -6.8232232, 34.0259524 ], [ -6.8232554, 34.0259645 ], [ -6.8232859, 34.0259792 ], [ -6.8233651, 34.0260271 ], [ -6.8233992, 34.0260478 ], [ -6.8234363, 34.0260645 ], [ -6.8234758, 34.0260768 ], [ -6.8237484, 34.026128 ], [ -6.8237852, 34.0261364 ], [ -6.823818, 34.0261525 ], [ -6.8238445, 34.0261752 ], [ -6.8238629, 34.0262029 ], [ -6.8238717, 34.0262336 ] ] ] ] } },
{ "type": "Feature", "properties": { "full_id": "w1275217115", "osm_id": "1275217115", "osm_type": "way", "leisure": "garden", "opening_date": null, "fee": null, "access": null, "wikimedia_commons": null, "wikidata": null, "barrier": null, "name": null, "landuse": null }, "geometry": { "type": "MultiPolygon", "coordinates": [ [ [ [ -6.8229729, 34.0258267 ], [ -6.8229188, 34.0259198 ], [ -6.8224862, 34.0257192 ], [ -6.8223677, 34.0256717 ], [ -6.8222457, 34.0256308 ], [ -6.8221215, 34.0255962 ], [ -6.8213272, 34.0253893 ], [ -6.8212911, 34.0253777 ], [ -6.8212591, 34.0253595 ], [ -6.8212329, 34.0253358 ], [ -6.8212138, 34.0253078 ], [ -6.8211892, 34.025202 ], [ -6.8214002, 34.0252628 ], [ -6.8214031, 34.0252464 ], [ -6.8221735, 34.0254963 ], [ -6.8223626, 34.0255534 ], [ -6.822525, 34.0256001 ], [ -6.8227176, 34.0256517 ], [ -6.822767, 34.0256706 ], [ -6.822821, 34.0257015 ], [ -6.8228625, 34.0257253 ], [ -6.8229001, 34.0257429 ], [ -6.8229396, 34.0257575 ], [ -6.8229805, 34.025769 ], [ -6.8230358, 34.0257772 ], [ -6.8230386, 34.025782 ], [ -6.8230356, 34.0257862 ], [ -6.8230163, 34.0257919 ], [ -6.8229989, 34.0258008 ], [ -6.8229842, 34.0258126 ], [ -6.8229729, 34.0258267 ] ] ] ] } },
{ "type": "Feature", "properties": { "full_id": "w1275293882", "osm_id": "1275293882", "osm_type": "way", "leisure": "garden", "opening_date": null, "fee": null, "access": null, "wikimedia_commons": null, "wikidata": null, "barrier": null, "name": null, "landuse": null }, "geometry": { "type": "MultiPolygon", "coordinates": [ [ [ [ -6.8366816, 33.9935216 ], [ -6.8366776, 33.9935155 ], [ -6.8366792, 33.99351 ], [ -6.8366853, 33.9935056 ], [ -6.8366933, 33.9935052 ], [ -6.8374886, 33.9934763 ], [ -6.8375527, 33.9934759 ], [ -6.8376164, 33.9934815 ], [ -6.837679, 33.993493 ], [ -6.8377408, 33.9935107 ], [ -6.8377997, 33.9935342 ], [ -6.8380116, 33.9936409 ], [ -6.8380493, 33.9936711 ], [ -6.8380793, 33.9937032 ], [ -6.8381035, 33.9937479 ], [ -6.8381167, 33.9937919 ], [ -6.8381209, 33.9938416 ], [ -6.8381283, 33.9939889 ], [ -6.838115, 33.9940875 ], [ -6.8380907, 33.9941846 ], [ -6.8380633, 33.9942612 ], [ -6.838029, 33.9943358 ], [ -6.8379298, 33.9945293 ], [ -6.837856, 33.994427 ], [ -6.837788, 33.9943426 ], [ -6.8377112, 33.9942636 ], [ -6.8376426, 33.9942036 ], [ -6.837569, 33.9941479 ], [ -6.8366816, 33.9935216 ] ] ] ] } },
{ "type": "Feature", "properties": { "full_id": "w1275293904", "osm_id": "1275293904", "osm_type": "way", "leisure": "garden", "opening_date": null, "fee": null, "access": null, "wikimedia_commons": null, "wikidata": null, "barrier": null, "name": null, "landuse": null }, "geometry": { "type": "MultiPolygon", "coordinates": [ [ [ [ -6.8271877, 33.9939464 ], [ -6.8271894, 33.9939099 ], [ -6.8271734, 33.9939095 ], [ -6.8271755, 33.9938621 ], [ -6.8271874, 33.9938625 ], [ -6.827188, 33.9938486 ], [ -6.82703, 33.9938533 ], [ -6.8270588, 33.9938666 ], [ -6.8270943, 33.9938855 ], [ -6.8271222, 33.9939027 ], [ -6.8271877, 33.9939464 ] ] ] ] } },
{ "type": "Feature", "properties": { "full_id": "w1275293918", "osm_id": "1275293918", "osm_type": "way", "leisure": "garden", "opening_date": null, "fee": null, "access": null, "wikimedia_commons": null, "wikidata": null, "barrier": null, "name": null, "landuse": null }, "geometry": { "type": "MultiPolygon", "coordinates": [ [ [ [ -6.8392555, 33.9919547 ], [ -6.8394164, 33.9916722 ], [ -6.8394214, 33.9916638 ], [ -6.8394218, 33.9916544 ], [ -6.8394153, 33.9916436 ], [ -6.839403, 33.9916372 ], [ -6.8393425, 33.9916047 ], [ -6.8392796, 33.9915755 ], [ -6.8391998, 33.9915445 ], [ -6.8391173, 33.9915188 ], [ -6.8390469, 33.9915004 ], [ -6.8390047, 33.9914915 ], [ -6.8389979, 33.9914911 ], [ -6.8389919, 33.9914938 ], [ -6.8389884, 33.9915 ], [ -6.8389906, 33.9915066 ], [ -6.8392555, 33.9919547 ] ] ] ] } },
{ "type": "Feature", "properties": { "full_id": "w1275293919", "osm_id": "1275293919", "osm_type": "way", "leisure": "garden", "opening_date": null, "fee": null, "access": null, "wikimedia_commons": null, "wikidata": null, "barrier": null, "name": null, "landuse": null }, "geometry": { "type": "MultiPolygon", "coordinates": [ [ [ [ -6.8392038, 33.9919441 ], [ -6.8389577, 33.9915166 ], [ -6.8389485, 33.9914953 ], [ -6.8389455, 33.9914728 ], [ -6.838949, 33.9914504 ], [ -6.8389615, 33.9914254 ], [ -6.8389819, 33.9914043 ], [ -6.8391488, 33.9912414 ], [ -6.8388887, 33.9913153 ], [ -6.8388981, 33.9913637 ], [ -6.8388075, 33.9914015 ], [ -6.8387889, 33.991412 ], [ -6.8387747, 33.9914265 ], [ -6.8387683, 33.9914378 ], [ -6.8387646, 33.9914498 ], [ -6.8386815, 33.9916389 ], [ -6.83871, 33.9916376 ], [ -6.8387383, 33.991641 ], [ -6.8387653, 33.9916489 ], [ -6.838791, 33.9916617 ], [ -6.838813, 33.9916786 ], [ -6.8388303, 33.9916989 ], [ -6.8388484, 33.9917252 ], [ -6.8388598, 33.991754 ], [ -6.8388642, 33.9917882 ], [ -6.8388592, 33.9918223 ], [ -6.8388458, 33.991893 ], [ -6.8388383, 33.9919221 ], [ -6.838837, 33.9919519 ], [ -6.8388408, 33.9919773 ], [ -6.8388491, 33.9920019 ], [ -6.8388726, 33.9920347 ], [ -6.8388888, 33.9920499 ], [ -6.8389101, 33.9920597 ], [ -6.8389368, 33.9920631 ], [ -6.8389631, 33.9920581 ], [ -6.8392038, 33.9919441 ] ] ] ] } },
{ "type": "Feature", "properties": { "full_id": "w1275293920", "osm_id": "1275293920", "osm_type": "way", "leisure": "garden", "opening_date": null, "fee": null, "access": null, "wikimedia_commons": null, "wikidata": null, "barrier": null, "name": null, "landuse": null }, "geometry": { "type": "MultiPolygon", "coordinates": [ [ [ [ -6.8387693, 33.9924578 ], [ -6.8388212, 33.9924696 ], [ -6.8388943, 33.992471 ], [ -6.8389657, 33.9924585 ], [ -6.8390319, 33.9924329 ], [ -6.8391556, 33.9923766 ], [ -6.8392711, 33.9923096 ], [ -6.8393773, 33.9922325 ], [ -6.8392253, 33.9919736 ], [ -6.8389785, 33.992082 ], [ -6.8389555, 33.9920898 ], [ -6.838931, 33.992093 ], [ -6.8389063, 33.9920915 ], [ -6.8388826, 33.9920854 ], [ -6.8388612, 33.992075 ], [ -6.8388433, 33.9920608 ], [ -6.8388297, 33.9920435 ], [ -6.8388196, 33.9920219 ], [ -6.8388075, 33.9919925 ], [ -6.8388008, 33.9919619 ], [ -6.8387996, 33.9919315 ], [ -6.8388036, 33.9919013 ], [ -6.8388102, 33.9918713 ], [ -6.8388216, 33.9917984 ], [ -6.8388231, 33.991777 ], [ -6.8388193, 33.9917558 ], [ -6.8388102, 33.9917356 ], [ -6.8387912, 33.9917123 ], [ -6.8387653, 33.9916941 ], [ -6.8387344, 33.9916822 ], [ -6.8387118, 33.991675 ], [ -6.8386876, 33.9916745 ], [ -6.8386646, 33.9916806 ], [ -6.8386453, 33.9916928 ], [ -6.8384193, 33.9919296 ], [ -6.8383994, 33.9919513 ], [ -6.8383797, 33.9919675 ], [ -6.8383551, 33.9919814 ], [ -6.8383274, 33.9919964 ], [ -6.8382333, 33.992036 ], [ -6.8382878, 33.9921239 ], [ -6.8383536, 33.9922063 ], [ -6.83843, 33.9922822 ], [ -6.8385077, 33.9923373 ], [ -6.8385912, 33.9923861 ], [ -6.8386799, 33.9924283 ], [ -6.8387693, 33.9924578 ] ] ] ] } },
{ "type": "Feature", "properties": { "full_id": "w1275293921", "osm_id": "1275293921", "osm_type": "way", "leisure": "garden", "opening_date": null, "fee": null, "access": null, "wikimedia_commons": null, "wikidata": null, "barrier": null, "name": null, "landuse": null }, "geometry": { "type": "MultiPolygon", "coordinates": [ [ [ [ -6.8390007, 33.9914532 ], [ -6.8390687, 33.9914699 ], [ -6.8391354, 33.9914899 ], [ -6.8392139, 33.9915182 ], [ -6.8392897, 33.991551 ], [ -6.8396097, 33.9914079 ], [ -6.8393933, 33.9910994 ], [ -6.8392562, 33.9912035 ], [ -6.8391824, 33.991263 ], [ -6.8391066, 33.9913359 ], [ -6.8389953, 33.9914426 ], [ -6.8389926, 33.9914458 ], [ -6.8389929, 33.9914497 ], [ -6.8389961, 33.9914525 ], [ -6.8390007, 33.9914532 ] ] ] ] } },
{ "type": "Feature", "properties": { "full_id": "w1275293922", "osm_id": "1275293922", "osm_type": "way", "leisure": "garden", "opening_date": null, "fee": null, "access": null, "wikimedia_commons": null, "wikidata": null, "barrier": null, "name": null, "landuse": null }, "geometry": { "type": "MultiPolygon", "coordinates": [ [ [ [ -6.8384586, 33.9917047 ], [ -6.8384539, 33.9916958 ], [ -6.8384463, 33.9916884 ], [ -6.8384365, 33.991683 ], [ -6.8384253, 33.9916801 ], [ -6.8383093, 33.9916533 ], [ -6.8382778, 33.99165 ], [ -6.8382466, 33.9916507 ], [ -6.8382134, 33.9916572 ], [ -6.8380576, 33.9917127 ], [ -6.838217, 33.9919985 ], [ -6.8382993, 33.991968 ], [ -6.8383402, 33.9919463 ], [ -6.8383761, 33.9919212 ], [ -6.8384079, 33.9918924 ], [ -6.8384662, 33.991829 ], [ -6.83848, 33.9918145 ], [ -6.838489, 33.9917996 ], [ -6.8384926, 33.9917829 ], [ -6.8384903, 33.9917662 ], [ -6.8384823, 33.9917506 ], [ -6.8384586, 33.9917047 ] ] ] ] } },
{ "type": "Feature", "properties": { "full_id": "w1275293923", "osm_id": "1275293923", "osm_type": "way", "leisure": "garden", "opening_date": null, "fee": null, "access": null, "wikimedia_commons": null, "wikidata": null, "barrier": null, "name": null, "landuse": null }, "geometry": { "type": "MultiPolygon", "coordinates": [ [ [ [ -6.8382669, 33.9916083 ], [ -6.838371, 33.9914865 ], [ -6.8383764, 33.9914807 ], [ -6.8383837, 33.9914765 ], [ -6.8383937, 33.9914744 ], [ -6.8384039, 33.9914754 ], [ -6.8385118, 33.9914854 ], [ -6.8385157, 33.9914859 ], [ -6.8385192, 33.9914843 ], [ -6.8385209, 33.9914807 ], [ -6.8385192, 33.9914771 ], [ -6.8383891, 33.9912145 ], [ -6.838028, 33.9913181 ], [ -6.8379854, 33.9913317 ], [ -6.8379497, 33.9913554 ], [ -6.8379243, 33.9913868 ], [ -6.8379116, 33.9914232 ], [ -6.8379127, 33.991461 ], [ -6.8379275, 33.9914968 ], [ -6.8380421, 33.9916896 ], [ -6.8382321, 33.9916294 ], [ -6.8382426, 33.9916262 ], [ -6.8382522, 33.9916217 ], [ -6.8382604, 33.9916157 ], [ -6.8382669, 33.9916083 ] ] ] ] } },
{ "type": "Feature", "properties": { "full_id": "w1275293924", "osm_id": "1275293924", "osm_type": "way", "leisure": "garden", "opening_date": null, "fee": null, "access": null, "wikimedia_commons": null, "wikidata": null, "barrier": null, "name": null, "landuse": null }, "geometry": { "type": "MultiPolygon", "coordinates": [ [ [ [ -6.8388511, 33.9913298 ], [ -6.8387949, 33.9911162 ], [ -6.8384233, 33.9912012 ], [ -6.8385549, 33.9914628 ], [ -6.8385581, 33.9914668 ], [ -6.8385631, 33.9914694 ], [ -6.8385688, 33.99147 ], [ -6.8385743, 33.9914687 ], [ -6.8388337, 33.9913598 ], [ -6.8388433, 33.9913552 ], [ -6.8388501, 33.9913479 ], [ -6.8388528, 33.9913389 ], [ -6.8388511, 33.9913298 ] ] ] ] } },
{ "type": "Feature", "properties": { "full_id": "w1275293925", "osm_id": "1275293925", "osm_type": "way", "leisure": "garden", "opening_date": null, "fee": null, "access": null, "wikimedia_commons": null, "wikidata": null, "barrier": null, "name": null, "landuse": null }, "geometry": { "type": "MultiPolygon", "coordinates": [ [ [ [ -6.8392036, 33.9910271 ], [ -6.8388382, 33.9911083 ], [ -6.8388739, 33.9912597 ], [ -6.8388786, 33.9912658 ], [ -6.8388843, 33.9912683 ], [ -6.8388907, 33.9912686 ], [ -6.8391569, 33.9912052 ], [ -6.839184, 33.9911973 ], [ -6.8392092, 33.9911858 ], [ -6.8392272, 33.9911744 ], [ -6.8392461, 33.9911613 ], [ -6.8393626, 33.9910668 ], [ -6.8393244, 33.9910403 ], [ -6.839286, 33.9910271 ], [ -6.8392448, 33.9910226 ], [ -6.8392036, 33.9910271 ] ] ] ] } },
{ "type": "Feature", "properties": { "full_id": "w1275309495", "osm_id": "1275309495", "osm_type": "way", "leisure": "garden", "opening_date": null, "fee": null, "access": null, "wikimedia_commons": null, "wikidata": null, "barrier": null, "name": null, "landuse": null }, "geometry": { "type": "MultiPolygon", "coordinates": [ [ [ [ -6.8323299, 34.0191861 ], [ -6.8327165, 34.0190576 ], [ -6.8326607, 34.0189428 ], [ -6.8324209, 34.0190229 ], [ -6.8324619, 34.0191071 ], [ -6.8323153, 34.0191561 ], [ -6.8323299, 34.0191861 ] ] ] ] } },
{ "type": "Feature", "properties": { "full_id": "w1275309505", "osm_id": "1275309505", "osm_type": "way", "leisure": "garden", "opening_date": null, "fee": null, "access": null, "wikimedia_commons": null, "wikidata": null, "barrier": null, "name": null, "landuse": null }, "geometry": { "type": "MultiPolygon", "coordinates": [ [ [ [ -6.8318452, 34.0183622 ], [ -6.8318247, 34.0183216 ], [ -6.8318879, 34.0182997 ], [ -6.8318988, 34.0182959 ], [ -6.8319192, 34.0183365 ], [ -6.8318452, 34.0183622 ] ] ] ] } },
{ "type": "Feature", "properties": { "full_id": "w1275309511", "osm_id": "1275309511", "osm_type": "way", "leisure": "garden", "opening_date": null, "fee": null, "access": null, "wikimedia_commons": null, "wikidata": null, "barrier": null, "name": null, "landuse": null }, "geometry": { "type": "MultiPolygon", "coordinates": [ [ [ [ -6.8313312, 34.0185594 ], [ -6.8313363, 34.0185573 ], [ -6.8314298, 34.0185208 ], [ -6.8314116, 34.0184888 ], [ -6.8315396, 34.0184389 ], [ -6.8315306, 34.018423 ], [ -6.8315716, 34.018407 ], [ -6.8316221, 34.0183873 ], [ -6.8315991, 34.0183471 ], [ -6.8313529, 34.0184432 ], [ -6.8313641, 34.0184628 ], [ -6.8312931, 34.0184906 ], [ -6.8313312, 34.0185594 ] ] ] ] } },
{ "type": "Feature", "properties": { "full_id": "w1275309512", "osm_id": "1275309512", "osm_type": "way", "leisure": "garden", "opening_date": null, "fee": null, "access": null, "wikimedia_commons": null, "wikidata": null, "barrier": null, "name": null, "landuse": null }, "geometry": { "type": "MultiPolygon", "coordinates": [ [ [ [ -6.8317013, 34.0183073 ], [ -6.8317704, 34.0182803 ], [ -6.8317988, 34.01833 ], [ -6.8317297, 34.0183569 ], [ -6.8317013, 34.0183073 ] ] ] ] } },
{ "type": "Feature", "properties": { "full_id": "w1275309513", "osm_id": "1275309513", "osm_type": "way", "leisure": "garden", "opening_date": null, "fee": null, "access": null, "wikimedia_commons": null, "wikidata": null, "barrier": null, "name": null, "landuse": null }, "geometry": { "type": "MultiPolygon", "coordinates": [ [ [ [ -6.8318856, 34.0182738 ], [ -6.8318764, 34.0182774 ], [ -6.831841, 34.0182915 ], [ -6.8318225, 34.01826 ], [ -6.8318658, 34.0182426 ], [ -6.8318856, 34.0182738 ] ] ] ] } },
{ "type": "Feature", "properties": { "full_id": "w1275309522", "osm_id": "1275309522", "osm_type": "way", "leisure": "garden", "opening_date": null, "fee": null, "access": null, "wikimedia_commons": null, "wikidata": null, "barrier": null, "name": null, "landuse": null }, "geometry": { "type": "MultiPolygon", "coordinates": [ [ [ [ -6.8323299, 34.0191861 ], [ -6.8323153, 34.0191561 ], [ -6.8322479, 34.0190173 ], [ -6.8322249, 34.019025 ], [ -6.83218, 34.0189325 ], [ -6.8319858, 34.0189973 ], [ -6.8321127, 34.0192586 ], [ -6.8323299, 34.0191861 ] ] ] ] } },
{ "type": "Feature", "properties": { "full_id": "w1275309535", "osm_id": "1275309535", "osm_type": "way", "leisure": "garden", "opening_date": null, "fee": null, "access": null, "wikimedia_commons": null, "wikidata": null, "barrier": null, "name": null, "landuse": null }, "geometry": { "type": "MultiPolygon", "coordinates": [ [ [ [ -6.8325607, 34.0186595 ], [ -6.8325989, 34.0186267 ], [ -6.8326015, 34.0186235 ], [ -6.8326026, 34.0186198 ], [ -6.8326019, 34.018616 ], [ -6.8325995, 34.0186127 ], [ -6.8325958, 34.0186103 ], [ -6.8325152, 34.0185696 ], [ -6.8325089, 34.0185689 ], [ -6.8325027, 34.0185702 ], [ -6.8324975, 34.0185733 ], [ -6.8324941, 34.0185778 ], [ -6.8324929, 34.018583 ], [ -6.8324941, 34.0185882 ], [ -6.8325276, 34.0186516 ], [ -6.8325317, 34.0186572 ], [ -6.832538, 34.0186613 ], [ -6.8325457, 34.0186631 ], [ -6.8325536, 34.0186624 ], [ -6.8325607, 34.0186595 ] ] ] ] } },
{ "type": "Feature", "properties": { "full_id": "w1275309551", "osm_id": "1275309551", "osm_type": "way", "leisure": "garden", "opening_date": null, "fee": null, "access": null, "wikimedia_commons": null, "wikidata": null, "barrier": null, "name": null, "landuse": null }, "geometry": { "type": "MultiPolygon", "coordinates": [ [ [ [ -6.8320631, 34.0192367 ], [ -6.8319546, 34.0190046 ], [ -6.8316792, 34.019093 ], [ -6.8317555, 34.0192565 ], [ -6.8317393, 34.0192617 ], [ -6.8315895, 34.0189411 ], [ -6.831537, 34.0189579 ], [ -6.8317202, 34.0193499 ], [ -6.8320631, 34.0192367 ] ] ] ] } },
{ "type": "Feature", "properties": { "full_id": "w1275309552", "osm_id": "1275309552", "osm_type": "way", "leisure": "garden", "opening_date": null, "fee": null, "access": null, "wikimedia_commons": null, "wikidata": null, "barrier": null, "name": null, "landuse": null }, "geometry": { "type": "MultiPolygon", "coordinates": [ [ [ [ -6.8321318, 34.0192939 ], [ -6.832338, 34.0197144 ], [ -6.8326265, 34.0196172 ], [ -6.8326045, 34.0195722 ], [ -6.8325449, 34.0194508 ], [ -6.8324524, 34.0192621 ], [ -6.8324515, 34.0192602 ], [ -6.8325801, 34.0192169 ], [ -6.8326182, 34.0192041 ], [ -6.8325871, 34.0191405 ], [ -6.8321318, 34.0192939 ] ] ] ] } },
{ "type": "Feature", "properties": { "full_id": "w1275309553", "osm_id": "1275309553", "osm_type": "way", "leisure": "garden", "opening_date": null, "fee": null, "access": null, "wikimedia_commons": null, "wikidata": null, "barrier": null, "name": null, "landuse": null }, "geometry": { "type": "MultiPolygon", "coordinates": [ [ [ [ -6.833096, 34.0190542 ], [ -6.833108, 34.0190523 ], [ -6.8331202, 34.0190533 ], [ -6.8331315, 34.0190572 ], [ -6.8331411, 34.0190636 ], [ -6.833148, 34.019072 ], [ -6.8331531, 34.0190811 ], [ -6.8333655, 34.0194582 ], [ -6.8329869, 34.0195532 ], [ -6.8329586, 34.019492 ], [ -6.8330571, 34.0194591 ], [ -6.8328859, 34.0191069 ], [ -6.833096, 34.0190542 ] ] ] ] } },
{ "type": "Feature", "properties": { "full_id": "w1275503725", "osm_id": "1275503725", "osm_type": "way", "leisure": "garden", "opening_date": null, "fee": null, "access": null, "wikimedia_commons": null, "wikidata": null, "barrier": null, "name": null, "landuse": null }, "geometry": { "type": "MultiPolygon", "coordinates": [ [ [ [ -6.8563552, 34.0008247 ], [ -6.8567564, 34.0011639 ], [ -6.8552348, 34.0024123 ], [ -6.8547683, 34.0020201 ], [ -6.8550884, 34.0017584 ], [ -6.8551391, 34.0017695 ], [ -6.8553964, 34.0015577 ], [ -6.8553849, 34.0015171 ], [ -6.8555741, 34.0013587 ], [ -6.855625, 34.0013707 ], [ -6.8560292, 34.0010355 ], [ -6.856082, 34.0010451 ], [ -6.8563552, 34.0008247 ] ] ] ] } },
{ "type": "Feature", "properties": { "full_id": "w1275503731", "osm_id": "1275503731", "osm_type": "way", "leisure": "garden", "opening_date": null, "fee": null, "access": null, "wikimedia_commons": null, "wikidata": null, "barrier": null, "name": null, "landuse": null }, "geometry": { "type": "MultiPolygon", "coordinates": [ [ [ [ -6.8572387, 34.0003955 ], [ -6.8572465, 34.000388 ], [ -6.8572506, 34.0003786 ], [ -6.8572504, 34.0003687 ], [ -6.857246, 34.0003595 ], [ -6.857238, 34.0003522 ], [ -6.8570231, 34.0001723 ], [ -6.8569151, 34.000261 ], [ -6.8569826, 34.0003175 ], [ -6.8571565, 34.000463 ], [ -6.8572387, 34.0003955 ] ] ] ] } },
{ "type": "Feature", "properties": { "full_id": "w1275503732", "osm_id": "1275503732", "osm_type": "way", "leisure": "garden", "opening_date": null, "fee": null, "access": null, "wikimedia_commons": null, "wikidata": null, "barrier": null, "name": null, "landuse": null }, "geometry": { "type": "MultiPolygon", "coordinates": [ [ [ [ -6.8573388, 34.0001104 ], [ -6.8572273, 34.0002023 ], [ -6.8569892, 34.0000036 ], [ -6.8571242, 33.9998923 ], [ -6.8571942, 33.9999507 ], [ -6.8571656, 33.9999742 ], [ -6.8572265, 34.0000251 ], [ -6.8572559, 34.0000009 ], [ -6.8573151, 34.0000503 ], [ -6.8572908, 34.0000703 ], [ -6.8573388, 34.0001104 ] ] ] ] } },
{ "type": "Feature", "properties": { "full_id": "w1275503735", "osm_id": "1275503735", "osm_type": "way", "leisure": "garden", "opening_date": null, "fee": null, "access": null, "wikimedia_commons": null, "wikidata": null, "barrier": null, "name": null, "landuse": null }, "geometry": { "type": "MultiPolygon", "coordinates": [ [ [ [ -6.857425, 34.0006154 ], [ -6.857568, 34.0004981 ], [ -6.8575585, 34.0004905 ], [ -6.8574158, 34.0006079 ], [ -6.857425, 34.0006154 ] ] ] ] } },
{ "type": "Feature", "properties": { "full_id": "w1275503736", "osm_id": "1275503736", "osm_type": "way", "leisure": "garden", "opening_date": null, "fee": null, "access": null, "wikimedia_commons": null, "wikidata": null, "barrier": null, "name": null, "landuse": null }, "geometry": { "type": "MultiPolygon", "coordinates": [ [ [ [ -6.8575923, 34.0004781 ], [ -6.8577483, 34.0003502 ], [ -6.8577385, 34.0003421 ], [ -6.8576428, 34.0004211 ], [ -6.857583, 34.0004705 ], [ -6.8575923, 34.0004781 ] ] ] ] } },
{ "type": "Feature", "properties": { "full_id": "w1275503737", "osm_id": "1275503737", "osm_type": "way", "leisure": "garden", "opening_date": null, "fee": null, "access": null, "wikimedia_commons": null, "wikidata": null, "barrier": null, "name": null, "landuse": null }, "geometry": { "type": "MultiPolygon", "coordinates": [ [ [ [ -6.8573622, 34.0001299 ], [ -6.8573695, 34.000136 ], [ -6.8574012, 34.0001099 ], [ -6.8573269, 34.0000479 ], [ -6.857356, 34.0000238 ], [ -6.8577385, 34.0003421 ], [ -6.8576428, 34.0004211 ], [ -6.857459, 34.0002682 ], [ -6.8574904, 34.0002423 ], [ -6.8575622, 34.000302 ], [ -6.8575939, 34.0002759 ], [ -6.8575087, 34.000205 ], [ -6.8574904, 34.0001898 ], [ -6.8573645, 34.0002938 ], [ -6.8573361, 34.0002955 ], [ -6.8572492, 34.000223 ], [ -6.8573622, 34.0001299 ] ] ] ] } },
{ "type": "Feature", "properties": { "full_id": "w1275540987", "osm_id": "1275540987", "osm_type": "way", "leisure": "garden", "opening_date": null, "fee": null, "access": null, "wikimedia_commons": null, "wikidata": null, "barrier": null, "name": null, "landuse": null }, "geometry": { "type": "MultiPolygon", "coordinates": [ [ [ [ -6.8200535, 33.9705973 ], [ -6.8200797, 33.9705807 ], [ -6.8202212, 33.9704778 ], [ -6.8202309, 33.9704639 ], [ -6.8202319, 33.9704479 ], [ -6.8202239, 33.9704333 ], [ -6.8202086, 33.9704233 ], [ -6.8201895, 33.9704203 ], [ -6.8201615, 33.970425 ], [ -6.8199979, 33.9705301 ], [ -6.8199912, 33.9705428 ], [ -6.8199896, 33.9705566 ], [ -6.8199932, 33.9705701 ], [ -6.8200029, 33.9705832 ], [ -6.8200174, 33.9705928 ], [ -6.820035, 33.9705977 ], [ -6.8200535, 33.9705973 ] ] ] ] } },
{ "type": "Feature", "properties": { "full_id": "w1275540988", "osm_id": "1275540988", "osm_type": "way", "leisure": "garden", "opening_date": null, "fee": null, "access": null, "wikimedia_commons": null, "wikidata": null, "barrier": null, "name": null, "landuse": null }, "geometry": { "type": "MultiPolygon", "coordinates": [ [ [ [ -6.819729, 33.971676 ], [ -6.8198301, 33.9716002 ], [ -6.8198471, 33.9716017 ], [ -6.8199457, 33.9716922 ], [ -6.8199403, 33.9717134 ], [ -6.8198432, 33.9717862 ], [ -6.8198295, 33.9717867 ], [ -6.8197238, 33.9716898 ], [ -6.819729, 33.971676 ] ] ] ] } },
{ "type": "Feature", "properties": { "full_id": "w1275540990", "osm_id": "1275540990", "osm_type": "way", "leisure": "garden", "opening_date": null, "fee": null, "access": null, "wikimedia_commons": null, "wikidata": null, "barrier": "fence", "name": null, "landuse": null }, "geometry": { "type": "MultiPolygon", "coordinates": [ [ [ [ -6.8187946, 33.9701299 ], [ -6.8187806, 33.9701253 ], [ -6.8187657, 33.9701242 ], [ -6.818751, 33.9701266 ], [ -6.8187309, 33.9701411 ], [ -6.818726, 33.9701569 ], [ -6.8187282, 33.9701732 ], [ -6.8187373, 33.9701877 ], [ -6.8187855, 33.9702339 ], [ -6.8188004, 33.9702391 ], [ -6.8188165, 33.9702406 ], [ -6.8188325, 33.9702384 ], [ -6.8188528, 33.9702236 ], [ -6.8188587, 33.9702113 ], [ -6.8188583, 33.9701982 ], [ -6.8188519, 33.9701861 ], [ -6.8187946, 33.9701299 ] ] ] ] } },
{ "type": "Feature", "properties": { "full_id": "w1275700655", "osm_id": "1275700655", "osm_type": "way", "leisure": "garden", "opening_date": null, "fee": null, "access": null, "wikimedia_commons": null, "wikidata": null, "barrier": null, "name": null, "landuse": null }, "geometry": { "type": "MultiPolygon", "coordinates": [ [ [ [ -6.8310669, 34.0277552 ], [ -6.8306844, 34.027606 ], [ -6.8306752, 34.0276057 ], [ -6.8306675, 34.0276097 ], [ -6.8306639, 34.0276166 ], [ -6.8306657, 34.0276241 ], [ -6.8307029, 34.0276492 ], [ -6.830718, 34.0276535 ], [ -6.8307338, 34.0276552 ], [ -6.8307661, 34.0276574 ], [ -6.830783, 34.0276588 ], [ -6.8307989, 34.0276638 ], [ -6.8308126, 34.0276721 ], [ -6.8308186, 34.0276797 ], [ -6.8308266, 34.0276858 ], [ -6.8310584, 34.0277698 ], [ -6.831063, 34.0277714 ], [ -6.8310679, 34.0277709 ], [ -6.8310719, 34.0277685 ], [ -6.8310741, 34.0277648 ], [ -6.8310738, 34.0277607 ], [ -6.8310712, 34.0277572 ], [ -6.8310669, 34.0277552 ] ] ] ] } },
{ "type": "Feature", "properties": { "full_id": "w1275700656", "osm_id": "1275700656", "osm_type": "way", "leisure": "garden", "opening_date": null, "fee": null, "access": null, "wikimedia_commons": null, "wikidata": null, "barrier": null, "name": null, "landuse": null }, "geometry": { "type": "MultiPolygon", "coordinates": [ [ [ [ -6.8308916, 34.027781 ], [ -6.8307558, 34.0277683 ], [ -6.8307673, 34.0276931 ], [ -6.8307899, 34.0277346 ], [ -6.8307998, 34.0277436 ], [ -6.8308121, 34.0277502 ], [ -6.8308262, 34.0277539 ], [ -6.8308907, 34.0277653 ], [ -6.8308991, 34.027769 ], [ -6.8308995, 34.0277768 ], [ -6.8308916, 34.027781 ] ] ] ] } },
{ "type": "Feature", "properties": { "full_id": "w1275700657", "osm_id": "1275700657", "osm_type": "way", "leisure": "garden", "opening_date": null, "fee": null, "access": null, "wikimedia_commons": null, "wikidata": null, "barrier": null, "name": null, "landuse": null }, "geometry": { "type": "MultiPolygon", "coordinates": [ [ [ [ -6.830462, 34.0275951 ], [ -6.8305741, 34.0276495 ], [ -6.8304841, 34.0276493 ], [ -6.8304661, 34.0276325 ], [ -6.8304443, 34.0276191 ], [ -6.8304198, 34.0276096 ], [ -6.8303934, 34.0276044 ], [ -6.8304147, 34.0275947 ], [ -6.8304239, 34.027592 ], [ -6.8304335, 34.0275906 ], [ -6.8304433, 34.0275907 ], [ -6.8304528, 34.0275922 ], [ -6.830462, 34.0275951 ] ] ] ] } },
{ "type": "Feature", "properties": { "full_id": "w1275700658", "osm_id": "1275700658", "osm_type": "way", "leisure": "garden", "opening_date": null, "fee": null, "access": null, "wikimedia_commons": null, "wikidata": null, "barrier": null, "name": null, "landuse": null }, "geometry": { "type": "MultiPolygon", "coordinates": [ [ [ [ -6.8300756, 34.0274476 ], [ -6.8300833, 34.0274545 ], [ -6.8300979, 34.0274638 ], [ -6.8301131, 34.0274725 ], [ -6.8301255, 34.0274838 ], [ -6.8301485, 34.0275136 ], [ -6.8301608, 34.0275253 ], [ -6.8301778, 34.0275355 ], [ -6.8301962, 34.0275437 ], [ -6.8302159, 34.0275497 ], [ -6.8302776, 34.0275579 ], [ -6.8303008, 34.0275647 ], [ -6.8303231, 34.0275731 ], [ -6.8303443, 34.0275833 ], [ -6.8303576, 34.0275942 ], [ -6.8303618, 34.0275963 ], [ -6.8303661, 34.0275963 ], [ -6.8303819, 34.0275874 ], [ -6.8303829, 34.0275842 ], [ -6.8303815, 34.027581 ], [ -6.83034, 34.027552 ], [ -6.83025, 34.0275168 ], [ -6.8302328, 34.0275105 ], [ -6.8302175, 34.0275014 ], [ -6.8302049, 34.02749 ], [ -6.830177, 34.0274608 ], [ -6.8301554, 34.0274484 ], [ -6.8301312, 34.0274397 ], [ -6.8300922, 34.0274305 ], [ -6.8300863, 34.0274292 ], [ -6.8300802, 34.0274303 ], [ -6.8300754, 34.0274334 ], [ -6.8300727, 34.027438 ], [ -6.8300728, 34.0274431 ], [ -6.8300756, 34.0274476 ] ] ] ] } },
{ "type": "Feature", "properties": { "full_id": "w1275700659", "osm_id": "1275700659", "osm_type": "way", "leisure": "garden", "opening_date": null, "fee": null, "access": null, "wikimedia_commons": null, "wikidata": null, "barrier": null, "name": null, "landuse": null }, "geometry": { "type": "MultiPolygon", "coordinates": [ [ [ [ -6.8299752, 34.0274147 ], [ -6.8298547, 34.0273972 ], [ -6.8297377, 34.0273847 ], [ -6.8296467, 34.0273735 ], [ -6.8296423, 34.0273728 ], [ -6.8296378, 34.0273733 ], [ -6.8296338, 34.027375 ], [ -6.8296308, 34.0273778 ], [ -6.829629, 34.0273812 ], [ -6.8296291, 34.0273858 ], [ -6.8296307, 34.0273907 ], [ -6.8296336, 34.0273955 ], [ -6.8296374, 34.0273987 ], [ -6.829645, 34.0274025 ], [ -6.8296543, 34.0274062 ], [ -6.8296727, 34.0274104 ], [ -6.8296918, 34.0274111 ], [ -6.8298347, 34.0274153 ], [ -6.8298613, 34.0274158 ], [ -6.8298879, 34.0274177 ], [ -6.8299142, 34.0274208 ], [ -6.829971, 34.0274287 ], [ -6.8299746, 34.0274292 ], [ -6.8299782, 34.0274284 ], [ -6.829981, 34.0274265 ], [ -6.8299826, 34.0274237 ], [ -6.8299828, 34.0274207 ], [ -6.8299814, 34.0274178 ], [ -6.8299787, 34.0274157 ], [ -6.8299752, 34.0274147 ] ] ] ] } },
{ "type": "Feature", "properties": { "full_id": "w1275700660", "osm_id": "1275700660", "osm_type": "way", "leisure": "garden", "opening_date": null, "fee": null, "access": null, "wikimedia_commons": null, "wikidata": null, "barrier": null, "name": null, "landuse": null }, "geometry": { "type": "MultiPolygon", "coordinates": [ [ [ [ -6.8302451, 34.027461 ], [ -6.8303334, 34.0274847 ], [ -6.8304146, 34.0275095 ], [ -6.8304944, 34.027537 ], [ -6.8304743, 34.027546 ], [ -6.8304685, 34.0275476 ], [ -6.830462, 34.0275476 ], [ -6.8304437, 34.0275417 ], [ -6.8304372, 34.0275411 ], [ -6.8304306, 34.0275422 ], [ -6.830415, 34.0275467 ], [ -6.8304084, 34.0275485 ], [ -6.8304015, 34.0275491 ], [ -6.8303945, 34.0275485 ], [ -6.8303878, 34.0275468 ], [ -6.8303817, 34.027544 ], [ -6.8303663, 34.027536 ], [ -6.830352, 34.027529 ], [ -6.830314, 34.0275125 ], [ -6.8303, 34.0275068 ], [ -6.8302839, 34.0275003 ], [ -6.8302723, 34.0274952 ], [ -6.8302575, 34.0274891 ], [ -6.8302368, 34.0274787 ], [ -6.8302333, 34.0274766 ], [ -6.8302309, 34.0274736 ], [ -6.83023, 34.0274701 ], [ -6.8302308, 34.0274666 ], [ -6.8302331, 34.0274635 ], [ -6.8302366, 34.0274614 ], [ -6.8302408, 34.0274605 ], [ -6.8302451, 34.027461 ] ] ] ] } },
{ "type": "Feature", "properties": { "full_id": "w1275700661", "osm_id": "1275700661", "osm_type": "way", "leisure": "garden", "opening_date": null, "fee": null, "access": null, "wikimedia_commons": null, "wikidata": null, "barrier": null, "name": null, "landuse": null }, "geometry": { "type": "MultiPolygon", "coordinates": [ [ [ [ -6.8303227, 34.0276022 ], [ -6.8302433, 34.0275942 ], [ -6.8302296, 34.0275921 ], [ -6.8302161, 34.027589 ], [ -6.8301946, 34.0275821 ], [ -6.8301679, 34.0275721 ], [ -6.8301163, 34.027553 ], [ -6.8301068, 34.0275484 ], [ -6.8300987, 34.027544 ], [ -6.8300938, 34.0275399 ], [ -6.8300897, 34.0275355 ], [ -6.8300867, 34.0275297 ], [ -6.8300841, 34.0275238 ], [ -6.8300798, 34.027514 ], [ -6.8300752, 34.0275063 ], [ -6.8299817, 34.0275039 ], [ -6.8299745, 34.0275509 ], [ -6.83006, 34.0275546 ], [ -6.8300775, 34.0275576 ], [ -6.830091, 34.0275619 ], [ -6.8301622, 34.0275878 ], [ -6.8301859, 34.0275963 ], [ -6.8302106, 34.0276025 ], [ -6.830236, 34.0276063 ], [ -6.8303207, 34.0276124 ], [ -6.8303239, 34.0276127 ], [ -6.8303269, 34.0276117 ], [ -6.8303288, 34.0276096 ], [ -6.8303294, 34.027607 ], [ -6.8303283, 34.0276045 ], [ -6.8303258, 34.0276028 ], [ -6.8303227, 34.0276022 ] ] ] ] } },
{ "type": "Feature", "properties": { "full_id": "w1275700662", "osm_id": "1275700662", "osm_type": "way", "leisure": "garden", "opening_date": null, "fee": null, "access": null, "wikimedia_commons": null, "wikidata": null, "barrier": null, "name": null, "landuse": null }, "geometry": { "type": "MultiPolygon", "coordinates": [ [ [ [ -6.8299553, 34.027498 ], [ -6.8297198, 34.0274513 ], [ -6.8296985, 34.0274482 ], [ -6.8296769, 34.0274466 ], [ -6.8296553, 34.0274465 ], [ -6.8296306, 34.0274476 ], [ -6.8296255, 34.0274485 ], [ -6.829622, 34.0274517 ], [ -6.8296216, 34.027456 ], [ -6.8296248, 34.0274744 ], [ -6.8296268, 34.027478 ], [ -6.8296307, 34.0274805 ], [ -6.8296354, 34.0274817 ], [ -6.8297926, 34.0275013 ], [ -6.829833, 34.0275076 ], [ -6.8298667, 34.0275139 ], [ -6.8299432, 34.0275298 ], [ -6.8299463, 34.0275302 ], [ -6.8299493, 34.0275299 ], [ -6.8299522, 34.0275289 ], [ -6.8299547, 34.0275274 ], [ -6.8299566, 34.0275253 ], [ -6.8299577, 34.0275229 ], [ -6.8299628, 34.0275092 ], [ -6.8299637, 34.0275063 ], [ -6.8299632, 34.0275033 ], [ -6.8299614, 34.0275008 ], [ -6.8299587, 34.0274989 ], [ -6.8299553, 34.027498 ] ] ] ] } },
{ "type": "Feature", "properties": { "full_id": "w1275700663", "osm_id": "1275700663", "osm_type": "way", "leisure": "garden", "opening_date": null, "fee": null, "access": null, "wikimedia_commons": null, "wikidata": null, "barrier": null, "name": null, "landuse": null }, "geometry": { "type": "MultiPolygon", "coordinates": [ [ [ [ -6.8295718, 34.0274534 ], [ -6.8295487, 34.0274617 ], [ -6.8295408, 34.0274643 ], [ -6.8295325, 34.0274658 ], [ -6.8295239, 34.0274663 ], [ -6.8295155, 34.0274658 ], [ -6.829359, 34.0274509 ], [ -6.8293483, 34.0274507 ], [ -6.8293377, 34.0274513 ], [ -6.8293109, 34.0274544 ], [ -6.8292974, 34.027457 ], [ -6.8292836, 34.0274586 ], [ -6.8292403, 34.0274586 ], [ -6.8292336, 34.0274596 ], [ -6.8292292, 34.0274627 ], [ -6.8292237, 34.0274711 ], [ -6.829225, 34.0274742 ], [ -6.8292277, 34.0274757 ], [ -6.8293009, 34.0274739 ], [ -6.8293385, 34.0274744 ], [ -6.8293729, 34.0274766 ], [ -6.8295283, 34.0274913 ], [ -6.8295412, 34.0274903 ], [ -6.8295538, 34.0274875 ], [ -6.8295844, 34.0274782 ], [ -6.8295881, 34.0274767 ], [ -6.8295911, 34.0274744 ], [ -6.8295931, 34.0274714 ], [ -6.8295939, 34.0274681 ], [ -6.8295935, 34.0274647 ], [ -6.829592, 34.0274616 ], [ -6.8295886, 34.0274562 ], [ -6.829586, 34.0274539 ], [ -6.8295827, 34.0274523 ], [ -6.829579, 34.0274517 ], [ -6.8295752, 34.0274521 ], [ -6.8295718, 34.0274534 ] ] ] ] } },
{ "type": "Feature", "properties": { "full_id": "w1275700664", "osm_id": "1275700664", "osm_type": "way", "leisure": "garden", "opening_date": null, "fee": null, "access": null, "wikimedia_commons": null, "wikidata": null, "barrier": null, "name": null, "landuse": null }, "geometry": { "type": "MultiPolygon", "coordinates": [ [ [ [ -6.8292238, 34.0275426 ], [ -6.828971, 34.0275268 ], [ -6.828966, 34.0275291 ], [ -6.828964, 34.0275331 ], [ -6.8289634, 34.0275456 ], [ -6.828966, 34.0275499 ], [ -6.8289703, 34.0275514 ], [ -6.8292158, 34.0275756 ], [ -6.82922, 34.0275753 ], [ -6.8292236, 34.0275727 ], [ -6.8292286, 34.0275474 ], [ -6.8292276, 34.0275441 ], [ -6.8292238, 34.0275426 ] ] ] ] } },
{ "type": "Feature", "properties": { "full_id": "w1275700665", "osm_id": "1275700665", "osm_type": "way", "leisure": "garden", "opening_date": null, "fee": null, "access": null, "wikimedia_commons": null, "wikidata": null, "barrier": null, "name": null, "landuse": null }, "geometry": { "type": "MultiPolygon", "coordinates": [ [ [ [ -6.8289658, 34.0274644 ], [ -6.8289842, 34.0274646 ], [ -6.8289893, 34.0274631 ], [ -6.8289936, 34.0274604 ], [ -6.8290156, 34.0274286 ], [ -6.8290243, 34.0274223 ], [ -6.8290347, 34.0274182 ], [ -6.8290461, 34.0274164 ], [ -6.8295041, 34.0273954 ], [ -6.8295077, 34.027395 ], [ -6.829511, 34.0273937 ], [ -6.8295136, 34.0273916 ], [ -6.8295152, 34.0273889 ], [ -6.8295156, 34.0273859 ], [ -6.8295156, 34.0273825 ], [ -6.8295152, 34.02738 ], [ -6.8295138, 34.0273778 ], [ -6.8295116, 34.0273761 ], [ -6.8295088, 34.0273752 ], [ -6.8295058, 34.0273751 ], [ -6.8293793, 34.0273741 ], [ -6.8292861, 34.0273757 ], [ -6.8291931, 34.0273805 ], [ -6.8291004, 34.0273887 ], [ -6.8289602, 34.0274027 ], [ -6.8289541, 34.0274036 ], [ -6.8289488, 34.0274063 ], [ -6.8289451, 34.0274104 ], [ -6.8289435, 34.0274154 ], [ -6.8289443, 34.0274206 ], [ -6.8289509, 34.0274549 ], [ -6.8289523, 34.0274581 ], [ -6.8289546, 34.0274609 ], [ -6.8289579, 34.0274629 ], [ -6.8289617, 34.0274641 ], [ -6.8289658, 34.0274644 ] ] ] ] } },
{ "type": "Feature", "properties": { "full_id": "w1275700666", "osm_id": "1275700666", "osm_type": "way", "leisure": "garden", "opening_date": null, "fee": null, "access": null, "wikimedia_commons": null, "wikidata": null, "barrier": null, "name": null, "landuse": null }, "geometry": { "type": "MultiPolygon", "coordinates": [ [ [ [ -6.8286866, 34.027444 ], [ -6.8286815, 34.0274459 ], [ -6.8286801, 34.0274503 ], [ -6.8286862, 34.0274608 ], [ -6.8286898, 34.0274624 ], [ -6.8286954, 34.0274625 ], [ -6.8287614, 34.027454 ], [ -6.8288273, 34.0274452 ], [ -6.8288931, 34.0274361 ], [ -6.8288975, 34.0274346 ], [ -6.8288991, 34.0274307 ], [ -6.8288972, 34.0274217 ], [ -6.8288936, 34.0274188 ], [ -6.8288877, 34.0274184 ], [ -6.8288209, 34.0274284 ], [ -6.8287539, 34.027437 ], [ -6.8286866, 34.027444 ] ] ] ] } },
{ "type": "Feature", "properties": { "full_id": "w1275700667", "osm_id": "1275700667", "osm_type": "way", "leisure": "garden", "opening_date": null, "fee": null, "access": null, "wikimedia_commons": null, "wikidata": null, "barrier": null, "name": null, "landuse": null }, "geometry": { "type": "MultiPolygon", "coordinates": [ [ [ [ -6.8285635, 34.0274573 ], [ -6.8285589, 34.027462 ], [ -6.8285577, 34.027464 ], [ -6.8285575, 34.0274662 ], [ -6.8285584, 34.0274683 ], [ -6.8285601, 34.0274699 ], [ -6.8285625, 34.027471 ], [ -6.8285651, 34.0274712 ], [ -6.8285992, 34.0274732 ], [ -6.8286177, 34.0274755 ], [ -6.8286324, 34.0274776 ], [ -6.8287045, 34.0274933 ], [ -6.8287183, 34.0274962 ], [ -6.8287325, 34.027498 ], [ -6.8287467, 34.0274987 ], [ -6.828761, 34.0274983 ], [ -6.8288104, 34.0274976 ], [ -6.8288356, 34.0274973 ], [ -6.8288607, 34.0274983 ], [ -6.828909, 34.0275052 ], [ -6.8289154, 34.0275048 ], [ -6.8289199, 34.0275017 ], [ -6.8289233, 34.0274898 ], [ -6.8289214, 34.0274857 ], [ -6.8289155, 34.0274839 ], [ -6.828861, 34.0274792 ], [ -6.8288348, 34.0274789 ], [ -6.8288086, 34.0274805 ], [ -6.8287583, 34.0274851 ], [ -6.8287451, 34.0274858 ], [ -6.8287303, 34.0274849 ], [ -6.8287184, 34.027483 ], [ -6.8287059, 34.0274805 ], [ -6.8285778, 34.0274542 ], [ -6.828574, 34.0274536 ], [ -6.8285701, 34.027454 ], [ -6.8285665, 34.0274552 ], [ -6.8285635, 34.0274573 ] ] ] ] } },
{ "type": "Feature", "properties": { "full_id": "w1275700673", "osm_id": "1275700673", "osm_type": "way", "leisure": "garden", "opening_date": null, "fee": null, "access": null, "wikimedia_commons": null, "wikidata": null, "barrier": null, "name": null, "landuse": null }, "geometry": { "type": "MultiPolygon", "coordinates": [ [ [ [ -6.8295958, 34.0273413 ], [ -6.8295914, 34.0272714 ], [ -6.8294527, 34.0272606 ], [ -6.8293136, 34.027255 ], [ -6.8291742, 34.0272546 ], [ -6.829035, 34.0272593 ], [ -6.8289073, 34.0272654 ], [ -6.8289338, 34.02737 ], [ -6.8290558, 34.027351 ], [ -6.8291274, 34.0273428 ], [ -6.8292009, 34.0273378 ], [ -6.8293253, 34.0273364 ], [ -6.8294607, 34.0273356 ], [ -6.8295958, 34.0273413 ] ] ] ] } },
{ "type": "Feature", "properties": { "full_id": "w1275700674", "osm_id": "1275700674", "osm_type": "way", "leisure": "garden", "opening_date": null, "fee": null, "access": null, "wikimedia_commons": null, "wikidata": null, "barrier": null, "name": null, "landuse": null }, "geometry": { "type": "MultiPolygon", "coordinates": [ [ [ [ -6.8303995, 34.0274575 ], [ -6.8301713, 34.0273851 ], [ -6.8300607, 34.0273535 ], [ -6.8299483, 34.0273269 ], [ -6.8298993, 34.0273148 ], [ -6.8298437, 34.0273018 ], [ -6.8297886, 34.0272926 ], [ -6.8297212, 34.0272834 ], [ -6.8296282, 34.0272738 ], [ -6.8296262, 34.0273384 ], [ -6.8297441, 34.0273447 ], [ -6.8298211, 34.027352 ], [ -6.8298711, 34.0273584 ], [ -6.8299087, 34.0273646 ], [ -6.8299874, 34.027377 ], [ -6.8300567, 34.0273887 ], [ -6.8301293, 34.0274026 ], [ -6.8302002, 34.0274192 ], [ -6.8303932, 34.0274702 ], [ -6.8303966, 34.0274712 ], [ -6.8304002, 34.0274708 ], [ -6.8304033, 34.0274693 ], [ -6.8304053, 34.0274669 ], [ -6.8304059, 34.0274639 ], [ -6.830405, 34.0274611 ], [ -6.8304027, 34.0274588 ], [ -6.8303995, 34.0274575 ] ] ] ] } },
{ "type": "Feature", "properties": { "full_id": "w1275700675", "osm_id": "1275700675", "osm_type": "way", "leisure": "garden", "opening_date": null, "fee": null, "access": null, "wikimedia_commons": null, "wikidata": null, "barrier": null, "name": null, "landuse": null }, "geometry": { "type": "MultiPolygon", "coordinates": [ [ [ [ -6.8288642, 34.0272726 ], [ -6.8286508, 34.0272832 ], [ -6.8285669, 34.0274108 ], [ -6.8286818, 34.0274049 ], [ -6.8287881, 34.027395 ], [ -6.8288937, 34.0273809 ], [ -6.8288642, 34.0272726 ] ] ] ] } },
{ "type": "Feature", "properties": { "full_id": "w1275700676", "osm_id": "1275700676", "osm_type": "way", "leisure": "garden", "opening_date": null, "fee": null, "access": null, "wikimedia_commons": null, "wikidata": null, "barrier": null, "name": null, "landuse": null }, "geometry": { "type": "MultiPolygon", "coordinates": [ [ [ [ -6.8277908, 34.0272947 ], [ -6.827894, 34.0272971 ], [ -6.8280389, 34.027303 ], [ -6.8281283, 34.0273078 ], [ -6.8282092, 34.0273098 ], [ -6.8282601, 34.0273098 ], [ -6.8283121, 34.0273089 ], [ -6.828388, 34.0273065 ], [ -6.82861, 34.0272911 ], [ -6.8285303, 34.0274132 ], [ -6.8283807, 34.0274117 ], [ -6.8283178, 34.0274081 ], [ -6.8282489, 34.0274006 ], [ -6.828188, 34.0273909 ], [ -6.8281226, 34.0273767 ], [ -6.8280009, 34.0273506 ], [ -6.827867, 34.0273219 ], [ -6.8278339, 34.0273134 ], [ -6.8278222, 34.0273104 ], [ -6.827811, 34.0273062 ], [ -6.8278005, 34.0273009 ], [ -6.8277908, 34.0272947 ] ] ] ] } },
{ "type": "Feature", "properties": { "full_id": "w1275711344", "osm_id": "1275711344", "osm_type": "way", "leisure": "garden", "opening_date": null, "fee": null, "access": null, "wikimedia_commons": null, "wikidata": null, "barrier": null, "name": null, "landuse": null }, "geometry": { "type": "MultiPolygon", "coordinates": [ [ [ [ -6.8315525, 34.0220892 ], [ -6.8315381, 34.0221018 ], [ -6.8315189, 34.0221088 ], [ -6.8314979, 34.0221093 ], [ -6.8314783, 34.022103 ], [ -6.8314631, 34.022091 ], [ -6.8314546, 34.0220751 ], [ -6.8314541, 34.0220578 ], [ -6.8314616, 34.0220415 ], [ -6.8314761, 34.0220289 ], [ -6.8314953, 34.0220219 ], [ -6.8315162, 34.0220214 ], [ -6.8315358, 34.0220277 ], [ -6.831551, 34.0220397 ], [ -6.8315595, 34.0220556 ], [ -6.8315601, 34.0220729 ], [ -6.8315525, 34.0220892 ] ] ] ] } },
{ "type": "Feature", "properties": { "full_id": "w1275711350", "osm_id": "1275711350", "osm_type": "way", "leisure": "garden", "opening_date": null, "fee": null, "access": null, "wikimedia_commons": null, "wikidata": null, "barrier": null, "name": null, "landuse": null }, "geometry": { "type": "MultiPolygon", "coordinates": [ [ [ [ -6.8309352, 34.0159477 ], [ -6.8310328, 34.0158951 ], [ -6.8310405, 34.0158929 ], [ -6.8310487, 34.0158927 ], [ -6.8310565, 34.0158947 ], [ -6.8310632, 34.0158986 ], [ -6.8310772, 34.0159111 ], [ -6.8309528, 34.0159738 ], [ -6.8309352, 34.0159477 ] ] ] ] } },
{ "type": "Feature", "properties": { "full_id": "w1275711351", "osm_id": "1275711351", "osm_type": "way", "leisure": "garden", "opening_date": null, "fee": null, "access": null, "wikimedia_commons": null, "wikidata": null, "barrier": null, "name": null, "landuse": null }, "geometry": { "type": "MultiPolygon", "coordinates": [ [ [ [ -6.8308014, 34.016042 ], [ -6.8307974, 34.0160359 ], [ -6.8307968, 34.0160289 ], [ -6.8307997, 34.0160223 ], [ -6.8308056, 34.0160174 ], [ -6.8308802, 34.0159773 ], [ -6.8308992, 34.0160008 ], [ -6.8308395, 34.0160309 ], [ -6.8308315, 34.0160356 ], [ -6.8308252, 34.0160418 ], [ -6.8308218, 34.0160494 ], [ -6.8308219, 34.0160575 ], [ -6.8308238, 34.0160658 ], [ -6.8308014, 34.016042 ] ] ] ] } },
{ "type": "Feature", "properties": { "full_id": "w1275739525", "osm_id": "1275739525", "osm_type": "way", "leisure": "garden", "opening_date": null, "fee": null, "access": null, "wikimedia_commons": null, "wikidata": null, "barrier": null, "name": null, "landuse": null }, "geometry": { "type": "MultiPolygon", "coordinates": [ [ [ [ -6.8563224, 34.0028338 ], [ -6.8561959, 34.0027185 ], [ -6.8574156, 34.0017209 ], [ -6.8578274, 34.0020689 ], [ -6.8576742, 34.0021961 ], [ -6.8575822, 34.0023431 ], [ -6.8575187, 34.0024234 ], [ -6.8567872, 34.0030204 ], [ -6.8567729, 34.0030019 ], [ -6.8567635, 34.0029813 ], [ -6.8567595, 34.0029596 ], [ -6.8567611, 34.0029375 ], [ -6.8567032, 34.0029198 ], [ -6.8566961, 34.0029304 ], [ -6.8566586, 34.0029842 ], [ -6.8566945, 34.0030014 ], [ -6.8566268, 34.0030905 ], [ -6.8564813, 34.0029576 ], [ -6.8564686, 34.0029672 ], [ -6.8563454, 34.0028548 ], [ -6.8563899, 34.0028226 ], [ -6.8563967, 34.0028171 ], [ -6.8563999, 34.0028105 ], [ -6.8563993, 34.0028034 ], [ -6.8563949, 34.0027973 ], [ -6.8563877, 34.0027934 ], [ -6.8563792, 34.0027926 ], [ -6.8563711, 34.0027951 ], [ -6.8563653, 34.0028003 ], [ -6.8563224, 34.0028338 ] ] ] ] } },
{ "type": "Feature", "properties": { "full_id": "w1275739529", "osm_id": "1275739529", "osm_type": "way", "leisure": "garden", "opening_date": null, "fee": null, "access": null, "wikimedia_commons": null, "wikidata": null, "barrier": null, "name": null, "landuse": null }, "geometry": { "type": "MultiPolygon", "coordinates": [ [ [ [ -6.858502, 34.0015622 ], [ -6.8586106, 34.0015554 ], [ -6.8586277, 34.0015543 ], [ -6.8586445, 34.0015515 ], [ -6.8586603, 34.0015461 ], [ -6.8586746, 34.0015382 ], [ -6.8586869, 34.0015283 ], [ -6.8590275, 34.0012549 ], [ -6.8590465, 34.001242 ], [ -6.8590672, 34.0012311 ], [ -6.8590894, 34.0012224 ], [ -6.8591127, 34.0012161 ], [ -6.8591367, 34.0012119 ], [ -6.8591613, 34.0012069 ], [ -6.8591847, 34.001199 ], [ -6.8592065, 34.0011884 ], [ -6.8592261, 34.0011752 ], [ -6.8592433, 34.0011598 ], [ -6.8594556, 34.0009832 ], [ -6.85946, 34.00098 ], [ -6.8594657, 34.0009795 ], [ -6.8594708, 34.0009819 ], [ -6.8594732, 34.0009862 ], [ -6.8594722, 34.000991 ], [ -6.859468, 34.0009943 ], [ -6.8592506, 34.0011702 ], [ -6.8592346, 34.0011825 ], [ -6.8592171, 34.0011933 ], [ -6.8591984, 34.0012025 ], [ -6.8591786, 34.00121 ], [ -6.8591559, 34.0012198 ], [ -6.8591347, 34.0012318 ], [ -6.8591155, 34.0012458 ], [ -6.8590984, 34.0012617 ], [ -6.8588561, 34.0014591 ], [ -6.8585777, 34.0016957 ], [ -6.8585446, 34.0016685 ], [ -6.8585262, 34.0016838 ], [ -6.8584407, 34.0016136 ], [ -6.8584695, 34.0015895 ], [ -6.8585069, 34.0016201 ], [ -6.8585394, 34.0015929 ], [ -6.858502, 34.0015622 ] ] ] ] } },
{ "type": "Feature", "properties": { "full_id": "w1275739530", "osm_id": "1275739530", "osm_type": "way", "leisure": "garden", "opening_date": null, "fee": null, "access": null, "wikimedia_commons": null, "wikidata": null, "barrier": null, "name": null, "landuse": null }, "geometry": { "type": "MultiPolygon", "coordinates": [ [ [ [ -6.8585329, 34.0015064 ], [ -6.8586261, 34.0015022 ], [ -6.8590002, 34.0012021 ], [ -6.8586802, 34.0009316 ], [ -6.8586611, 34.000931 ], [ -6.8583062, 34.0012195 ], [ -6.8583068, 34.0012364 ], [ -6.8583431, 34.0012654 ], [ -6.858483, 34.0011573 ], [ -6.858719, 34.0013503 ], [ -6.8585329, 34.0015064 ] ] ] ] } },
{ "type": "Feature", "properties": { "full_id": "w1277756838", "osm_id": "1277756838", "osm_type": "way", "leisure": "garden", "opening_date": null, "fee": null, "access": null, "wikimedia_commons": null, "wikidata": null, "barrier": null, "name": null, "landuse": null }, "geometry": { "type": "MultiPolygon", "coordinates": [ [ [ [ -6.8832792, 33.9515709 ], [ -6.8833349, 33.9515876 ], [ -6.8833919, 33.9516009 ], [ -6.883461, 33.9516137 ], [ -6.8834811, 33.9516163 ], [ -6.883499, 33.9516139 ], [ -6.8835141, 33.9516057 ], [ -6.883524, 33.9515931 ], [ -6.8835269, 33.9515796 ], [ -6.8835236, 33.9515662 ], [ -6.8835146, 33.9515547 ], [ -6.8834315, 33.9514969 ], [ -6.8832792, 33.9515709 ] ] ] ] } },
{ "type": "Feature", "properties": { "full_id": "w1277756839", "osm_id": "1277756839", "osm_type": "way", "leisure": "garden", "opening_date": null, "fee": null, "access": null, "wikimedia_commons": null, "wikidata": null, "barrier": null, "name": null, "landuse": null }, "geometry": { "type": "MultiPolygon", "coordinates": [ [ [ [ -6.8831726, 33.9515297 ], [ -6.8831874, 33.9515113 ], [ -6.88321, 33.9515201 ], [ -6.8832351, 33.9515203 ], [ -6.883258, 33.9515119 ], [ -6.8832745, 33.9514963 ], [ -6.8832816, 33.9514783 ], [ -6.8832799, 33.9514594 ], [ -6.8832696, 33.9514425 ], [ -6.8832524, 33.9514301 ], [ -6.8832652, 33.951409 ], [ -6.8833403, 33.951444 ], [ -6.8834093, 33.9514813 ], [ -6.8832544, 33.9515614 ], [ -6.8831726, 33.9515297 ] ] ] ] } },
{ "type": "Feature", "properties": { "full_id": "w1277756840", "osm_id": "1277756840", "osm_type": "way", "leisure": "garden", "opening_date": null, "fee": null, "access": null, "wikimedia_commons": null, "wikidata": null, "barrier": null, "name": null, "landuse": null }, "geometry": { "type": "MultiPolygon", "coordinates": [ [ [ [ -6.8830633, 33.9514857 ], [ -6.8830653, 33.95133 ], [ -6.883243, 33.951394 ], [ -6.8832336, 33.9514079 ], [ -6.8832056, 33.9514089 ], [ -6.8831798, 33.9514182 ], [ -6.8831599, 33.9514346 ], [ -6.8831483, 33.9514563 ], [ -6.8831471, 33.95148 ], [ -6.8831565, 33.9515024 ], [ -6.8831465, 33.9515197 ], [ -6.8830633, 33.9514857 ] ] ] ] } },
{ "type": "Feature", "properties": { "full_id": "w1277756841", "osm_id": "1277756841", "osm_type": "way", "leisure": "garden", "opening_date": null, "fee": null, "access": null, "wikimedia_commons": null, "wikidata": null, "barrier": null, "name": null, "landuse": null }, "geometry": { "type": "MultiPolygon", "coordinates": [ [ [ [ -6.8830405, 33.9514724 ], [ -6.8829554, 33.9514346 ], [ -6.8830184, 33.9513178 ], [ -6.8830385, 33.9513211 ], [ -6.8830405, 33.9514724 ] ] ] ] } },
{ "type": "Feature", "properties": { "full_id": "w1277758376", "osm_id": "1277758376", "osm_type": "way", "leisure": "garden", "opening_date": null, "fee": null, "access": null, "wikimedia_commons": null, "wikidata": null, "barrier": null, "name": null, "landuse": null }, "geometry": { "type": "MultiPolygon", "coordinates": [ [ [ [ -6.8087111, 33.990294 ], [ -6.8084215, 33.9904808 ], [ -6.8084644, 33.9905497 ], [ -6.8086816, 33.9906042 ], [ -6.8087876, 33.9906276 ], [ -6.8089043, 33.9906809 ], [ -6.8089525, 33.9906865 ], [ -6.8091081, 33.9906809 ], [ -6.8091216, 33.990676 ], [ -6.8091322, 33.9906676 ], [ -6.8091388, 33.9906564 ], [ -6.8091402, 33.990644 ], [ -6.8091363, 33.990632 ], [ -6.8087111, 33.990294 ] ] ] ] } },
{ "type": "Feature", "properties": { "full_id": "w1277762683", "osm_id": "1277762683", "osm_type": "way", "leisure": "garden", "opening_date": null, "fee": null, "access": null, "wikimedia_commons": null, "wikidata": null, "barrier": null, "name": null, "landuse": null }, "geometry": { "type": "MultiPolygon", "coordinates": [ [ [ [ -6.884558, 33.9473473 ], [ -6.8845747, 33.9475197 ], [ -6.8845789, 33.9475548 ], [ -6.8845882, 33.9475893 ], [ -6.8845999, 33.9476176 ], [ -6.884615, 33.9476449 ], [ -6.8846545, 33.947695 ], [ -6.8846914, 33.9477339 ], [ -6.8847205, 33.9477778 ], [ -6.8847404, 33.9478251 ], [ -6.8847515, 33.9478567 ], [ -6.8847672, 33.9478869 ], [ -6.8847982, 33.9479279 ], [ -6.8848168, 33.9479466 ], [ -6.8848376, 33.9479636 ], [ -6.8848646, 33.9479812 ], [ -6.8848939, 33.9479959 ], [ -6.8850207, 33.9480676 ], [ -6.8850471, 33.9480392 ], [ -6.8849716, 33.9479949 ], [ -6.8847578, 33.947755 ], [ -6.8846329, 33.9473349 ], [ -6.884558, 33.9473473 ] ] ] ] } },
{ "type": "Feature", "properties": { "full_id": "w1277771760", "osm_id": "1277771760", "osm_type": "way", "leisure": "garden", "opening_date": null, "fee": null, "access": null, "wikimedia_commons": null, "wikidata": null, "barrier": null, "name": null, "landuse": null }, "geometry": { "type": "MultiPolygon", "coordinates": [ [ [ [ -6.8524568, 34.0045538 ], [ -6.8525123, 34.0046013 ], [ -6.8524867, 34.0046221 ], [ -6.8525898, 34.0047096 ], [ -6.8526138, 34.0047305 ], [ -6.8524595, 34.0048486 ], [ -6.8523792, 34.0046874 ], [ -6.8524383, 34.0046671 ], [ -6.852373, 34.0045362 ], [ -6.8523139, 34.0045564 ], [ -6.8522884, 34.0045051 ], [ -6.8523695, 34.0044802 ], [ -6.8523785, 34.0044878 ], [ -6.8528011, 34.0041455 ], [ -6.8528454, 34.0041832 ], [ -6.8528168, 34.0042063 ], [ -6.8528505, 34.004235 ], [ -6.8524568, 34.0045538 ] ] ] ] } },
{ "type": "Feature", "properties": { "full_id": "w1277771794", "osm_id": "1277771794", "osm_type": "way", "leisure": "garden", "opening_date": null, "fee": null, "access": null, "wikimedia_commons": null, "wikidata": null, "barrier": null, "name": null, "landuse": null }, "geometry": { "type": "MultiPolygon", "coordinates": [ [ [ [ -6.8532598, 34.0036115 ], [ -6.8532676, 34.0036169 ], [ -6.8532772, 34.0036193 ], [ -6.8532872, 34.0036183 ], [ -6.8532959, 34.0036139 ], [ -6.8533751, 34.0035523 ], [ -6.853361, 34.0035399 ], [ -6.8536583, 34.0033088 ], [ -6.8535287, 34.0031941 ], [ -6.8534191, 34.0032793 ], [ -6.853403, 34.003265 ], [ -6.8531183, 34.0034864 ], [ -6.8532598, 34.0036115 ] ] ] ] } },
{ "type": "Feature", "properties": { "full_id": "w1277771797", "osm_id": "1277771797", "osm_type": "way", "leisure": "garden", "opening_date": null, "fee": null, "access": null, "wikimedia_commons": null, "wikidata": null, "barrier": null, "name": null, "landuse": null }, "geometry": { "type": "MultiPolygon", "coordinates": [ [ [ [ -6.8525656, 34.0037931 ], [ -6.8525457, 34.0038019 ], [ -6.8525212, 34.0038086 ], [ -6.8524955, 34.0038111 ], [ -6.852458, 34.0038189 ], [ -6.8524229, 34.0038323 ], [ -6.8523912, 34.0038507 ], [ -6.8523642, 34.0038737 ], [ -6.8523426, 34.0039003 ], [ -6.8523273, 34.0039298 ], [ -6.8523154, 34.0039633 ], [ -6.8523099, 34.0039807 ], [ -6.8523052, 34.0039955 ], [ -6.8522954, 34.0040108 ], [ -6.8522808, 34.0040232 ], [ -6.8522626, 34.0040318 ], [ -6.8522422, 34.0040358 ], [ -6.8522186, 34.0040352 ], [ -6.8521891, 34.0040322 ], [ -6.8521911, 34.0040144 ], [ -6.8522112, 34.0040157 ], [ -6.8522305, 34.0040158 ], [ -6.8522492, 34.0040118 ], [ -6.8522661, 34.0040041 ], [ -6.8522801, 34.0039931 ], [ -6.8522903, 34.0039795 ], [ -6.8522961, 34.0039642 ], [ -6.8523022, 34.0039389 ], [ -6.8523138, 34.0039149 ], [ -6.8523279, 34.0038954 ], [ -6.8523497, 34.0038653 ], [ -6.8523748, 34.0038409 ], [ -6.8523953, 34.0038264 ], [ -6.8524186, 34.0038151 ], [ -6.8524439, 34.0038073 ], [ -6.8524662, 34.0038027 ], [ -6.8524764, 34.0037944 ], [ -6.8524704, 34.0037765 ], [ -6.8524712, 34.0037579 ], [ -6.8524788, 34.0037403 ], [ -6.8524925, 34.0037255 ], [ -6.8525194, 34.0037001 ], [ -6.8525332, 34.0036886 ], [ -6.8525481, 34.0036809 ], [ -6.8525654, 34.0036784 ], [ -6.8525827, 34.0036813 ], [ -6.8525991, 34.0036892 ], [ -6.8526129, 34.0037022 ], [ -6.8526209, 34.0036464 ], [ -6.8526263, 34.0036287 ], [ -6.852635, 34.0036101 ], [ -6.8526512, 34.0035954 ], [ -6.8526728, 34.0035865 ], [ -6.8526967, 34.0035848 ], [ -6.8527198, 34.0035903 ], [ -6.8527389, 34.0036025 ], [ -6.8527508, 34.0036182 ], [ -6.8527556, 34.0036364 ], [ -6.8527526, 34.0036549 ], [ -6.8527423, 34.0036714 ], [ -6.8527258, 34.0036841 ], [ -6.8527051, 34.0036913 ], [ -6.8526827, 34.0036923 ], [ -6.8526611, 34.003687 ], [ -6.8526437, 34.0036747 ], [ -6.8526335, 34.003682 ], [ -6.8526334, 34.0037032 ], [ -6.8526284, 34.003724 ], [ -6.8526189, 34.0037437 ], [ -6.8526089, 34.0037572 ], [ -6.8526608, 34.0038034 ], [ -6.8528883, 34.0036195 ], [ -6.8529008, 34.0036091 ], [ -6.8529065, 34.0035953 ], [ -6.8529043, 34.0035807 ], [ -6.8528946, 34.0035685 ], [ -6.8528074, 34.0034934 ], [ -6.8527675, 34.0034587 ], [ -6.8527503, 34.003444 ], [ -6.8521046, 34.0039588 ], [ -6.8520959, 34.0040295 ], [ -6.8520942, 34.0040518 ], [ -6.8520953, 34.004074 ], [ -6.8520991, 34.0040961 ], [ -6.8521043, 34.0041222 ], [ -6.8521151, 34.0041524 ], [ -6.8521293, 34.0041858 ], [ -6.8521456, 34.0042186 ], [ -6.852617, 34.0038389 ], [ -6.8525656, 34.0037931 ] ] ] ] } },
{ "type": "Feature", "properties": { "full_id": "w1277777512", "osm_id": "1277777512", "osm_type": "way", "leisure": "garden", "opening_date": null, "fee": null, "access": null, "wikimedia_commons": null, "wikidata": null, "barrier": null, "name": null, "landuse": null }, "geometry": { "type": "MultiPolygon", "coordinates": [ [ [ [ -6.8011957, 33.9878161 ], [ -6.8011406, 33.9878176 ], [ -6.8011418, 33.9878492 ], [ -6.8011969, 33.9878477 ], [ -6.8011978, 33.9878697 ], [ -6.8010583, 33.9878734 ], [ -6.801055, 33.9877868 ], [ -6.8011944, 33.9877831 ], [ -6.8011957, 33.9878161 ] ] ] ] } },
{ "type": "Feature", "properties": { "full_id": "w1277777514", "osm_id": "1277777514", "osm_type": "way", "leisure": "garden", "opening_date": null, "fee": null, "access": null, "wikimedia_commons": null, "wikidata": null, "barrier": null, "name": null, "landuse": null }, "geometry": { "type": "MultiPolygon", "coordinates": [ [ [ [ -6.8020646, 33.987931 ], [ -6.8018132, 33.9879327 ], [ -6.8018091, 33.9880295 ], [ -6.8018655, 33.9880912 ], [ -6.8020646, 33.987931 ] ] ] ] } },
{ "type": "Feature", "properties": { "full_id": "w1277795420", "osm_id": "1277795420", "osm_type": "way", "leisure": "garden", "opening_date": null, "fee": null, "access": null, "wikimedia_commons": null, "wikidata": null, "barrier": null, "name": null, "landuse": null }, "geometry": { "type": "MultiPolygon", "coordinates": [ [ [ [ -6.8352077, 34.029816 ], [ -6.8352895, 34.0299002 ], [ -6.8353307, 34.0298727 ], [ -6.8352593, 34.0297992 ], [ -6.8352502, 34.0298053 ], [ -6.8352398, 34.0297946 ], [ -6.8352077, 34.029816 ] ] ] ] } },
{ "type": "Feature", "properties": { "full_id": "w1277795422", "osm_id": "1277795422", "osm_type": "way", "leisure": "garden", "opening_date": null, "fee": null, "access": null, "wikimedia_commons": null, "wikidata": null, "barrier": null, "name": null, "landuse": null }, "geometry": { "type": "MultiPolygon", "coordinates": [ [ [ [ -6.8352192, 34.029625 ], [ -6.8352641, 34.0296749 ], [ -6.8353061, 34.0296488 ], [ -6.8352248, 34.0295496 ], [ -6.8351438, 34.0296 ], [ -6.8350552, 34.0296542 ], [ -6.8350967, 34.0297029 ], [ -6.8352192, 34.029625 ] ] ] ] } },
{ "type": "Feature", "properties": { "full_id": "w1277795432", "osm_id": "1277795432", "osm_type": "way", "leisure": "garden", "opening_date": null, "fee": null, "access": null, "wikimedia_commons": null, "wikidata": null, "barrier": null, "name": null, "landuse": null }, "geometry": { "type": "MultiPolygon", "coordinates": [ [ [ [ -6.8351359, 34.0302928 ], [ -6.8351736, 34.0302673 ], [ -6.8351444, 34.0302376 ], [ -6.8351639, 34.0302245 ], [ -6.8351912, 34.0302522 ], [ -6.8352468, 34.0302146 ], [ -6.8350609, 34.0300259 ], [ -6.8349917, 34.0300873 ], [ -6.8349582, 34.0301155 ], [ -6.8349834, 34.0301412 ], [ -6.8351359, 34.0302928 ] ] ] ] } },
{ "type": "Feature", "properties": { "full_id": "w1277795462", "osm_id": "1277795462", "osm_type": "way", "leisure": "garden", "opening_date": null, "fee": null, "access": null, "wikimedia_commons": null, "wikidata": null, "barrier": null, "name": null, "landuse": null }, "geometry": { "type": "MultiPolygon", "coordinates": [ [ [ [ -6.835462, 34.0301844 ], [ -6.8354368, 34.0301596 ], [ -6.8356083, 34.0300403 ], [ -6.8356335, 34.0300651 ], [ -6.835462, 34.0301844 ] ] ] ] } },
{ "type": "Feature", "properties": { "full_id": "w1277795463", "osm_id": "1277795463", "osm_type": "way", "leisure": "garden", "opening_date": null, "fee": null, "access": null, "wikimedia_commons": null, "wikidata": null, "barrier": null, "name": null, "landuse": null }, "geometry": { "type": "MultiPolygon", "coordinates": [ [ [ [ -6.8356335, 34.0300651 ], [ -6.8356651, 34.0300964 ], [ -6.8354936, 34.0302157 ], [ -6.835462, 34.0301844 ], [ -6.8356335, 34.0300651 ] ] ] ] } },
{ "type": "Feature", "properties": { "full_id": "w1277795464", "osm_id": "1277795464", "osm_type": "way", "leisure": "garden", "opening_date": null, "fee": null, "access": null, "wikimedia_commons": null, "wikidata": null, "barrier": null, "name": null, "landuse": null }, "geometry": { "type": "MultiPolygon", "coordinates": [ [ [ [ -6.8357007, 34.0302582 ], [ -6.8357757, 34.0302089 ], [ -6.8357233, 34.0301548 ], [ -6.8356484, 34.0302042 ], [ -6.8357007, 34.0302582 ] ] ] ] } },
{ "type": "Feature", "properties": { "full_id": "w1277795495", "osm_id": "1277795495", "osm_type": "way", "leisure": "garden", "opening_date": null, "fee": null, "access": null, "wikimedia_commons": null, "wikidata": null, "barrier": null, "name": null, "landuse": null }, "geometry": { "type": "MultiPolygon", "coordinates": [ [ [ [ -6.8354361, 34.0305094 ], [ -6.8355597, 34.0304208 ], [ -6.8355336, 34.0303959 ], [ -6.8355689, 34.0303704 ], [ -6.8355099, 34.0303142 ], [ -6.8354886, 34.0303296 ], [ -6.8354638, 34.030306 ], [ -6.8353552, 34.0303844 ], [ -6.8353265, 34.0304051 ], [ -6.8354361, 34.0305094 ] ] ] ] } },
{ "type": "Feature", "properties": { "full_id": "w1277795502", "osm_id": "1277795502", "osm_type": "way", "leisure": "garden", "opening_date": null, "fee": null, "access": null, "wikimedia_commons": null, "wikidata": null, "barrier": null, "name": null, "landuse": null }, "geometry": { "type": "MultiPolygon", "coordinates": [ [ [ [ -6.8354247, 34.0302553 ], [ -6.8353572, 34.030304 ], [ -6.8353134, 34.0302623 ], [ -6.8353809, 34.0302136 ], [ -6.8354247, 34.0302553 ] ] ] ] } },
{ "type": "Feature", "properties": { "full_id": "w1277795503", "osm_id": "1277795503", "osm_type": "way", "leisure": "garden", "opening_date": null, "fee": null, "access": null, "wikimedia_commons": null, "wikidata": null, "barrier": null, "name": null, "landuse": null }, "geometry": { "type": "MultiPolygon", "coordinates": [ [ [ [ -6.8352642, 34.0302978 ], [ -6.8353552, 34.0303844 ], [ -6.8354638, 34.030306 ], [ -6.8354877, 34.0302888 ], [ -6.8354405, 34.0302439 ], [ -6.8354247, 34.0302553 ], [ -6.8353572, 34.030304 ], [ -6.8353134, 34.0302623 ], [ -6.8352642, 34.0302978 ] ] ] ] } },
{ "type": "Feature", "properties": { "full_id": "w1277795504", "osm_id": "1277795504", "osm_type": "way", "leisure": "garden", "opening_date": null, "fee": null, "access": null, "wikimedia_commons": null, "wikidata": null, "barrier": null, "name": null, "landuse": null }, "geometry": { "type": "MultiPolygon", "coordinates": [ [ [ [ -6.8352771, 34.0296936 ], [ -6.835321, 34.0296669 ], [ -6.835433, 34.0298036 ], [ -6.8354058, 34.0298253 ], [ -6.8352771, 34.0296936 ] ] ] ] } },
{ "type": "Feature", "properties": { "full_id": "w1277795505", "osm_id": "1277795505", "osm_type": "way", "leisure": "garden", "opening_date": null, "fee": null, "access": null, "wikimedia_commons": null, "wikidata": null, "barrier": null, "name": null, "landuse": null }, "geometry": { "type": "MultiPolygon", "coordinates": [ [ [ [ -6.8351874, 34.0299535 ], [ -6.8351169, 34.0298829 ], [ -6.8351899, 34.029833 ], [ -6.8352744, 34.0299181 ], [ -6.8352231, 34.0299561 ], [ -6.8351874, 34.0299535 ] ] ] ] } },
{ "type": "Feature", "properties": { "full_id": "w1277795506", "osm_id": "1277795506", "osm_type": "way", "leisure": "garden", "opening_date": null, "fee": null, "access": null, "wikimedia_commons": null, "wikidata": null, "barrier": null, "name": null, "landuse": null }, "geometry": { "type": "MultiPolygon", "coordinates": [ [ [ [ -6.8352977, 34.0300639 ], [ -6.835237, 34.0300031 ], [ -6.8352388, 34.0299714 ], [ -6.8352918, 34.0299357 ], [ -6.8353701, 34.0300124 ], [ -6.8352977, 34.0300639 ] ] ] ] } },
{ "type": "Feature", "properties": { "full_id": "w1277803611", "osm_id": "1277803611", "osm_type": "way", "leisure": "garden", "opening_date": null, "fee": null, "access": null, "wikimedia_commons": null, "wikidata": null, "barrier": null, "name": null, "landuse": null }, "geometry": { "type": "MultiPolygon", "coordinates": [ [ [ [ -6.851607, 34.0016307 ], [ -6.8516365, 34.0016396 ], [ -6.8516653, 34.0018373 ], [ -6.8516493, 34.001842 ], [ -6.8516326, 34.0018441 ], [ -6.8516159, 34.0018435 ], [ -6.8516079, 34.0018203 ], [ -6.8516024, 34.0017965 ], [ -6.8515996, 34.0017725 ], [ -6.8515994, 34.0017483 ], [ -6.851607, 34.0016307 ] ] ] ] } },
{ "type": "Feature", "properties": { "full_id": "w1277803612", "osm_id": "1277803612", "osm_type": "way", "leisure": "garden", "opening_date": null, "fee": null, "access": null, "wikimedia_commons": null, "wikidata": null, "barrier": null, "name": null, "landuse": null }, "geometry": { "type": "MultiPolygon", "coordinates": [ [ [ [ -6.8516536, 34.0020925 ], [ -6.8516513, 34.002056 ], [ -6.8516508, 34.0020196 ], [ -6.851652, 34.0019832 ], [ -6.8516551, 34.0019468 ], [ -6.8516771, 34.001967 ], [ -6.8516704, 34.0020854 ], [ -6.8516536, 34.0020925 ] ] ] ] } },
{ "type": "Feature", "properties": { "full_id": "w1277803615", "osm_id": "1277803615", "osm_type": "way", "leisure": "garden", "opening_date": null, "fee": null, "access": null, "wikimedia_commons": null, "wikidata": null, "barrier": null, "name": null, "landuse": null }, "geometry": { "type": "MultiPolygon", "coordinates": [ [ [ [ -6.8514067, 34.0025779 ], [ -6.8514008, 34.0026442 ], [ -6.8514863, 34.0026069 ], [ -6.8514542, 34.0025574 ], [ -6.8514067, 34.0025779 ] ] ] ] } },
{ "type": "Feature", "properties": { "full_id": "w1277803616", "osm_id": "1277803616", "osm_type": "way", "leisure": "garden", "opening_date": null, "fee": null, "access": null, "wikimedia_commons": null, "wikidata": null, "barrier": null, "name": null, "landuse": null }, "geometry": { "type": "MultiPolygon", "coordinates": [ [ [ [ -6.8516349, 34.0024344 ], [ -6.8516305, 34.0022755 ], [ -6.8514629, 34.0023256 ], [ -6.8514119, 34.0025357 ], [ -6.8516349, 34.0024344 ] ] ] ] } },
{ "type": "Feature", "properties": { "full_id": "w1277803627", "osm_id": "1277803627", "osm_type": "way", "leisure": "garden", "opening_date": null, "fee": null, "access": null, "wikimedia_commons": null, "wikidata": null, "barrier": null, "name": null, "landuse": null }, "geometry": { "type": "MultiPolygon", "coordinates": [ [ [ [ -6.8507518, 34.00189 ], [ -6.8507293, 34.0018481 ], [ -6.8506912, 34.0018635 ], [ -6.8507121, 34.0019065 ], [ -6.8507518, 34.00189 ] ] ] ] } },
{ "type": "Feature", "properties": { "full_id": "w1277803628", "osm_id": "1277803628", "osm_type": "way", "leisure": "garden", "opening_date": null, "fee": null, "access": null, "wikimedia_commons": null, "wikidata": null, "barrier": null, "name": null, "landuse": null }, "geometry": { "type": "MultiPolygon", "coordinates": [ [ [ [ -6.8506951, 34.0017952 ], [ -6.8506821, 34.0017759 ], [ -6.8506658, 34.0017584 ], [ -6.8506465, 34.001743 ], [ -6.8506247, 34.0017302 ], [ -6.8506626, 34.001808 ], [ -6.8506951, 34.0017952 ] ] ] ] } },
{ "type": "Feature", "properties": { "full_id": "w1277803629", "osm_id": "1277803629", "osm_type": "way", "leisure": "garden", "opening_date": null, "fee": null, "access": null, "wikimedia_commons": null, "wikidata": null, "barrier": null, "name": null, "landuse": null }, "geometry": { "type": "MultiPolygon", "coordinates": [ [ [ [ -6.8507307, 34.0019492 ], [ -6.8507365, 34.0019628 ], [ -6.8507425, 34.001988 ], [ -6.8507442, 34.0020136 ], [ -6.8507414, 34.0020392 ], [ -6.8507342, 34.0020642 ], [ -6.8507228, 34.002088 ], [ -6.8507782, 34.0020743 ], [ -6.85079, 34.0020675 ], [ -6.8507986, 34.0020581 ], [ -6.8508035, 34.002047 ], [ -6.8508041, 34.0020352 ], [ -6.850802, 34.0020234 ], [ -6.8507944, 34.0019929 ], [ -6.8507854, 34.0019627 ], [ -6.8507735, 34.0019331 ], [ -6.8507307, 34.0019492 ] ] ] ] } },
{ "type": "Feature", "properties": { "full_id": "w1277803630", "osm_id": "1277803630", "osm_type": "way", "leisure": "garden", "opening_date": null, "fee": null, "access": null, "wikimedia_commons": null, "wikidata": null, "barrier": null, "name": null, "landuse": null }, "geometry": { "type": "MultiPolygon", "coordinates": [ [ [ [ -6.8509158, 34.0018413 ], [ -6.8509343, 34.0018652 ], [ -6.8509449, 34.0018781 ], [ -6.850959, 34.0018886 ], [ -6.8509757, 34.0018959 ], [ -6.8509939, 34.0018997 ], [ -6.8510146, 34.0019005 ], [ -6.851035, 34.0019031 ], [ -6.851055, 34.0019075 ], [ -6.8510743, 34.0019136 ], [ -6.8510973, 34.0019159 ], [ -6.8511205, 34.0019153 ], [ -6.8511433, 34.0019116 ], [ -6.8511652, 34.0019051 ], [ -6.8511855, 34.0018958 ], [ -6.8512039, 34.0018841 ], [ -6.8512382, 34.0018601 ], [ -6.8512697, 34.0018336 ], [ -6.8512982, 34.0018049 ], [ -6.8513234, 34.0017741 ], [ -6.8512672, 34.0018004 ], [ -6.8512091, 34.0018236 ], [ -6.8511493, 34.0018435 ], [ -6.851088, 34.0018602 ], [ -6.851053, 34.0018661 ], [ -6.8510173, 34.0018671 ], [ -6.8509819, 34.0018632 ], [ -6.8509477, 34.0018545 ], [ -6.8509158, 34.0018413 ] ] ] ] } },
{ "type": "Feature", "properties": { "full_id": "w1277812258", "osm_id": "1277812258", "osm_type": "way", "leisure": "garden", "opening_date": null, "fee": null, "access": null, "wikimedia_commons": null, "wikidata": null, "barrier": null, "name": null, "landuse": null }, "geometry": { "type": "MultiPolygon", "coordinates": [ [ [ [ -6.8582609, 33.9806055 ], [ -6.8584534, 33.980412 ], [ -6.8584749, 33.9803971 ], [ -6.858501, 33.9803887 ], [ -6.8585233, 33.9803873 ], [ -6.8585452, 33.9803907 ], [ -6.8585654, 33.9803987 ], [ -6.8587129, 33.9805004 ], [ -6.8587157, 33.9805049 ], [ -6.8587149, 33.9805099 ], [ -6.8587096, 33.9805142 ], [ -6.8587022, 33.9805143 ], [ -6.8584507, 33.9805227 ], [ -6.8584194, 33.9805262 ], [ -6.858389, 33.9805333 ], [ -6.8583598, 33.9805438 ], [ -6.8583327, 33.9805577 ], [ -6.8582609, 33.9806055 ] ] ] ] } },
{ "type": "Feature", "properties": { "full_id": "w1277816836", "osm_id": "1277816836", "osm_type": "way", "leisure": "garden", "opening_date": null, "fee": null, "access": null, "wikimedia_commons": null, "wikidata": null, "barrier": null, "name": null, "landuse": null }, "geometry": { "type": "MultiPolygon", "coordinates": [ [ [ [ -6.8363848, 34.0199285 ], [ -6.8364026, 34.0199217 ], [ -6.8364118, 34.019913 ], [ -6.8364184, 34.0199028 ], [ -6.8364218, 34.0198916 ], [ -6.836422, 34.01988 ], [ -6.836419, 34.0198687 ], [ -6.8364147, 34.0198531 ], [ -6.8364961, 34.0198316 ], [ -6.8364996, 34.01994 ], [ -6.8364601, 34.0200107 ], [ -6.8362248, 34.020089 ], [ -6.8362066, 34.0200539 ], [ -6.8363671, 34.0199972 ], [ -6.8363736, 34.0199944 ], [ -6.8363788, 34.0199901 ], [ -6.8363816, 34.0199845 ], [ -6.8363816, 34.0199784 ], [ -6.8363788, 34.0199728 ], [ -6.8363598, 34.0199371 ], [ -6.8363848, 34.0199285 ] ] ] ] } },
{ "type": "Feature", "properties": { "full_id": "w1277816837", "osm_id": "1277816837", "osm_type": "way", "leisure": "garden", "opening_date": null, "fee": null, "access": null, "wikimedia_commons": null, "wikidata": null, "barrier": null, "name": null, "landuse": null }, "geometry": { "type": "MultiPolygon", "coordinates": [ [ [ [ -6.8363289, 34.0197538 ], [ -6.8363031, 34.019762 ], [ -6.8362448, 34.019782 ], [ -6.8362232, 34.0197388 ], [ -6.8362104, 34.0197303 ], [ -6.8361955, 34.0197249 ], [ -6.8361808, 34.0197213 ], [ -6.8361604, 34.01972 ], [ -6.8364445, 34.0196218 ], [ -6.8364892, 34.019632 ], [ -6.8364936, 34.0197567 ], [ -6.8364024, 34.0197847 ], [ -6.8363976, 34.0197696 ], [ -6.8363885, 34.0197586 ], [ -6.8363754, 34.019751 ], [ -6.8363599, 34.0197476 ], [ -6.8363439, 34.0197489 ], [ -6.8363289, 34.0197538 ] ] ] ] } },
{ "type": "Feature", "properties": { "full_id": "w1277816852", "osm_id": "1277816852", "osm_type": "way", "leisure": "garden", "opening_date": null, "fee": null, "access": null, "wikimedia_commons": null, "wikidata": null, "barrier": null, "name": null, "landuse": null }, "geometry": { "type": "MultiPolygon", "coordinates": [ [ [ [ -6.8361463, 34.0200739 ], [ -6.8361641, 34.020111 ], [ -6.836037, 34.020153 ], [ -6.835985, 34.0201702 ], [ -6.8359672, 34.0201331 ], [ -6.8361463, 34.0200739 ] ] ] ] } },
{ "type": "Feature", "properties": { "full_id": "w1277816854", "osm_id": "1277816854", "osm_type": "way", "leisure": "garden", "opening_date": null, "fee": null, "access": null, "wikimedia_commons": null, "wikidata": null, "barrier": null, "name": null, "landuse": null }, "geometry": { "type": "MultiPolygon", "coordinates": [ [ [ [ -6.8357682, 34.0198556 ], [ -6.8358232, 34.0199753 ], [ -6.8355325, 34.0200731 ], [ -6.835492, 34.0200226 ], [ -6.835519, 34.0199417 ], [ -6.8357682, 34.0198556 ] ] ] ] } },
{ "type": "Feature", "properties": { "full_id": "w1277816855", "osm_id": "1277816855", "osm_type": "way", "leisure": "garden", "opening_date": null, "fee": null, "access": null, "wikimedia_commons": null, "wikidata": null, "barrier": null, "name": null, "landuse": null }, "geometry": { "type": "MultiPolygon", "coordinates": [ [ [ [ -6.8364552, 34.0201466 ], [ -6.8365607, 34.020059 ], [ -6.8368716, 34.0202042 ], [ -6.8367457, 34.0202484 ], [ -6.8366727, 34.0201657 ], [ -6.8365284, 34.0202233 ], [ -6.8364552, 34.0201466 ] ] ] ] } },
{ "type": "Feature", "properties": { "full_id": "w1277816856", "osm_id": "1277816856", "osm_type": "way", "leisure": "garden", "opening_date": null, "fee": null, "access": null, "wikimedia_commons": null, "wikidata": null, "barrier": null, "name": null, "landuse": null }, "geometry": { "type": "MultiPolygon", "coordinates": [ [ [ [ -6.8361907, 34.0204434 ], [ -6.8363796, 34.0203766 ], [ -6.8363441, 34.0202968 ], [ -6.8364806, 34.0202423 ], [ -6.8364215, 34.0201747 ], [ -6.8362096, 34.0203513 ], [ -6.8361907, 34.0204434 ] ] ] ] } },
{ "type": "Feature", "properties": { "full_id": "w1277816857", "osm_id": "1277816857", "osm_type": "way", "leisure": "garden", "opening_date": null, "fee": null, "access": null, "wikimedia_commons": null, "wikidata": null, "barrier": null, "name": null, "landuse": null }, "geometry": { "type": "MultiPolygon", "coordinates": [ [ [ [ -6.8360826, 34.0201631 ], [ -6.8360422, 34.0201756 ], [ -6.8360991, 34.020424 ], [ -6.8361118, 34.0204249 ], [ -6.836169, 34.0203379 ], [ -6.8360826, 34.0201631 ] ] ] ] } },
{ "type": "Feature", "properties": { "full_id": "w1277816858", "osm_id": "1277816858", "osm_type": "way", "leisure": "garden", "opening_date": null, "fee": null, "access": null, "wikimedia_commons": null, "wikidata": null, "barrier": null, "name": null, "landuse": null }, "geometry": { "type": "MultiPolygon", "coordinates": [ [ [ [ -6.8364352, 34.0200622 ], [ -6.836427, 34.0200575 ], [ -6.8364174, 34.0200552 ], [ -6.8364074, 34.0200556 ], [ -6.8363981, 34.0200574 ], [ -6.8361116, 34.0201533 ], [ -6.8361881, 34.0203137 ], [ -6.8364496, 34.020071 ], [ -6.8364352, 34.0200622 ] ] ] ] } },
{ "type": "Feature", "properties": { "full_id": "w1277816859", "osm_id": "1277816859", "osm_type": "way", "leisure": "garden", "opening_date": null, "fee": null, "access": null, "wikimedia_commons": null, "wikidata": null, "barrier": null, "name": null, "landuse": null }, "geometry": { "type": "MultiPolygon", "coordinates": [ [ [ [ -6.836624, 34.0200446 ], [ -6.8369, 34.0201409 ], [ -6.8366799, 34.0196752 ], [ -6.8365624, 34.0196486 ], [ -6.8365833, 34.0199855 ], [ -6.8365845, 34.0199986 ], [ -6.8365878, 34.0200132 ], [ -6.836596, 34.0200265 ], [ -6.8366084, 34.0200372 ], [ -6.836624, 34.0200446 ] ] ] ] } },
{ "type": "Feature", "properties": { "full_id": "w1277818070", "osm_id": "1277818070", "osm_type": "way", "leisure": "garden", "opening_date": null, "fee": null, "access": null, "wikimedia_commons": null, "wikidata": null, "barrier": null, "name": null, "landuse": null }, "geometry": { "type": "MultiPolygon", "coordinates": [ [ [ [ -6.8498345, 33.9873596 ], [ -6.8498267, 33.9873628 ], [ -6.849936, 33.9875229 ], [ -6.8499694, 33.9874973 ], [ -6.8498345, 33.9873596 ] ] ] ] } },
{ "type": "Feature", "properties": { "full_id": "w1277818075", "osm_id": "1277818075", "osm_type": "way", "leisure": "garden", "opening_date": null, "fee": null, "access": null, "wikimedia_commons": null, "wikidata": null, "barrier": null, "name": null, "landuse": null }, "geometry": { "type": "MultiPolygon", "coordinates": [ [ [ [ -6.8498503, 33.987353 ], [ -6.849987, 33.9874829 ], [ -6.8502224, 33.9873028 ], [ -6.8501486, 33.9872294 ], [ -6.8498503, 33.987353 ] ] ] ] } },
{ "type": "Feature", "properties": { "full_id": "w1277835060", "osm_id": "1277835060", "osm_type": "way", "leisure": "garden", "opening_date": null, "fee": null, "access": null, "wikimedia_commons": null, "wikidata": null, "barrier": null, "name": null, "landuse": null }, "geometry": { "type": "MultiPolygon", "coordinates": [ [ [ [ -6.8380535, 34.0130806 ], [ -6.8381337, 34.0130841 ], [ -6.8381597, 34.0130639 ], [ -6.8381882, 34.0130461 ], [ -6.838218, 34.0130299 ], [ -6.8382854, 34.0129927 ], [ -6.8383499, 34.012952 ], [ -6.8384111, 34.012908 ], [ -6.8384689, 34.0128609 ], [ -6.8384528, 34.0128403 ], [ -6.8384481, 34.0128356 ], [ -6.8384413, 34.0128331 ], [ -6.838434, 34.0128332 ], [ -6.8384273, 34.0128359 ], [ -6.8380451, 34.0130654 ], [ -6.8380394, 34.013069 ], [ -6.8380386, 34.0130749 ], [ -6.8380446, 34.01308 ], [ -6.8380535, 34.0130806 ] ] ] ] } },
{ "type": "Feature", "properties": { "full_id": "w1277835073", "osm_id": "1277835073", "osm_type": "way", "leisure": "garden", "opening_date": null, "fee": null, "access": null, "wikimedia_commons": null, "wikidata": null, "barrier": null, "name": null, "landuse": null }, "geometry": { "type": "MultiPolygon", "coordinates": [ [ [ [ -6.838586, 34.0117955 ], [ -6.8383718, 34.0118393 ], [ -6.8382932, 34.0115752 ], [ -6.838536, 34.0115174 ], [ -6.838593, 34.0115346 ], [ -6.8386562, 34.0115222 ], [ -6.8386447, 34.0115504 ], [ -6.8386277, 34.0115925 ], [ -6.838613, 34.0116361 ], [ -6.8386018, 34.0116807 ], [ -6.8385942, 34.0117254 ], [ -6.838586, 34.0117955 ] ] ] ] } },
{ "type": "Feature", "properties": { "full_id": "w1277835074", "osm_id": "1277835074", "osm_type": "way", "leisure": "garden", "opening_date": null, "fee": null, "access": null, "wikimedia_commons": null, "wikidata": null, "barrier": null, "name": null, "landuse": null }, "geometry": { "type": "MultiPolygon", "coordinates": [ [ [ [ -6.8386184, 34.0117981 ], [ -6.838714, 34.0118057 ], [ -6.838791, 34.011453 ], [ -6.8387559, 34.0114274 ], [ -6.8387204, 34.0114485 ], [ -6.8386756, 34.0115589 ], [ -6.8386588, 34.0116004 ], [ -6.8386446, 34.0116425 ], [ -6.8386339, 34.0116853 ], [ -6.8386265, 34.0117286 ], [ -6.8386184, 34.0117981 ] ] ] ] } },
{ "type": "Feature", "properties": { "full_id": "w1277835077", "osm_id": "1277835077", "osm_type": "way", "leisure": "garden", "opening_date": null, "fee": null, "access": null, "wikimedia_commons": null, "wikidata": null, "barrier": null, "name": null, "landuse": null }, "geometry": { "type": "MultiPolygon", "coordinates": [ [ [ [ -6.8383235, 34.0121209 ], [ -6.8383293, 34.0121349 ], [ -6.8383403, 34.0121466 ], [ -6.8383553, 34.0121547 ], [ -6.8383726, 34.0121583 ], [ -6.8383904, 34.012157 ], [ -6.8384067, 34.012151 ], [ -6.8384198, 34.0121409 ], [ -6.8384282, 34.0121279 ], [ -6.8384311, 34.0121133 ], [ -6.8384281, 34.0120987 ], [ -6.8383663, 34.0118989 ], [ -6.8382617, 34.0119211 ], [ -6.8383235, 34.0121209 ] ] ] ] } },
{ "type": "Feature", "properties": { "full_id": "w1277835078", "osm_id": "1277835078", "osm_type": "way", "leisure": "garden", "opening_date": null, "fee": null, "access": null, "wikimedia_commons": null, "wikidata": null, "barrier": null, "name": null, "landuse": null }, "geometry": { "type": "MultiPolygon", "coordinates": [ [ [ [ -6.8383612, 34.0118778 ], [ -6.8383489, 34.0118362 ], [ -6.8382427, 34.0118594 ], [ -6.8382549, 34.011901 ], [ -6.8383612, 34.0118778 ] ] ] ] } },
{ "type": "Feature", "properties": { "full_id": "w1277835079", "osm_id": "1277835079", "osm_type": "way", "leisure": "garden", "opening_date": null, "fee": null, "access": null, "wikimedia_commons": null, "wikidata": null, "barrier": null, "name": null, "landuse": null }, "geometry": { "type": "MultiPolygon", "coordinates": [ [ [ [ -6.8384606, 34.0122639 ], [ -6.8384502, 34.0122796 ], [ -6.8384334, 34.012291 ], [ -6.8384128, 34.0122964 ], [ -6.8383912, 34.0122951 ], [ -6.8383202, 34.0122851 ], [ -6.8383682, 34.0121837 ], [ -6.8383898, 34.0121738 ], [ -6.8384602, 34.0121644 ], [ -6.8385023, 34.0121824 ], [ -6.8384606, 34.0122639 ] ] ] ] } },
{ "type": "Feature", "properties": { "full_id": "w1277835080", "osm_id": "1277835080", "osm_type": "way", "leisure": "garden", "opening_date": null, "fee": null, "access": null, "wikimedia_commons": null, "wikidata": null, "barrier": null, "name": null, "landuse": null }, "geometry": { "type": "MultiPolygon", "coordinates": [ [ [ [ -6.8381303, 34.0118915 ], [ -6.8380532, 34.0116296 ], [ -6.8381436, 34.0116094 ], [ -6.8382218, 34.011873 ], [ -6.8381303, 34.0118915 ] ] ] ] } },
{ "type": "Feature", "properties": { "full_id": "w1277835081", "osm_id": "1277835081", "osm_type": "way", "leisure": "garden", "opening_date": null, "fee": null, "access": null, "wikimedia_commons": null, "wikidata": null, "barrier": null, "name": null, "landuse": null }, "geometry": { "type": "MultiPolygon", "coordinates": [ [ [ [ -6.838228, 34.011894 ], [ -6.8383242, 34.0122182 ], [ -6.8382934, 34.0122827 ], [ -6.8382273, 34.0122572 ], [ -6.8382135, 34.0122501 ], [ -6.8382018, 34.0122408 ], [ -6.8381926, 34.0122296 ], [ -6.8381865, 34.0122171 ], [ -6.8381836, 34.0122039 ], [ -6.838197, 34.0121853 ], [ -6.8382038, 34.0121645 ], [ -6.8382035, 34.0121429 ], [ -6.8381981, 34.0121217 ], [ -6.8381365, 34.0119125 ], [ -6.838228, 34.011894 ] ] ] ] } },
{ "type": "Feature", "properties": { "full_id": "w1277835082", "osm_id": "1277835082", "osm_type": "way", "leisure": "garden", "opening_date": null, "fee": null, "access": null, "wikimedia_commons": null, "wikidata": null, "barrier": null, "name": null, "landuse": null }, "geometry": { "type": "MultiPolygon", "coordinates": [ [ [ [ -6.8384635, 34.0121404 ], [ -6.8383797, 34.0118584 ], [ -6.8385839, 34.0118156 ], [ -6.8385595, 34.0120121 ], [ -6.8385535, 34.0120503 ], [ -6.8385442, 34.0120881 ], [ -6.8385317, 34.0121253 ], [ -6.8385186, 34.0121554 ], [ -6.8384635, 34.0121404 ] ] ] ] } },
{ "type": "Feature", "properties": { "full_id": "w1277835083", "osm_id": "1277835083", "osm_type": "way", "leisure": "garden", "opening_date": null, "fee": null, "access": null, "wikimedia_commons": null, "wikidata": null, "barrier": null, "name": null, "landuse": null }, "geometry": { "type": "MultiPolygon", "coordinates": [ [ [ [ -6.8385835, 34.0121737 ], [ -6.8385451, 34.0121627 ], [ -6.838559, 34.012135 ], [ -6.8385728, 34.0120991 ], [ -6.8385828, 34.0120623 ], [ -6.838589, 34.0120249 ], [ -6.8386193, 34.0118182 ], [ -6.8387108, 34.011825 ], [ -6.8386945, 34.0119078 ], [ -6.838679, 34.0119699 ], [ -6.8386599, 34.0120312 ], [ -6.8386372, 34.0120916 ], [ -6.8386206, 34.0121235 ], [ -6.8386004, 34.0121539 ], [ -6.8385835, 34.0121737 ] ] ] ] } },
{ "type": "Feature", "properties": { "full_id": "w1277835084", "osm_id": "1277835084", "osm_type": "way", "leisure": "garden", "opening_date": null, "fee": null, "access": null, "wikimedia_commons": null, "wikidata": null, "barrier": null, "name": null, "landuse": null }, "geometry": { "type": "MultiPolygon", "coordinates": [ [ [ [ -6.838768, 34.011404 ], [ -6.838776, 34.0113857 ], [ -6.8388253, 34.0110016 ], [ -6.8388282, 34.0109925 ], [ -6.838835, 34.0109836 ], [ -6.838846, 34.0109786 ], [ -6.8388586, 34.0109784 ], [ -6.8388698, 34.0109833 ], [ -6.8388767, 34.0109921 ], [ -6.8388818, 34.011004 ], [ -6.8388841, 34.0110166 ], [ -6.8388835, 34.0110292 ], [ -6.8388807, 34.0110417 ], [ -6.8387976, 34.0114225 ], [ -6.838768, 34.011404 ] ] ] ] } },
{ "type": "Feature", "properties": { "full_id": "w1277835085", "osm_id": "1277835085", "osm_type": "way", "leisure": "garden", "opening_date": null, "fee": null, "access": null, "wikimedia_commons": null, "wikidata": null, "barrier": null, "name": null, "landuse": null }, "geometry": { "type": "MultiPolygon", "coordinates": [ [ [ [ -6.8382805, 34.0123945 ], [ -6.8383167, 34.0124251 ], [ -6.8383321, 34.0124394 ], [ -6.8383392, 34.0124577 ], [ -6.8383369, 34.0124768 ], [ -6.8383254, 34.0124934 ], [ -6.8382727, 34.0125632 ], [ -6.8382556, 34.012581 ], [ -6.8382334, 34.0125945 ], [ -6.8382077, 34.0126026 ], [ -6.8381804, 34.0126049 ], [ -6.8381533, 34.0126012 ], [ -6.8381283, 34.0125918 ], [ -6.8381614, 34.0125688 ], [ -6.8381899, 34.0125419 ], [ -6.8382133, 34.0125117 ], [ -6.838231, 34.012479 ], [ -6.8382449, 34.0124498 ], [ -6.8382614, 34.0124216 ], [ -6.8382805, 34.0123945 ] ] ] ] } },
{ "type": "Feature", "properties": { "full_id": "w1277835086", "osm_id": "1277835086", "osm_type": "way", "leisure": "garden", "opening_date": null, "fee": null, "access": null, "wikimedia_commons": null, "wikidata": null, "barrier": null, "name": null, "landuse": null }, "geometry": { "type": "MultiPolygon", "coordinates": [ [ [ [ -6.8381846, 34.0124857 ], [ -6.8381728, 34.0125083 ], [ -6.8381564, 34.0125287 ], [ -6.8381357, 34.0125464 ], [ -6.8381115, 34.0125607 ], [ -6.8380655, 34.0123789 ], [ -6.8380622, 34.0123658 ], [ -6.8380617, 34.0123522 ], [ -6.8380673, 34.0123394 ], [ -6.8380781, 34.0123291 ], [ -6.8380927, 34.0123229 ], [ -6.8381091, 34.0123214 ], [ -6.8381249, 34.012325 ], [ -6.8382456, 34.012394 ], [ -6.8382205, 34.0124222 ], [ -6.8382, 34.012453 ], [ -6.8381846, 34.0124857 ] ] ] ] } },
{ "type": "Feature", "properties": { "full_id": "w1277835102", "osm_id": "1277835102", "osm_type": "way", "leisure": "garden", "opening_date": null, "fee": null, "access": null, "wikimedia_commons": null, "wikidata": null, "barrier": null, "name": null, "landuse": null }, "geometry": { "type": "MultiPolygon", "coordinates": [ [ [ [ -6.8390855, 34.0095647 ], [ -6.8391431, 34.0094752 ], [ -6.8389725, 34.0094046 ], [ -6.8390855, 34.0095647 ] ] ] ] } },
{ "type": "Feature", "properties": { "full_id": "w1277835103", "osm_id": "1277835103", "osm_type": "way", "leisure": "garden", "opening_date": null, "fee": null, "access": null, "wikimedia_commons": null, "wikidata": null, "barrier": null, "name": null, "landuse": null }, "geometry": { "type": "MultiPolygon", "coordinates": [ [ [ [ -6.8390919, 34.0096264 ], [ -6.8391227, 34.0096658 ], [ -6.8391475, 34.0097081 ], [ -6.8391658, 34.0097526 ], [ -6.8391772, 34.0097986 ], [ -6.8391817, 34.0098454 ], [ -6.8392421, 34.009856 ], [ -6.8394398, 34.0094446 ], [ -6.8394456, 34.009433 ], [ -6.83945, 34.0094211 ], [ -6.8394534, 34.0094106 ], [ -6.8394553, 34.0094009 ], [ -6.8394505, 34.009394 ], [ -6.8394414, 34.0093916 ], [ -6.8394332, 34.0093966 ], [ -6.8393949, 34.0094165 ], [ -6.8393539, 34.0094321 ], [ -6.8393107, 34.009443 ], [ -6.8392661, 34.0094493 ], [ -6.839221, 34.0094506 ], [ -6.8390919, 34.0096264 ] ] ] ] } },
{ "type": "Feature", "properties": { "full_id": "w1278085310", "osm_id": "1278085310", "osm_type": "way", "leisure": "garden", "opening_date": null, "fee": null, "access": null, "wikimedia_commons": null, "wikidata": null, "barrier": null, "name": null, "landuse": null }, "geometry": { "type": "MultiPolygon", "coordinates": [ [ [ [ -6.8312532, 34.0020541 ], [ -6.8311829, 34.001989 ], [ -6.8311692, 34.0019835 ], [ -6.8311541, 34.0019815 ], [ -6.8311349, 34.0019843 ], [ -6.8311183, 34.0019929 ], [ -6.8310665, 34.0020234 ], [ -6.8310089, 34.0020564 ], [ -6.8307565, 34.0022585 ], [ -6.830709, 34.0022887 ], [ -6.8306574, 34.0023139 ], [ -6.8305941, 34.0023359 ], [ -6.8305277, 34.0023502 ], [ -6.8302736, 34.0024051 ], [ -6.8302063, 34.0024207 ], [ -6.8301405, 34.00244 ], [ -6.8300538, 34.0024721 ], [ -6.8299711, 34.0025107 ], [ -6.8299104, 34.0025461 ], [ -6.8298558, 34.0025876 ], [ -6.8298059, 34.0026372 ], [ -6.8297645, 34.002692 ], [ -6.8297325, 34.002751 ], [ -6.8296916, 34.0028475 ], [ -6.8296732, 34.0029015 ], [ -6.8296576, 34.0029664 ], [ -6.8296513, 34.0030113 ], [ -6.8296472, 34.0030601 ], [ -6.8296336, 34.003109 ], [ -6.8296098, 34.0031551 ], [ -6.8295848, 34.0031881 ], [ -6.8295547, 34.0032179 ], [ -6.8295199, 34.003244 ], [ -6.8293401, 34.003362 ], [ -6.8291534, 34.0034522 ], [ -6.8295521, 34.0034737 ], [ -6.8311633, 34.0021839 ], [ -6.8311322, 34.0021572 ], [ -6.8312532, 34.0020541 ] ] ] ] } },
{ "type": "Feature", "properties": { "full_id": "w1278085312", "osm_id": "1278085312", "osm_type": "way", "leisure": "garden", "opening_date": null, "fee": null, "access": null, "wikimedia_commons": null, "wikidata": null, "barrier": null, "name": null, "landuse": null }, "geometry": { "type": "MultiPolygon", "coordinates": [ [ [ [ -6.8348731, 33.997969 ], [ -6.8350324, 33.9978468 ], [ -6.8350515, 33.9978301 ], [ -6.8350592, 33.9978162 ], [ -6.8350624, 33.9978012 ], [ -6.8351137, 33.9975755 ], [ -6.8351502, 33.9975791 ], [ -6.8352086, 33.9973443 ], [ -6.8351126, 33.9973285 ], [ -6.8349959, 33.9977894 ], [ -6.8349888, 33.9978079 ], [ -6.834974, 33.9978215 ], [ -6.8348505, 33.9979293 ], [ -6.8348364, 33.9979417 ], [ -6.8348731, 33.997969 ] ] ] ] } },
{ "type": "Feature", "properties": { "full_id": "w1278085313", "osm_id": "1278085313", "osm_type": "way", "leisure": "garden", "opening_date": null, "fee": null, "access": null, "wikimedia_commons": null, "wikidata": null, "barrier": null, "name": null, "landuse": null }, "geometry": { "type": "MultiPolygon", "coordinates": [ [ [ [ -6.8351126, 33.9973285 ], [ -6.8350979, 33.9973216 ], [ -6.835082, 33.9973168 ], [ -6.8350596, 33.9973136 ], [ -6.8350368, 33.9973145 ], [ -6.835007, 33.9973199 ], [ -6.8349795, 33.9973308 ], [ -6.83495, 33.9973513 ], [ -6.8349287, 33.9973778 ], [ -6.8349113, 33.9974071 ], [ -6.8349026, 33.9974389 ], [ -6.8349029, 33.9974703 ], [ -6.8349118, 33.9975008 ], [ -6.8349348, 33.9975406 ], [ -6.8349457, 33.997566 ], [ -6.8349508, 33.9975776 ], [ -6.8349511, 33.9975899 ], [ -6.834946, 33.9976026 ], [ -6.8349358, 33.997613 ], [ -6.8349037, 33.9976465 ], [ -6.8348934, 33.9976608 ], [ -6.834886, 33.9976797 ], [ -6.834884, 33.997694 ], [ -6.8348846, 33.9977107 ], [ -6.8348898, 33.9977275 ], [ -6.8348998, 33.9977427 ], [ -6.834914, 33.9977555 ], [ -6.8349528, 33.9977844 ], [ -6.8348104, 33.997912 ], [ -6.8348505, 33.9979293 ], [ -6.834974, 33.9978215 ], [ -6.8349888, 33.9978079 ], [ -6.8349959, 33.9977894 ], [ -6.8351126, 33.9973285 ] ] ] ] } },
{ "type": "Feature", "properties": { "full_id": "w1278085319", "osm_id": "1278085319", "osm_type": "way", "leisure": "garden", "opening_date": null, "fee": null, "access": null, "wikimedia_commons": null, "wikidata": null, "barrier": null, "name": null, "landuse": null }, "geometry": { "type": "MultiPolygon", "coordinates": [ [ [ [ -6.8369448, 33.9942199 ], [ -6.8369623, 33.9942304 ], [ -6.8369761, 33.9942436 ], [ -6.836984, 33.9942598 ], [ -6.8369855, 33.9942736 ], [ -6.8369827, 33.9942872 ], [ -6.8369712, 33.9943006 ], [ -6.8369461, 33.9943217 ], [ -6.836935, 33.9943296 ], [ -6.8369284, 33.9943405 ], [ -6.8369273, 33.9943526 ], [ -6.8369344, 33.9943677 ], [ -6.8369497, 33.9943778 ], [ -6.8369787, 33.9943841 ], [ -6.8369904, 33.9943813 ], [ -6.8370002, 33.9943753 ], [ -6.8370079, 33.9943644 ], [ -6.8370091, 33.9943518 ], [ -6.8370091, 33.9943146 ], [ -6.8370061, 33.9942921 ], [ -6.8370012, 33.994276 ], [ -6.8369919, 33.9942535 ], [ -6.8369794, 33.9942322 ], [ -6.8369675, 33.9942169 ], [ -6.8369481, 33.9942016 ], [ -6.8369448, 33.9942199 ] ] ] ] } },
{ "type": "Feature", "properties": { "full_id": "w1278085335", "osm_id": "1278085335", "osm_type": "way", "leisure": "garden", "opening_date": null, "fee": null, "access": null, "wikimedia_commons": null, "wikidata": null, "barrier": null, "name": null, "landuse": null }, "geometry": { "type": "MultiPolygon", "coordinates": [ [ [ [ -6.834347, 33.9969172 ], [ -6.8343821, 33.996813 ], [ -6.834413, 33.9966891 ], [ -6.8344272, 33.9966115 ], [ -6.8344377, 33.9965335 ], [ -6.8344573, 33.9963575 ], [ -6.8344666, 33.9962491 ], [ -6.8344717, 33.996149 ], [ -6.8344697, 33.9960303 ], [ -6.8344635, 33.9959175 ], [ -6.8344326, 33.9953663 ], [ -6.8344035, 33.9948983 ], [ -6.8344606, 33.9949333 ], [ -6.834521, 33.9949747 ], [ -6.8345758, 33.9950211 ], [ -6.8346269, 33.9950746 ], [ -6.8346707, 33.9951324 ], [ -6.8347067, 33.9951937 ], [ -6.8347417, 33.9952537 ], [ -6.8347706, 33.9953159 ], [ -6.8347962, 33.9953894 ], [ -6.8348134, 33.9954645 ], [ -6.8348221, 33.9955406 ], [ -6.8348181, 33.9956049 ], [ -6.8348088, 33.9956688 ], [ -6.8347943, 33.995732 ], [ -6.8347633, 33.9958242 ], [ -6.8347211, 33.9959132 ], [ -6.8346129, 33.9961037 ], [ -6.8345856, 33.9961629 ], [ -6.8345624, 33.9962234 ], [ -6.8345424, 33.9962891 ], [ -6.8345274, 33.9963558 ], [ -6.8345187, 33.9964309 ], [ -6.834515, 33.9965062 ], [ -6.8345191, 33.9966216 ], [ -6.8345305, 33.9967164 ], [ -6.8345366, 33.9967534 ], [ -6.8345367, 33.9967907 ], [ -6.8345305, 33.9968284 ], [ -6.8345217, 33.9968574 ], [ -6.8345037, 33.9968762 ], [ -6.8344331, 33.9969129 ], [ -6.8344114, 33.9969198 ], [ -6.8343831, 33.9969202 ], [ -6.834347, 33.9969172 ] ] ] ] } },
{ "type": "Feature", "properties": { "full_id": "w1278085336", "osm_id": "1278085336", "osm_type": "way", "leisure": "garden", "opening_date": null, "fee": null, "access": null, "wikimedia_commons": null, "wikidata": null, "barrier": null, "name": null, "landuse": null }, "geometry": { "type": "MultiPolygon", "coordinates": [ [ [ [ -6.831956, 34.0000081 ], [ -6.8319681, 34.000006 ], [ -6.831979, 34.0000011 ], [ -6.8320379, 33.9999563 ], [ -6.8320647, 33.999983 ], [ -6.8320694, 33.9999967 ], [ -6.8320707, 34.000011 ], [ -6.8320677, 34.0000271 ], [ -6.8320603, 34.0000422 ], [ -6.832044, 34.0000615 ], [ -6.8320232, 34.0000775 ], [ -6.8319965, 34.0000904 ], [ -6.8319752, 34.0000965 ], [ -6.8319539, 34.0000972 ], [ -6.8319479, 34.0001236 ], [ -6.8319552, 34.0001331 ], [ -6.8319577, 34.0001442 ], [ -6.8319546, 34.0001567 ], [ -6.8319455, 34.000167 ], [ -6.8319275, 34.0001804 ], [ -6.8319178, 34.0001833 ], [ -6.8319075, 34.0001838 ], [ -6.831897, 34.0001816 ], [ -6.8318876, 34.000177 ], [ -6.8318672, 34.0001612 ], [ -6.8318601, 34.0001584 ], [ -6.831852, 34.000158 ], [ -6.8318459, 34.0001609 ], [ -6.8318047, 34.0001894 ], [ -6.8319485, 34.0003077 ], [ -6.8323358, 33.9999974 ], [ -6.8320445, 33.9997487 ], [ -6.8320293, 33.9997613 ], [ -6.8318887, 33.9998727 ], [ -6.831794, 33.9999488 ], [ -6.8316514, 34.0000627 ], [ -6.8317676, 34.0001548 ], [ -6.8319086, 34.0000423 ], [ -6.8319086, 34.0000342 ], [ -6.8319124, 34.000024 ], [ -6.8319201, 34.0000155 ], [ -6.8319308, 34.0000096 ], [ -6.8319432, 34.000007 ], [ -6.831956, 34.0000081 ] ] ] ] } },
{ "type": "Feature", "properties": { "full_id": "w1278085337", "osm_id": "1278085337", "osm_type": "way", "leisure": "garden", "opening_date": null, "fee": null, "access": null, "wikimedia_commons": null, "wikidata": null, "barrier": null, "name": null, "landuse": null }, "geometry": { "type": "MultiPolygon", "coordinates": [ [ [ [ -6.8314222, 33.999844 ], [ -6.8315097, 33.9999293 ], [ -6.8303602, 34.0008578 ], [ -6.8306622, 34.0011166 ], [ -6.8305451, 34.0011977 ], [ -6.8300996, 34.000803 ], [ -6.8277027, 34.001107 ], [ -6.8277449, 34.001324 ], [ -6.8276137, 34.0013378 ], [ -6.8276251, 34.0011169 ], [ -6.8276306, 34.0010691 ], [ -6.8276387, 34.0010223 ], [ -6.8276542, 34.0009743 ], [ -6.8276768, 34.0009282 ], [ -6.8277411, 34.0008065 ], [ -6.8277595, 34.0007726 ], [ -6.8277828, 34.0007407 ], [ -6.8278104, 34.0007114 ], [ -6.8278372, 34.0006883 ], [ -6.8278684, 34.0006694 ], [ -6.827903, 34.0006552 ], [ -6.8279401, 34.0006461 ], [ -6.8279785, 34.0006423 ], [ -6.8280139, 34.0006414 ], [ -6.8285759, 34.0006447 ], [ -6.8290671, 34.0006433 ], [ -6.8293004, 34.0006447 ], [ -6.8294255, 34.0006445 ], [ -6.8295504, 34.0006401 ], [ -6.8296984, 34.0006292 ], [ -6.8298456, 34.0006124 ], [ -6.8299765, 34.0005939 ], [ -6.8301057, 34.0005689 ], [ -6.8302329, 34.0005374 ], [ -6.83035, 34.0005022 ], [ -6.8304646, 34.0004615 ], [ -6.8305762, 34.0004155 ], [ -6.8306845, 34.0003644 ], [ -6.8307724, 34.0003163 ], [ -6.8308582, 34.0002657 ], [ -6.8309637, 34.0001982 ], [ -6.8310654, 34.0001269 ], [ -6.8314222, 33.999844 ] ] ] ] } },
{ "type": "Feature", "properties": { "full_id": "w1278085338", "osm_id": "1278085338", "osm_type": "way", "leisure": "garden", "opening_date": null, "fee": null, "access": null, "wikimedia_commons": null, "wikidata": null, "barrier": null, "name": null, "landuse": null }, "geometry": { "type": "MultiPolygon", "coordinates": [ [ [ [ -6.8288592, 34.0031632 ], [ -6.8289692, 34.0031646 ], [ -6.8289651, 34.0033924 ], [ -6.8288327, 34.0033907 ], [ -6.8288323, 34.003412 ], [ -6.8287972, 34.0034115 ], [ -6.8287976, 34.0033896 ], [ -6.8287027, 34.0033884 ], [ -6.8287068, 34.003162 ], [ -6.8288276, 34.0031635 ], [ -6.8288363, 34.0026838 ], [ -6.8288062, 34.0026536 ], [ -6.8287197, 34.0027243 ], [ -6.8285293, 34.0025589 ], [ -6.828612, 34.0024903 ], [ -6.8283575, 34.0022623 ], [ -6.8282867, 34.0023159 ], [ -6.8281353, 34.0021872 ], [ -6.8282929, 34.0020617 ], [ -6.8283467, 34.0021077 ], [ -6.8285451, 34.0019583 ], [ -6.8285939, 34.0020034 ], [ -6.8287742, 34.0018634 ], [ -6.8286908, 34.0018028 ], [ -6.8286591, 34.0018309 ], [ -6.8286463, 34.0018355 ], [ -6.8286324, 34.0018371 ], [ -6.828618, 34.0018354 ], [ -6.828604, 34.0018305 ], [ -6.8285406, 34.0018103 ], [ -6.8285085, 34.0018004 ], [ -6.8284786, 34.0017865 ], [ -6.8284516, 34.0017689 ], [ -6.8284295, 34.0017482 ], [ -6.8284108, 34.0017245 ], [ -6.8283921, 34.0016933 ], [ -6.8283745, 34.0016583 ], [ -6.8283639, 34.0016215 ], [ -6.8283604, 34.0015838 ], [ -6.8283636, 34.0015485 ], [ -6.8283732, 34.0015139 ], [ -6.8283889, 34.001481 ], [ -6.8284102, 34.0014503 ], [ -6.8284471, 34.0014143 ], [ -6.8284915, 34.0013846 ], [ -6.8285417, 34.0013624 ], [ -6.8285852, 34.0013505 ], [ -6.8286303, 34.0013442 ], [ -6.8286761, 34.0013436 ], [ -6.8287214, 34.0013488 ], [ -6.8287582, 34.0013569 ], [ -6.8287931, 34.0013695 ], [ -6.8288252, 34.0013864 ], [ -6.8288531, 34.0014065 ], [ -6.8288771, 34.0014299 ], [ -6.8288966, 34.0014559 ], [ -6.8289596, 34.0014494 ], [ -6.8289028, 34.0011472 ], [ -6.8288733, 34.0011505 ], [ -6.8288803, 34.0011909 ], [ -6.8288772, 34.0012053 ], [ -6.8288686, 34.001218 ], [ -6.8288555, 34.0012277 ], [ -6.8288393, 34.0012334 ], [ -6.8288218, 34.0012344 ], [ -6.8288048, 34.0012307 ], [ -6.8287902, 34.0012225 ], [ -6.8287795, 34.0012109 ], [ -6.828774, 34.0011971 ], [ -6.8287742, 34.0011825 ], [ -6.8287801, 34.0011688 ], [ -6.8287911, 34.0011574 ], [ -6.8288059, 34.0011496 ], [ -6.828823, 34.0011461 ], [ -6.8288405, 34.0011475 ], [ -6.828841, 34.0011242 ], [ -6.8280015, 34.0012318 ], [ -6.8280106, 34.0012965 ], [ -6.8280164, 34.001296 ], [ -6.8280303, 34.0013651 ], [ -6.8280353, 34.0013896 ], [ -6.8280385, 34.0014287 ], [ -6.828037, 34.0014594 ], [ -6.8280335, 34.0014899 ], [ -6.8280245, 34.0015613 ], [ -6.8279159, 34.0024179 ], [ -6.8280951, 34.00251 ], [ -6.8280017, 34.0027443 ], [ -6.8282288, 34.0028056 ], [ -6.8282073, 34.0028455 ], [ -6.8283042, 34.0028891 ], [ -6.8283562, 34.0029175 ], [ -6.8284819, 34.002994 ], [ -6.8285608, 34.0030526 ], [ -6.8285599, 34.0032896 ], [ -6.8282259, 34.0035012 ], [ -6.8281659, 34.0035584 ], [ -6.8281638, 34.0035857 ], [ -6.8281548, 34.0036036 ], [ -6.828139, 34.003618 ], [ -6.828117, 34.0036276 ], [ -6.8281037, 34.00363 ], [ -6.8280826, 34.003631 ], [ -6.8280684, 34.0036322 ], [ -6.8280482, 34.0036394 ], [ -6.8277957, 34.0037953 ], [ -6.827891, 34.0038925 ], [ -6.8279152, 34.003909 ], [ -6.8279426, 34.0039216 ], [ -6.8279828, 34.003932 ], [ -6.8280248, 34.0039343 ], [ -6.828073, 34.0039358 ], [ -6.8281211, 34.0039324 ], [ -6.8281755, 34.0039228 ], [ -6.8282278, 34.003907 ], [ -6.8282703, 34.0038989 ], [ -6.8282967, 34.003898 ], [ -6.8283382, 34.0039 ], [ -6.8283932, 34.0038343 ], [ -6.828451, 34.0037703 ], [ -6.8285274, 34.0036929 ], [ -6.8286081, 34.0036185 ], [ -6.8286775, 34.0035736 ], [ -6.8287532, 34.0035363 ], [ -6.8288269, 34.0035092 ], [ -6.828904, 34.0034893 ], [ -6.8289796, 34.0034728 ], [ -6.8290525, 34.0034494 ], [ -6.8291104, 34.0034248 ], [ -6.8291653, 34.0033958 ], [ -6.8292413, 34.0033588 ], [ -6.8293152, 34.003319 ], [ -6.8293864, 34.0032768 ], [ -6.8294552, 34.003232 ], [ -6.829534, 34.0031695 ], [ -6.8295626, 34.0031394 ], [ -6.8295842, 34.0031054 ], [ -6.8295955, 34.0030773 ], [ -6.829602, 34.0030481 ], [ -6.8296034, 34.0030184 ], [ -6.8296063, 34.0029771 ], [ -6.8296103, 34.0029409 ], [ -6.8296165, 34.0029146 ], [ -6.8296267, 34.0028855 ], [ -6.8296756, 34.0027771 ], [ -6.8297015, 34.0027285 ], [ -6.8297334, 34.0026898 ], [ -6.8297628, 34.0026505 ], [ -6.829811, 34.0025962 ], [ -6.8297905, 34.0025753 ], [ -6.8298222, 34.0025469 ], [ -6.8298563, 34.0025203 ], [ -6.8299093, 34.0024856 ], [ -6.8299662, 34.0024555 ], [ -6.8300634, 34.0024151 ], [ -6.8301641, 34.0023812 ], [ -6.8302728, 34.0023528 ], [ -6.830384, 34.0023319 ], [ -6.830566, 34.0022915 ], [ -6.8306017, 34.0022813 ], [ -6.8306362, 34.0022684 ], [ -6.8306704, 34.0022524 ], [ -6.8307026, 34.0022337 ], [ -6.8310002, 34.0020011 ], [ -6.8310495, 34.00197 ], [ -6.8310827, 34.001954 ], [ -6.8311192, 34.0019379 ], [ -6.8307751, 34.0016369 ], [ -6.830613, 34.0016359 ], [ -6.8305742, 34.0016662 ], [ -6.8305961, 34.0016849 ], [ -6.8304794, 34.0017789 ], [ -6.8304606, 34.0017629 ], [ -6.8303271, 34.0018705 ], [ -6.8303453, 34.001886 ], [ -6.8302279, 34.0019806 ], [ -6.8302083, 34.001964 ], [ -6.8300778, 34.0020692 ], [ -6.8300956, 34.0020843 ], [ -6.8299813, 34.0021764 ], [ -6.8299632, 34.0021609 ], [ -6.8298324, 34.0022663 ], [ -6.8298506, 34.0022818 ], [ -6.8297295, 34.0023795 ], [ -6.8297105, 34.0023633 ], [ -6.8295791, 34.0024692 ], [ -6.8295991, 34.0024862 ], [ -6.8294825, 34.0025803 ], [ -6.8294628, 34.0025635 ], [ -6.829308, 34.0026883 ], [ -6.8293256, 34.0027032 ], [ -6.8291041, 34.0028826 ], [ -6.8290924, 34.0028919 ], [ -6.8290785, 34.0028986 ], [ -6.8290602, 34.0029029 ], [ -6.8290411, 34.0029028 ], [ -6.8288677, 34.0028967 ], [ -6.8288592, 34.0031632 ] ] ] ] } },
{ "type": "Feature", "properties": { "full_id": "w1278085340", "osm_id": "1278085340", "osm_type": "way", "leisure": "garden", "opening_date": null, "fee": null, "access": null, "wikimedia_commons": null, "wikidata": null, "barrier": null, "name": null, "landuse": null }, "geometry": { "type": "MultiPolygon", "coordinates": [ [ [ [ -6.8269971, 34.0047443 ], [ -6.8270165, 34.0046683 ], [ -6.8270689, 34.0044335 ], [ -6.8273672, 34.0044536 ], [ -6.8273863, 34.0044557 ], [ -6.8274033, 34.0044632 ], [ -6.8274154, 34.004474 ], [ -6.8274173, 34.0044821 ], [ -6.8274232, 34.0044909 ], [ -6.8274419, 34.0045186 ], [ -6.8275935, 34.0044045 ], [ -6.8276427, 34.0044526 ], [ -6.8276835, 34.0044226 ], [ -6.8277606, 34.004493 ], [ -6.8278355, 34.0044381 ], [ -6.8278649, 34.0044592 ], [ -6.8279352, 34.0044028 ], [ -6.8280146, 34.0044578 ], [ -6.8280769, 34.0043934 ], [ -6.827976, 34.0043249 ], [ -6.8279299, 34.0043275 ], [ -6.8278605, 34.0042714 ], [ -6.8277982, 34.0042098 ], [ -6.82777, 34.0041787 ], [ -6.8277461, 34.0041469 ], [ -6.8277014, 34.0040802 ], [ -6.827649, 34.0039624 ], [ -6.8276408, 34.0039379 ], [ -6.8276426, 34.0039124 ], [ -6.8276532, 34.0038905 ], [ -6.8276712, 34.0038723 ], [ -6.8277138, 34.0038459 ], [ -6.8277326, 34.0038684 ], [ -6.8277521, 34.0038887 ], [ -6.8277774, 34.0039058 ], [ -6.8278065, 34.0039179 ], [ -6.8278579, 34.0039366 ], [ -6.8279114, 34.0039508 ], [ -6.8279615, 34.0039596 ], [ -6.8280123, 34.0039644 ], [ -6.8280531, 34.003966 ], [ -6.8280939, 34.0039644 ], [ -6.8281314, 34.0039599 ], [ -6.8281682, 34.0039526 ], [ -6.8282588, 34.0039291 ], [ -6.8282838, 34.0039271 ], [ -6.8283042, 34.0039287 ], [ -6.8283212, 34.0039376 ], [ -6.828175, 34.0042886 ], [ -6.8281064, 34.0044047 ], [ -6.8280615, 34.0044625 ], [ -6.8280089, 34.0045156 ], [ -6.8279618, 34.0045542 ], [ -6.8279107, 34.0045891 ], [ -6.8278774, 34.0046105 ], [ -6.8278411, 34.0046293 ], [ -6.8277005, 34.0045062 ], [ -6.8276527, 34.004541 ], [ -6.8276219, 34.0045157 ], [ -6.8276095, 34.0045283 ], [ -6.8276062, 34.0045378 ], [ -6.8276057, 34.0045477 ], [ -6.8276108, 34.0045631 ], [ -6.8276224, 34.0045758 ], [ -6.8276162, 34.0045812 ], [ -6.8276583, 34.0046159 ], [ -6.8276652, 34.0046099 ], [ -6.8276769, 34.0046173 ], [ -6.827691, 34.0046209 ], [ -6.8277058, 34.0046202 ], [ -6.8277194, 34.0046153 ], [ -6.8277336, 34.0046077 ], [ -6.8277536, 34.004597 ], [ -6.8278136, 34.0046481 ], [ -6.8276813, 34.0047073 ], [ -6.8276531, 34.0047187 ], [ -6.8276235, 34.0047271 ], [ -6.8275881, 34.0047329 ], [ -6.827552, 34.0047346 ], [ -6.8274894, 34.0047319 ], [ -6.8274273, 34.0047242 ], [ -6.8273781, 34.0047145 ], [ -6.8273298, 34.0047017 ], [ -6.8272165, 34.0046617 ], [ -6.8271836, 34.0046605 ], [ -6.8271513, 34.0046652 ], [ -6.8271209, 34.0046757 ], [ -6.827094, 34.0046913 ], [ -6.8270722, 34.0047111 ], [ -6.827056, 34.0047342 ], [ -6.8270461, 34.0047596 ], [ -6.827043, 34.0047863 ], [ -6.8270442, 34.0048142 ], [ -6.8270527, 34.0048412 ], [ -6.8270679, 34.0048662 ], [ -6.8270928, 34.0048905 ], [ -6.827124, 34.004909 ], [ -6.8271598, 34.0049207 ], [ -6.8271763, 34.0049314 ], [ -6.8271892, 34.0049451 ], [ -6.8271986, 34.0049632 ], [ -6.8272017, 34.0049827 ], [ -6.8271912, 34.0050158 ], [ -6.8271501, 34.004989 ], [ -6.8271127, 34.0049588 ], [ -6.8270793, 34.0049254 ], [ -6.8270425, 34.0048778 ], [ -6.8270141, 34.0048264 ], [ -6.8269994, 34.0047743 ], [ -6.8269971, 34.0047443 ] ] ] ] } },
{ "type": "Feature", "properties": { "full_id": "w1278085341", "osm_id": "1278085341", "osm_type": "way", "leisure": "garden", "opening_date": null, "fee": null, "access": null, "wikimedia_commons": null, "wikidata": null, "barrier": null, "name": null, "landuse": null }, "geometry": { "type": "MultiPolygon", "coordinates": [ [ [ [ -6.8271912, 34.0050158 ], [ -6.8271825, 34.0050354 ], [ -6.8271717, 34.0050565 ], [ -6.8271581, 34.0050724 ], [ -6.8270532, 34.0049855 ], [ -6.827027, 34.0049569 ], [ -6.8270063, 34.0049253 ], [ -6.8269914, 34.0048915 ], [ -6.826983, 34.0048575 ], [ -6.8269805, 34.0048228 ], [ -6.8269841, 34.0047881 ], [ -6.8269971, 34.0047443 ], [ -6.8269994, 34.0047743 ], [ -6.8270141, 34.0048264 ], [ -6.8270425, 34.0048778 ], [ -6.8270793, 34.0049254 ], [ -6.8271127, 34.0049588 ], [ -6.8271501, 34.004989 ], [ -6.8271912, 34.0050158 ] ] ] ] } },
{ "type": "Feature", "properties": { "full_id": "w1278085342", "osm_id": "1278085342", "osm_type": "way", "leisure": "garden", "opening_date": null, "fee": null, "access": null, "wikimedia_commons": null, "wikidata": null, "barrier": null, "name": null, "landuse": null }, "geometry": { "type": "MultiPolygon", "coordinates": [ [ [ [ -6.8294997, 34.0035155 ], [ -6.8291596, 34.0035023 ], [ -6.8290894, 34.0035029 ], [ -6.8290197, 34.0035091 ], [ -6.8289373, 34.0035238 ], [ -6.8288574, 34.0035462 ], [ -6.8287812, 34.003576 ], [ -6.8287095, 34.0036151 ], [ -6.8286429, 34.00366 ], [ -6.8285749, 34.0037168 ], [ -6.8285149, 34.0037795 ], [ -6.8283882, 34.0039304 ], [ -6.8284573, 34.0040016 ], [ -6.828493, 34.0040513 ], [ -6.828508, 34.0040805 ], [ -6.8285132, 34.0041119 ], [ -6.8285091, 34.0041404 ], [ -6.8284941, 34.0041652 ], [ -6.8284746, 34.0041889 ], [ -6.828425, 34.004239 ], [ -6.8284061, 34.0042564 ], [ -6.8283824, 34.0042691 ], [ -6.8283537, 34.0042764 ], [ -6.8283202, 34.0042782 ], [ -6.8282464, 34.0042653 ], [ -6.8281778, 34.0043842 ], [ -6.8281381, 34.0044481 ], [ -6.8280902, 34.004508 ], [ -6.8280331, 34.0045648 ], [ -6.8279687, 34.0046159 ], [ -6.8278978, 34.0046608 ], [ -6.8277059, 34.0047497 ], [ -6.8276804, 34.0047613 ], [ -6.8276535, 34.0047702 ], [ -6.8276236, 34.0047766 ], [ -6.827593, 34.0047798 ], [ -6.8274835, 34.0047807 ], [ -6.8274441, 34.004786 ], [ -6.8274063, 34.0047965 ], [ -6.8273718, 34.0048115 ], [ -6.8273406, 34.0048309 ], [ -6.8273123, 34.0048588 ], [ -6.827291, 34.0048906 ], [ -6.8272775, 34.0049249 ], [ -6.8272749, 34.0049551 ], [ -6.8272732, 34.0049798 ], [ -6.8272697, 34.0049985 ], [ -6.8272607, 34.0050178 ], [ -6.827249, 34.005036 ], [ -6.8273139, 34.0050539 ], [ -6.8273838, 34.0050645 ], [ -6.8274572, 34.0050663 ], [ -6.8275301, 34.0050587 ], [ -6.8275632, 34.0050505 ], [ -6.8275941, 34.0050377 ], [ -6.827619, 34.0050227 ], [ -6.8276408, 34.0050048 ], [ -6.8283173, 34.0044573 ], [ -6.8294997, 34.0035155 ] ] ] ] } },
{ "type": "Feature", "properties": { "full_id": "w1278085343", "osm_id": "1278085343", "osm_type": "way", "leisure": "garden", "opening_date": null, "fee": null, "access": null, "wikimedia_commons": null, "wikidata": null, "barrier": null, "name": null, "landuse": null }, "geometry": { "type": "MultiPolygon", "coordinates": [ [ [ [ -6.8312532, 34.0020541 ], [ -6.8313834, 34.0021668 ], [ -6.8277762, 34.0050501 ], [ -6.8277281, 34.0050825 ], [ -6.8276756, 34.0051097 ], [ -6.8276195, 34.0051313 ], [ -6.8275643, 34.0051472 ], [ -6.8275322, 34.0051537 ], [ -6.8274727, 34.0051597 ], [ -6.8274181, 34.0051619 ], [ -6.8273782, 34.0051599 ], [ -6.8273216, 34.0051524 ], [ -6.8272742, 34.0051399 ], [ -6.8272374, 34.005129 ], [ -6.827204, 34.0051132 ], [ -6.8272435, 34.005044 ], [ -6.827249, 34.005036 ], [ -6.8273139, 34.0050539 ], [ -6.8273838, 34.0050645 ], [ -6.8274572, 34.0050663 ], [ -6.8275301, 34.0050587 ], [ -6.8275632, 34.0050505 ], [ -6.8275941, 34.0050377 ], [ -6.827619, 34.0050227 ], [ -6.8276408, 34.0050048 ], [ -6.8283173, 34.0044573 ], [ -6.8294997, 34.0035155 ], [ -6.8295521, 34.0034737 ], [ -6.8311633, 34.0021839 ], [ -6.8311322, 34.0021572 ], [ -6.8312532, 34.0020541 ] ] ] ] } },
{ "type": "Feature", "properties": { "full_id": "w1278085344", "osm_id": "1278085344", "osm_type": "way", "leisure": "garden", "opening_date": null, "fee": null, "access": null, "wikimedia_commons": null, "wikidata": null, "barrier": null, "name": null, "landuse": null }, "geometry": { "type": "MultiPolygon", "coordinates": [ [ [ [ -6.8352545, 33.9990478 ], [ -6.8352122, 33.9990899 ], [ -6.835107, 33.9991896 ], [ -6.8344809, 33.9996926 ], [ -6.833788, 34.0002462 ], [ -6.8329119, 34.0009463 ], [ -6.8321208, 34.0015786 ], [ -6.8315269, 34.0020555 ], [ -6.8314847, 34.0020062 ], [ -6.831438, 34.0019598 ], [ -6.8314111, 34.001937 ], [ -6.8320288, 34.0014841 ], [ -6.8333953, 34.0004065 ], [ -6.8341476, 33.9997973 ], [ -6.8351689, 33.9989793 ], [ -6.8352545, 33.9990478 ] ] ] ] } },
{ "type": "Feature", "properties": { "full_id": "w1278085345", "osm_id": "1278085345", "osm_type": "way", "leisure": "garden", "opening_date": null, "fee": null, "access": null, "wikimedia_commons": null, "wikidata": null, "barrier": null, "name": null, "landuse": null }, "geometry": { "type": "MultiPolygon", "coordinates": [ [ [ [ -6.8352092, 33.9989418 ], [ -6.8353015, 33.9988617 ], [ -6.8354088, 33.9987348 ], [ -6.8355099, 33.9986045 ], [ -6.8356047, 33.9984709 ], [ -6.8356915, 33.9983367 ], [ -6.8358459, 33.9980604 ], [ -6.8376966, 33.9948049 ], [ -6.8376696, 33.9945503 ], [ -6.8370427, 33.9941145 ], [ -6.8369386, 33.9940484 ], [ -6.8368005, 33.9939458 ], [ -6.8368872, 33.9938788 ], [ -6.8369076, 33.9938663 ], [ -6.8369325, 33.993862 ], [ -6.8369576, 33.9938671 ], [ -6.8369778, 33.9938806 ], [ -6.8373864, 33.9941728 ], [ -6.8376189, 33.9943594 ], [ -6.8377443, 33.9944786 ], [ -6.8377769, 33.9945198 ], [ -6.8378011, 33.9945648 ], [ -6.8378163, 33.9946125 ], [ -6.8378218, 33.9946533 ], [ -6.8378207, 33.9946944 ], [ -6.837813, 33.994735 ], [ -6.8378021, 33.9947699 ], [ -6.8377738, 33.994854 ], [ -6.8377006, 33.9950186 ], [ -6.8364535, 33.997196 ], [ -6.835968, 33.9980354 ], [ -6.8357061, 33.9984941 ], [ -6.8356331, 33.998602 ], [ -6.8355552, 33.9987076 ], [ -6.8354727, 33.9988107 ], [ -6.8353469, 33.9989531 ], [ -6.8352969, 33.9990056 ], [ -6.8352092, 33.9989418 ] ] ] ] } },
{ "type": "Feature", "properties": { "full_id": "w1278085346", "osm_id": "1278085346", "osm_type": "way", "leisure": "garden", "opening_date": null, "fee": null, "access": null, "wikimedia_commons": null, "wikidata": null, "barrier": null, "name": null, "landuse": null }, "geometry": { "type": "MultiPolygon", "coordinates": [ [ [ [ -6.8314111, 34.001937 ], [ -6.8313694, 34.001904 ], [ -6.8313323, 34.0018768 ], [ -6.8313236, 34.0018637 ], [ -6.8313254, 34.0018549 ], [ -6.8313315, 34.0018446 ], [ -6.831341, 34.0018364 ], [ -6.831442, 34.0017692 ], [ -6.8315197, 34.0016989 ], [ -6.8316314, 34.0016037 ], [ -6.8317384, 34.0015049 ], [ -6.8319245, 34.0013393 ], [ -6.8320423, 34.0012208 ], [ -6.8321041, 34.0011671 ], [ -6.8321689, 34.0011159 ], [ -6.8322289, 34.0010707 ], [ -6.8322872, 34.0010268 ], [ -6.8323598, 34.0009662 ], [ -6.83241, 34.0009196 ], [ -6.8324168, 34.0009127 ], [ -6.8324242, 34.0009076 ], [ -6.832437, 34.0009049 ], [ -6.8324493, 34.0009058 ], [ -6.8324683, 34.0009086 ], [ -6.8324874, 34.0009059 ], [ -6.8325044, 34.0008981 ], [ -6.8325172, 34.0008861 ], [ -6.8325244, 34.0008712 ], [ -6.8325273, 34.0008468 ], [ -6.8325191, 34.0008283 ], [ -6.8325535, 34.0007627 ], [ -6.832584, 34.000703 ], [ -6.8326407, 34.0005641 ], [ -6.8326537, 34.0005324 ], [ -6.8326658, 34.000508 ], [ -6.8326797, 34.0004878 ], [ -6.8326964, 34.0004692 ], [ -6.8327275, 34.0004402 ], [ -6.8327586, 34.0004242 ], [ -6.832793, 34.0004135 ], [ -6.8328235, 34.0004089 ], [ -6.832853, 34.0004072 ], [ -6.8330123, 34.0003995 ], [ -6.8330733, 34.0003931 ], [ -6.8331323, 34.0003787 ], [ -6.8331769, 34.0003618 ], [ -6.8332186, 34.0003405 ], [ -6.8332567, 34.0003149 ], [ -6.8333696, 34.0002285 ], [ -6.8349577, 33.9989418 ], [ -6.8349641, 33.9989361 ], [ -6.8349729, 33.9989337 ], [ -6.8349813, 33.9989347 ], [ -6.8349972, 33.9989415 ], [ -6.8350272, 33.9989534 ], [ -6.83506, 33.998958 ], [ -6.835093, 33.9989549 ], [ -6.8351237, 33.9989443 ], [ -6.8351689, 33.9989793 ], [ -6.8341476, 33.9997973 ], [ -6.8333953, 34.0004065 ], [ -6.8320288, 34.0014841 ], [ -6.8314111, 34.001937 ] ] ] ] } },
{ "type": "Feature", "properties": { "full_id": "w1278085347", "osm_id": "1278085347", "osm_type": "way", "leisure": "garden", "opening_date": null, "fee": null, "access": null, "wikimedia_commons": null, "wikidata": null, "barrier": null, "name": null, "landuse": null }, "geometry": { "type": "MultiPolygon", "coordinates": [ [ [ [ -6.8352092, 33.9989418 ], [ -6.8351388, 33.9988916 ], [ -6.8351451, 33.9988683 ], [ -6.8351424, 33.9988444 ], [ -6.8351311, 33.9988224 ], [ -6.8351137, 33.9988053 ], [ -6.8350911, 33.998793 ], [ -6.8350651, 33.9987867 ], [ -6.8350368, 33.9987908 ], [ -6.8350209, 33.9987971 ], [ -6.8350141, 33.9988002 ], [ -6.8350062, 33.9988003 ], [ -6.8350003, 33.998798 ], [ -6.8348944, 33.9987039 ], [ -6.8356254, 33.9981277 ], [ -6.8358207, 33.9972602 ], [ -6.8358342, 33.997246 ], [ -6.8358534, 33.9972376 ], [ -6.8358754, 33.9972365 ], [ -6.8358998, 33.9972403 ], [ -6.8359211, 33.9972462 ], [ -6.8359377, 33.9972564 ], [ -6.8359495, 33.9972738 ], [ -6.8359582, 33.9972928 ], [ -6.8359731, 33.9973089 ], [ -6.835992, 33.9973217 ], [ -6.8360138, 33.9973308 ], [ -6.8360403, 33.9973358 ], [ -6.8360674, 33.9973352 ], [ -6.8360935, 33.997329 ], [ -6.8361275, 33.9973159 ], [ -6.8361557, 33.9972955 ], [ -6.8361744, 33.9972719 ], [ -6.8361852, 33.997245 ], [ -6.8361865, 33.9972227 ], [ -6.8361813, 33.9972071 ], [ -6.836175, 33.9971945 ], [ -6.8361736, 33.9971809 ], [ -6.8361773, 33.9971674 ], [ -6.8361856, 33.9971556 ], [ -6.8364328, 33.996741 ], [ -6.8366281, 33.9963972 ], [ -6.836782, 33.9960698 ], [ -6.8368431, 33.9959178 ], [ -6.8369009, 33.9957242 ], [ -6.8369587, 33.9954827 ], [ -6.8369696, 33.9954357 ], [ -6.8369814, 33.9954079 ], [ -6.8369969, 33.9953814 ], [ -6.8370224, 33.9953168 ], [ -6.837041, 33.9952506 ], [ -6.8370525, 33.9951833 ], [ -6.837057, 33.9951145 ], [ -6.8370541, 33.9950457 ], [ -6.8370438, 33.9949774 ], [ -6.8370264, 33.9949101 ], [ -6.8369653, 33.9948043 ], [ -6.8369434, 33.9947687 ], [ -6.8369288, 33.9947307 ], [ -6.8369216, 33.9946912 ], [ -6.8369225, 33.9946487 ], [ -6.836932, 33.994607 ], [ -6.83695, 33.9945672 ], [ -6.8370024, 33.9944904 ], [ -6.8370304, 33.9944565 ], [ -6.8370517, 33.9944194 ], [ -6.8370656, 33.99438 ], [ -6.8370717, 33.9943431 ], [ -6.8370713, 33.9943059 ], [ -6.8370645, 33.9942691 ], [ -6.8370515, 33.9942334 ], [ -6.8370045, 33.9941484 ], [ -6.8370427, 33.9941145 ], [ -6.8376696, 33.9945503 ], [ -6.8376966, 33.9948049 ], [ -6.8358459, 33.9980604 ], [ -6.8356915, 33.9983367 ], [ -6.8356047, 33.9984709 ], [ -6.8355099, 33.9986045 ], [ -6.8354088, 33.9987348 ], [ -6.8353015, 33.9988617 ], [ -6.8352092, 33.9989418 ] ] ] ] } },
{ "type": "Feature", "properties": { "full_id": "w1278085348", "osm_id": "1278085348", "osm_type": "way", "leisure": "garden", "opening_date": null, "fee": null, "access": null, "wikimedia_commons": null, "wikidata": null, "barrier": null, "name": null, "landuse": null }, "geometry": { "type": "MultiPolygon", "coordinates": [ [ [ [ -6.836906, 33.9942815 ], [ -6.8369022, 33.9942583 ], [ -6.8368951, 33.9942348 ], [ -6.8368844, 33.9942102 ], [ -6.8368713, 33.9941866 ], [ -6.8368303, 33.994139 ], [ -6.8368121, 33.9941539 ], [ -6.8360198, 33.9940156 ], [ -6.8359023, 33.9939956 ], [ -6.8357837, 33.9939809 ], [ -6.8356642, 33.9939719 ], [ -6.8355293, 33.9939686 ], [ -6.8348992, 33.9939897 ], [ -6.8348952, 33.9936614 ], [ -6.8346698, 33.9936686 ], [ -6.8346214, 33.9936969 ], [ -6.834515, 33.9937676 ], [ -6.8344724, 33.9938073 ], [ -6.8344351, 33.9938504 ], [ -6.8344035, 33.9938966 ], [ -6.8343779, 33.9939453 ], [ -6.8343576, 33.9939995 ], [ -6.8343447, 33.9940551 ], [ -6.8343404, 33.9941017 ], [ -6.8343394, 33.9941117 ], [ -6.8343419, 33.9941683 ], [ -6.8343851, 33.9946657 ], [ -6.8343934, 33.9948152 ], [ -6.834446, 33.9948485 ], [ -6.8345284, 33.9947451 ], [ -6.8344975, 33.9947208 ], [ -6.8344776, 33.9946865 ], [ -6.834464, 33.9946503 ], [ -6.8344566, 33.9946101 ], [ -6.8344568, 33.9945695 ], [ -6.8344559, 33.9945312 ], [ -6.8344616, 33.9944932 ], [ -6.8344738, 33.9944563 ], [ -6.834494, 33.9944182 ], [ -6.834521, 33.9943832 ], [ -6.8345542, 33.9943521 ], [ -6.8345968, 33.9943218 ], [ -6.8346444, 33.9942972 ], [ -6.8346958, 33.9942786 ], [ -6.83475, 33.9942666 ], [ -6.8348121, 33.9942612 ], [ -6.8348745, 33.9942643 ], [ -6.8349354, 33.9942759 ], [ -6.8349932, 33.9942957 ], [ -6.8351993, 33.9943691 ], [ -6.8352544, 33.9943856 ], [ -6.8353107, 33.9943991 ], [ -6.8353786, 33.9944109 ], [ -6.8354474, 33.9944184 ], [ -6.8355168, 33.9944213 ], [ -6.8356219, 33.9944188 ], [ -6.8355819, 33.9942975 ], [ -6.8354272, 33.9943092 ], [ -6.8353968, 33.9940329 ], [ -6.8355922, 33.9940181 ], [ -6.8356225, 33.9942945 ], [ -6.8356611, 33.9944179 ], [ -6.8358484, 33.9944131 ], [ -6.8358774, 33.9944106 ], [ -6.8359186, 33.9944034 ], [ -6.8359575, 33.9944023 ], [ -6.835996, 33.9944093 ], [ -6.8359928, 33.9943721 ], [ -6.8358062, 33.9943786 ], [ -6.8357929, 33.9941122 ], [ -6.8360129, 33.9941047 ], [ -6.8360262, 33.994371 ], [ -6.8360312, 33.9944185 ], [ -6.8360641, 33.9944324 ], [ -6.836101, 33.9944504 ], [ -6.8361413, 33.9944623 ], [ -6.8361759, 33.9944671 ], [ -6.8362108, 33.9944674 ], [ -6.8362454, 33.9944631 ], [ -6.8364661, 33.994416 ], [ -6.8364646, 33.9944026 ], [ -6.8362965, 33.9944151 ], [ -6.8362673, 33.9941437 ], [ -6.8364653, 33.9941291 ], [ -6.8364944, 33.9944004 ], [ -6.8364959, 33.9944102 ], [ -6.8365567, 33.9944 ], [ -6.8366185, 33.9943965 ], [ -6.836682, 33.9943998 ], [ -6.8367444, 33.9944098 ], [ -6.8367767, 33.9944113 ], [ -6.8368087, 33.9944065 ], [ -6.8368384, 33.9943958 ], [ -6.8368643, 33.9943796 ], [ -6.836885, 33.9943588 ], [ -6.8368993, 33.9943347 ], [ -6.8369064, 33.9943084 ], [ -6.836906, 33.9942815 ] ] ] ] } },
{ "type": "Feature", "properties": { "full_id": "w1278085421", "osm_id": "1278085421", "osm_type": "way", "leisure": "garden", "opening_date": null, "fee": null, "access": null, "wikimedia_commons": null, "wikidata": null, "barrier": null, "name": null, "landuse": null }, "geometry": { "type": "MultiPolygon", "coordinates": [ [ [ [ -6.8543126, 33.9881547 ], [ -6.8543062, 33.9881622 ], [ -6.8542852, 33.9881486 ], [ -6.8543912, 33.9880426 ], [ -6.8545429, 33.9880863 ], [ -6.8545747, 33.9881127 ], [ -6.8546014, 33.9881428 ], [ -6.8546249, 33.9881746 ], [ -6.8546475, 33.9882032 ], [ -6.8546743, 33.9882292 ], [ -6.8547048, 33.9882522 ], [ -6.8547385, 33.9882718 ], [ -6.854775, 33.9882878 ], [ -6.8548136, 33.9882998 ], [ -6.8548303, 33.9883031 ], [ -6.854829, 33.9883492 ], [ -6.8548296, 33.9883795 ], [ -6.854838, 33.988409 ], [ -6.8548538, 33.9884362 ], [ -6.8548764, 33.98846 ], [ -6.8549047, 33.9884792 ], [ -6.8549373, 33.9884928 ], [ -6.8549726, 33.9885004 ], [ -6.8550207, 33.9885096 ], [ -6.8550677, 33.9885218 ], [ -6.8551134, 33.9885371 ], [ -6.8551575, 33.9885553 ], [ -6.8551998, 33.9885763 ], [ -6.85524, 33.9886 ], [ -6.8553403, 33.9886663 ], [ -6.8552474, 33.9887721 ], [ -6.8543383, 33.988183 ], [ -6.8543458, 33.9881742 ], [ -6.8543576, 33.9881603 ], [ -6.8543244, 33.9881409 ], [ -6.8543126, 33.9881547 ] ] ] ] } },
{ "type": "Feature", "properties": { "full_id": "w1278085435", "osm_id": "1278085435", "osm_type": "way", "leisure": "garden", "opening_date": null, "fee": null, "access": null, "wikimedia_commons": null, "wikidata": null, "barrier": null, "name": null, "landuse": null }, "geometry": { "type": "MultiPolygon", "coordinates": [ [ [ [ -6.8524193, 33.9868002 ], [ -6.8523386, 33.986893 ], [ -6.8533597, 33.987552 ], [ -6.8534211, 33.987485 ], [ -6.8533478, 33.9874369 ], [ -6.8533352, 33.987431 ], [ -6.8533221, 33.9874263 ], [ -6.8532934, 33.9874223 ], [ -6.8532657, 33.9874146 ], [ -6.8532399, 33.9874033 ], [ -6.8532166, 33.9873888 ], [ -6.8531963, 33.9873714 ], [ -6.8531796, 33.9873516 ], [ -6.8531705, 33.987346 ], [ -6.8531601, 33.9873422 ], [ -6.8531337, 33.9873362 ], [ -6.8531056, 33.9873284 ], [ -6.8530752, 33.987321 ], [ -6.8530436, 33.9873071 ], [ -6.8530161, 33.9872882 ], [ -6.8529953, 33.9872663 ], [ -6.8529753, 33.9872418 ], [ -6.8529577, 33.9872186 ], [ -6.8529382, 33.9871993 ], [ -6.8529157, 33.9871824 ], [ -6.8528906, 33.9871683 ], [ -6.8528633, 33.987157 ], [ -6.8528336, 33.9871487 ], [ -6.8528021, 33.9871421 ], [ -6.8527686, 33.9871286 ], [ -6.8527392, 33.9871095 ], [ -6.8527153, 33.9870858 ], [ -6.8526979, 33.9870585 ], [ -6.8526885, 33.9870309 ], [ -6.8526793, 33.9869986 ], [ -6.8526652, 33.9869707 ], [ -6.8526457, 33.986945 ], [ -6.8526215, 33.9869223 ], [ -6.8525916, 33.9869021 ], [ -6.8524193, 33.9868002 ] ] ] ] } },
{ "type": "Feature", "properties": { "full_id": "w1278085442", "osm_id": "1278085442", "osm_type": "way", "leisure": "garden", "opening_date": null, "fee": null, "access": null, "wikimedia_commons": null, "wikidata": null, "barrier": null, "name": null, "landuse": null }, "geometry": { "type": "MultiPolygon", "coordinates": [ [ [ [ -6.8535376, 33.9875549 ], [ -6.8534757, 33.9876228 ], [ -6.8542252, 33.9881099 ], [ -6.8543303, 33.9880051 ], [ -6.8543084, 33.9879891 ], [ -6.8542849, 33.9879776 ], [ -6.8542592, 33.98797 ], [ -6.8542322, 33.9879665 ], [ -6.8542013, 33.9879674 ], [ -6.8541683, 33.9879646 ], [ -6.8541361, 33.9879542 ], [ -6.8541082, 33.9879372 ], [ -6.8540883, 33.9879164 ], [ -6.8540698, 33.9878955 ], [ -6.8540485, 33.9878798 ], [ -6.8540237, 33.9878681 ], [ -6.8539952, 33.9878605 ], [ -6.8539366, 33.9878494 ], [ -6.8539004, 33.987839 ], [ -6.8538669, 33.9878213 ], [ -6.8538393, 33.9877977 ], [ -6.8538193, 33.9877698 ], [ -6.853808, 33.9877444 ], [ -6.8537881, 33.9877224 ], [ -6.8537622, 33.9877038 ], [ -6.8537323, 33.9876889 ], [ -6.8536999, 33.9876784 ], [ -6.8536645, 33.9876724 ], [ -6.8536369, 33.9876664 ], [ -6.8536115, 33.9876554 ], [ -6.8535899, 33.98764 ], [ -6.853573, 33.9876209 ], [ -6.8535617, 33.9875991 ], [ -6.8535376, 33.9875549 ] ] ] ] } },
{ "type": "Feature", "properties": { "full_id": "w1278085445", "osm_id": "1278085445", "osm_type": "way", "leisure": "garden", "opening_date": null, "fee": null, "access": null, "wikimedia_commons": null, "wikidata": null, "barrier": null, "name": null, "landuse": null }, "geometry": { "type": "MultiPolygon", "coordinates": [ [ [ [ -6.8551858, 33.9885479 ], [ -6.8551607, 33.9885356 ], [ -6.8551335, 33.9885265 ], [ -6.8551055, 33.9885168 ], [ -6.8550814, 33.9885016 ], [ -6.8550626, 33.988482 ], [ -6.8550502, 33.988459 ], [ -6.855042, 33.9884338 ], [ -6.8550244, 33.988412 ], [ -6.8549993, 33.9883961 ], [ -6.8549636, 33.9883821 ], [ -6.8549249, 33.9883754 ], [ -6.8548854, 33.9883764 ], [ -6.8548498, 33.9883808 ], [ -6.8548537, 33.9883077 ], [ -6.8549153, 33.9883247 ], [ -6.8549735, 33.9883489 ], [ -6.8550276, 33.988379 ], [ -6.8550766, 33.9884146 ], [ -6.8551197, 33.9884551 ], [ -6.8551563, 33.9884997 ], [ -6.8551858, 33.9885479 ] ] ] ] } },
{ "type": "Feature", "properties": { "full_id": "w1278085447", "osm_id": "1278085447", "osm_type": "way", "leisure": "garden", "opening_date": null, "fee": null, "access": null, "wikimedia_commons": null, "wikidata": null, "barrier": null, "name": null, "landuse": null }, "geometry": { "type": "MultiPolygon", "coordinates": [ [ [ [ -6.8553759, 33.9887311 ], [ -6.8553073, 33.9888108 ], [ -6.8562675, 33.9894295 ], [ -6.8563478, 33.9893368 ], [ -6.8563057, 33.9893319 ], [ -6.8562636, 33.9893215 ], [ -6.8562234, 33.9893066 ], [ -6.8561861, 33.9892873 ], [ -6.8561521, 33.9892641 ], [ -6.8560763, 33.9892076 ], [ -6.8560292, 33.9891719 ], [ -6.8559775, 33.9891408 ], [ -6.8559219, 33.9891147 ], [ -6.8558631, 33.9890941 ], [ -6.8557973, 33.9890754 ], [ -6.8557341, 33.9890512 ], [ -6.8556742, 33.9890218 ], [ -6.8556182, 33.9889876 ], [ -6.8555666, 33.9889489 ], [ -6.85552, 33.988906 ], [ -6.8554789, 33.9888595 ], [ -6.855446, 33.9888223 ], [ -6.8553759, 33.9887311 ] ] ] ] } },
{ "type": "Feature", "properties": { "full_id": "w1278085448", "osm_id": "1278085448", "osm_type": "way", "leisure": "garden", "opening_date": null, "fee": null, "access": null, "wikimedia_commons": null, "wikidata": null, "barrier": null, "name": null, "landuse": null }, "geometry": { "type": "MultiPolygon", "coordinates": [ [ [ [ -6.8556003, 33.9886077 ], [ -6.8555217, 33.9885568 ], [ -6.8553879, 33.9887169 ], [ -6.855462, 33.9888073 ], [ -6.8554875, 33.988836 ], [ -6.8555184, 33.9888607 ], [ -6.8555538, 33.9888807 ], [ -6.8555929, 33.9888955 ], [ -6.8556344, 33.9889046 ], [ -6.8556707, 33.9889072 ], [ -6.8557057, 33.9889155 ], [ -6.8557383, 33.988929 ], [ -6.8557683, 33.9889482 ], [ -6.8557932, 33.9889719 ], [ -6.8558124, 33.9889989 ], [ -6.8558475, 33.9890373 ], [ -6.8558886, 33.9890714 ], [ -6.855935, 33.9891004 ], [ -6.8559857, 33.989124 ], [ -6.8560367, 33.9891561 ], [ -6.8560849, 33.9891912 ], [ -6.8561628, 33.9892493 ], [ -6.8561971, 33.989273 ], [ -6.8562352, 33.9892925 ], [ -6.8562761, 33.9893074 ], [ -6.8563192, 33.9893173 ], [ -6.8563608, 33.9893222 ], [ -6.8564829, 33.989179 ], [ -6.8563293, 33.9890796 ], [ -6.8563198, 33.9890902 ], [ -6.8562419, 33.9891765 ], [ -6.8562316, 33.9891865 ], [ -6.8562168, 33.9891914 ], [ -6.856201, 33.9891902 ], [ -6.8561876, 33.9891831 ], [ -6.855513, 33.9887589 ], [ -6.8555016, 33.9887501 ], [ -6.8554963, 33.988738 ], [ -6.8554982, 33.9887251 ], [ -6.855507, 33.9887144 ], [ -6.8555917, 33.9886175 ], [ -6.8556003, 33.9886077 ] ] ] ] } },
{ "type": "Feature", "properties": { "full_id": "w1278085449", "osm_id": "1278085449", "osm_type": "way", "leisure": "garden", "opening_date": null, "fee": null, "access": null, "wikimedia_commons": null, "wikidata": null, "barrier": null, "name": null, "landuse": null }, "geometry": { "type": "MultiPolygon", "coordinates": [ [ [ [ -6.8564314, 33.9893491 ], [ -6.8563281, 33.9894686 ], [ -6.8567075, 33.9897093 ], [ -6.8567302, 33.9897242 ], [ -6.8567545, 33.9897374 ], [ -6.8567801, 33.9897487 ], [ -6.8568068, 33.9897582 ], [ -6.8568344, 33.9897656 ], [ -6.8568627, 33.989771 ], [ -6.8568915, 33.9897743 ], [ -6.8568675, 33.9897041 ], [ -6.8568153, 33.9897048 ], [ -6.856783, 33.989699 ], [ -6.8567529, 33.9896878 ], [ -6.8567262, 33.9896717 ], [ -6.856704, 33.9896515 ], [ -6.8566872, 33.9896279 ], [ -6.8566766, 33.989602 ], [ -6.8566725, 33.9895749 ], [ -6.8566753, 33.9895476 ], [ -6.8566847, 33.9895214 ], [ -6.8567032, 33.9894834 ], [ -6.8566554, 33.9894481 ], [ -6.8566038, 33.9894168 ], [ -6.8565489, 33.9893896 ], [ -6.8564911, 33.9893669 ], [ -6.8564314, 33.9893491 ] ] ] ] } },
{ "type": "Feature", "properties": { "full_id": "w1278085450", "osm_id": "1278085450", "osm_type": "way", "leisure": "garden", "opening_date": null, "fee": null, "access": null, "wikimedia_commons": null, "wikidata": null, "barrier": null, "name": null, "landuse": null }, "geometry": { "type": "MultiPolygon", "coordinates": [ [ [ [ -6.8554659, 33.9885201 ], [ -6.8553471, 33.9884494 ], [ -6.855232, 33.9883744 ], [ -6.855121, 33.9882954 ], [ -6.8550162, 33.9882108 ], [ -6.854963, 33.9881678 ], [ -6.8549085, 33.9881261 ], [ -6.8548507, 33.9880874 ], [ -6.8547901, 33.9880518 ], [ -6.8548093, 33.9880309 ], [ -6.8546913, 33.9879565 ], [ -6.8546703, 33.9879795 ], [ -6.8545359, 33.9878948 ], [ -6.8544064, 33.9880273 ], [ -6.8544833, 33.9880495 ], [ -6.8545601, 33.988067 ], [ -6.8546379, 33.9880808 ], [ -6.854678, 33.9880882 ], [ -6.8547161, 33.9881008 ], [ -6.8547512, 33.9881185 ], [ -6.8547824, 33.9881407 ], [ -6.8548087, 33.9881667 ], [ -6.8548296, 33.9881961 ], [ -6.8548444, 33.9882278 ], [ -6.8548528, 33.9882611 ], [ -6.8548543, 33.9882959 ], [ -6.8549133, 33.9883117 ], [ -6.8549694, 33.9883339 ], [ -6.855022, 33.9883614 ], [ -6.8550703, 33.9883938 ], [ -6.8551136, 33.9884307 ], [ -6.8551515, 33.9884715 ], [ -6.8551833, 33.9885158 ], [ -6.8552086, 33.9885628 ], [ -6.8553529, 33.9886519 ], [ -6.8554659, 33.9885201 ] ] ] ] } },
{ "type": "Feature", "properties": { "full_id": "w1278085451", "osm_id": "1278085451", "osm_type": "way", "leisure": "garden", "opening_date": null, "fee": null, "access": null, "wikimedia_commons": null, "wikidata": null, "barrier": null, "name": null, "landuse": null }, "geometry": { "type": "MultiPolygon", "coordinates": [ [ [ [ -6.8536821, 33.9875454 ], [ -6.8536756, 33.9875407 ], [ -6.8536715, 33.9875339 ], [ -6.8536731, 33.9875265 ], [ -6.8536786, 33.9875206 ], [ -6.8537752, 33.9874186 ], [ -6.8537826, 33.9874108 ], [ -6.8537189, 33.9873699 ], [ -6.8535547, 33.9875469 ], [ -6.8535722, 33.9875848 ], [ -6.8535844, 33.9876083 ], [ -6.8535982, 33.9876271 ], [ -6.853618, 33.9876419 ], [ -6.853642, 33.9876514 ], [ -6.8536683, 33.9876547 ], [ -6.853706, 33.9876611 ], [ -6.8537419, 33.9876727 ], [ -6.8537749, 33.9876892 ], [ -6.8538041, 33.98771 ], [ -6.8538272, 33.9877358 ], [ -6.8538389, 33.9877621 ], [ -6.8538566, 33.9877867 ], [ -6.8538807, 33.9878073 ], [ -6.8539099, 33.9878227 ], [ -6.8539426, 33.9878321 ], [ -6.8540009, 33.9878432 ], [ -6.8540324, 33.9878515 ], [ -6.8540612, 33.9878651 ], [ -6.8540859, 33.9878834 ], [ -6.8541055, 33.9879055 ], [ -6.8541234, 33.9879242 ], [ -6.8541466, 33.9879383 ], [ -6.8541734, 33.987947 ], [ -6.8542021, 33.9879494 ], [ -6.8542335, 33.9879485 ], [ -6.8542645, 33.9879525 ], [ -6.8542941, 33.9879613 ], [ -6.8543212, 33.9879745 ], [ -6.8543441, 33.9879912 ], [ -6.8543623, 33.9879727 ], [ -6.8542836, 33.9879216 ], [ -6.8543769, 33.9878229 ], [ -6.8544576, 33.9878753 ], [ -6.8544771, 33.9878554 ], [ -6.8543828, 33.987795 ], [ -6.8543766, 33.9878019 ], [ -6.8542836, 33.9879046 ], [ -6.8542767, 33.9879109 ], [ -6.854267, 33.9879138 ], [ -6.8542568, 33.9879127 ], [ -6.8542483, 33.9879079 ], [ -6.8536821, 33.9875454 ] ] ] ] } },
{ "type": "Feature", "properties": { "full_id": "w1278085452", "osm_id": "1278085452", "osm_type": "way", "leisure": "garden", "opening_date": null, "fee": null, "access": null, "wikimedia_commons": null, "wikidata": null, "barrier": null, "name": null, "landuse": null }, "geometry": { "type": "MultiPolygon", "coordinates": [ [ [ [ -6.8534373, 33.9874674 ], [ -6.8535993, 33.9872922 ], [ -6.8535236, 33.987243 ], [ -6.8534342, 33.9873342 ], [ -6.8533686, 33.9874012 ], [ -6.8529046, 33.9871159 ], [ -6.8528906, 33.9871051 ], [ -6.8528795, 33.9870921 ], [ -6.852872, 33.9870774 ], [ -6.8528683, 33.9870618 ], [ -6.8528686, 33.9870459 ], [ -6.8528731, 33.9869979 ], [ -6.8528392, 33.9869777 ], [ -6.852938, 33.9868634 ], [ -6.8528249, 33.9867889 ], [ -6.852793, 33.9867662 ], [ -6.8527639, 33.986741 ], [ -6.8527377, 33.9867137 ], [ -6.8527147, 33.9866845 ], [ -6.852701, 33.9866697 ], [ -6.8526832, 33.9866583 ], [ -6.8526626, 33.9866508 ], [ -6.8526407, 33.9866466 ], [ -6.8525659, 33.9866322 ], [ -6.8524348, 33.9867824 ], [ -6.8526081, 33.9868847 ], [ -6.8526407, 33.9869066 ], [ -6.8526685, 33.9869327 ], [ -6.8526908, 33.9869621 ], [ -6.852707, 33.9869942 ], [ -6.8527167, 33.987028 ], [ -6.8527249, 33.9870523 ], [ -6.8527391, 33.9870746 ], [ -6.8527586, 33.987094 ], [ -6.8527826, 33.9871095 ], [ -6.8528099, 33.9871206 ], [ -6.8528394, 33.9871267 ], [ -6.8528724, 33.987136 ], [ -6.8529037, 33.9871488 ], [ -6.8529324, 33.9871651 ], [ -6.8529583, 33.9871844 ], [ -6.8529807, 33.9872066 ], [ -6.8529992, 33.987231 ], [ -6.8530181, 33.9872543 ], [ -6.8530362, 33.9872731 ], [ -6.8530585, 33.9872885 ], [ -6.8530841, 33.9872998 ], [ -6.853112, 33.9873065 ], [ -6.8531398, 33.9873143 ], [ -6.8531678, 33.9873206 ], [ -6.8531842, 33.9873268 ], [ -6.8531987, 33.9873359 ], [ -6.8532132, 33.9873542 ], [ -6.8532312, 33.9873703 ], [ -6.8532522, 33.9873836 ], [ -6.8532755, 33.9873939 ], [ -6.8533006, 33.9874008 ], [ -6.8533267, 33.9874041 ], [ -6.8533454, 33.9874103 ], [ -6.8533627, 33.9874184 ], [ -6.8534373, 33.9874674 ] ] ] ] } },
{ "type": "Feature", "properties": { "full_id": "w1278085454", "osm_id": "1278085454", "osm_type": "way", "leisure": "garden", "opening_date": null, "fee": null, "access": null, "wikimedia_commons": null, "wikidata": null, "barrier": null, "name": null, "landuse": null }, "geometry": { "type": "MultiPolygon", "coordinates": [ [ [ [ -6.8548307, 33.9882903 ], [ -6.8548007, 33.9882822 ], [ -6.8547719, 33.9882715 ], [ -6.8547446, 33.9882583 ], [ -6.8547124, 33.988239 ], [ -6.854683, 33.9882168 ], [ -6.854657, 33.9881919 ], [ -6.8546346, 33.9881647 ], [ -6.8546115, 33.9881356 ], [ -6.8545862, 33.9881078 ], [ -6.8545572, 33.9880843 ], [ -6.8545804, 33.9880937 ], [ -6.8546049, 33.9881004 ], [ -6.8546303, 33.9881043 ], [ -6.854656, 33.9881053 ], [ -6.8546544, 33.9881364 ], [ -6.8546612, 33.988167 ], [ -6.8546761, 33.9881956 ], [ -6.8546974, 33.9882202 ], [ -6.8547258, 33.9882393 ], [ -6.8547593, 33.9882514 ], [ -6.8547955, 33.9882557 ], [ -6.8548317, 33.9882519 ], [ -6.8548307, 33.9882903 ] ] ] ] } },
{ "type": "Feature", "properties": { "full_id": "w1278085455", "osm_id": "1278085455", "osm_type": "way", "leisure": "garden", "opening_date": null, "fee": null, "access": null, "wikimedia_commons": null, "wikidata": null, "barrier": null, "name": null, "landuse": null }, "geometry": { "type": "MultiPolygon", "coordinates": [ [ [ [ -6.8569139, 33.9897762 ], [ -6.8569599, 33.9897765 ], [ -6.8570056, 33.9897721 ], [ -6.8570502, 33.9897631 ], [ -6.8570932, 33.9897495 ], [ -6.8571339, 33.9897316 ], [ -6.8571715, 33.9897098 ], [ -6.8572057, 33.9896842 ], [ -6.8571848, 33.9896655 ], [ -6.8571514, 33.9896738 ], [ -6.8571167, 33.9896762 ], [ -6.8570822, 33.9896727 ], [ -6.8570492, 33.9896634 ], [ -6.8570192, 33.9896488 ], [ -6.8569934, 33.9896293 ], [ -6.856973, 33.989606 ], [ -6.8569587, 33.9895796 ], [ -6.8569364, 33.9894934 ], [ -6.856931, 33.9894757 ], [ -6.8569199, 33.9894599 ], [ -6.8569039, 33.9894473 ], [ -6.8568766, 33.9894352 ], [ -6.856851, 33.9894209 ], [ -6.8568268, 33.9894049 ], [ -6.8565432, 33.9892185 ], [ -6.8564461, 33.9893319 ], [ -6.8565182, 33.9893546 ], [ -6.8565845, 33.9893826 ], [ -6.8566463, 33.989417 ], [ -6.8567028, 33.9894571 ], [ -6.8567458, 33.9894922 ], [ -6.8567845, 33.9895306 ], [ -6.8568188, 33.9895718 ], [ -6.8568482, 33.9896155 ], [ -6.8568725, 33.9896612 ], [ -6.8568916, 33.9897087 ], [ -6.8569139, 33.9897762 ] ] ] ] } },
{ "type": "Feature", "properties": { "full_id": "w1278100938", "osm_id": "1278100938", "osm_type": "way", "leisure": "garden", "opening_date": null, "fee": null, "access": null, "wikimedia_commons": null, "wikidata": null, "barrier": null, "name": null, "landuse": null }, "geometry": { "type": "MultiPolygon", "coordinates": [ [ [ [ -6.8332754, 34.0254727 ], [ -6.8328535, 34.0258062 ], [ -6.8327663, 34.0258075 ], [ -6.8326534, 34.0258867 ], [ -6.8326327, 34.0259012 ], [ -6.8325608, 34.0258269 ], [ -6.8326169, 34.0257901 ], [ -6.8325966, 34.0257688 ], [ -6.8326534, 34.0257346 ], [ -6.8326363, 34.0257152 ], [ -6.8326978, 34.0256752 ], [ -6.8326807, 34.0256604 ], [ -6.8327352, 34.025623 ], [ -6.832704, 34.0255888 ], [ -6.8329523, 34.0254127 ], [ -6.8329088, 34.0253675 ], [ -6.8324121, 34.0256643 ], [ -6.8323335, 34.0256681 ], [ -6.832634, 34.0259965 ], [ -6.8326581, 34.0259797 ], [ -6.8326861, 34.0259843 ], [ -6.8327064, 34.0259849 ], [ -6.8327305, 34.0260081 ], [ -6.8328698, 34.0259172 ], [ -6.832855, 34.0259023 ], [ -6.8329344, 34.0258481 ], [ -6.83295, 34.0258636 ], [ -6.8333508, 34.0255388 ], [ -6.8333662, 34.0255268 ], [ -6.8333202, 34.0254865 ], [ -6.8333034, 34.0254978 ], [ -6.8332754, 34.0254727 ] ] ] ] } },
{ "type": "Feature", "properties": { "full_id": "w1278100983", "osm_id": "1278100983", "osm_type": "way", "leisure": "garden", "opening_date": null, "fee": null, "access": null, "wikimedia_commons": null, "wikidata": null, "barrier": null, "name": null, "landuse": null }, "geometry": { "type": "MultiPolygon", "coordinates": [ [ [ [ -6.8339623, 34.02419 ], [ -6.8339809, 34.0242051 ], [ -6.8339946, 34.0242234 ], [ -6.8340024, 34.024244 ], [ -6.8340038, 34.0242656 ], [ -6.8339979, 34.024303 ], [ -6.8340032, 34.0243176 ], [ -6.8340137, 34.02433 ], [ -6.8340283, 34.0243392 ], [ -6.8340456, 34.0243441 ], [ -6.834064, 34.0243444 ], [ -6.8340815, 34.02434 ], [ -6.8340965, 34.0243313 ], [ -6.8341076, 34.0243192 ], [ -6.8341147, 34.0243079 ], [ -6.8341216, 34.0242996 ], [ -6.8341314, 34.0242937 ], [ -6.8341431, 34.0242909 ], [ -6.8341552, 34.0242916 ], [ -6.8341835, 34.0242958 ], [ -6.8342168, 34.0242951 ], [ -6.8342491, 34.0242883 ], [ -6.8342789, 34.0242759 ], [ -6.8343047, 34.0242584 ], [ -6.83433, 34.0242328 ], [ -6.8343362, 34.0242259 ], [ -6.8343447, 34.024221 ], [ -6.8343547, 34.0242186 ], [ -6.8343651, 34.0242189 ], [ -6.8344127, 34.0242245 ], [ -6.8344313, 34.0242174 ], [ -6.8344465, 34.024206 ], [ -6.834457, 34.0241914 ], [ -6.8344617, 34.0241749 ], [ -6.8344602, 34.024158 ], [ -6.8344528, 34.0241422 ], [ -6.83444, 34.0241289 ], [ -6.8344145, 34.024118 ], [ -6.8343946, 34.024101 ], [ -6.8343821, 34.0240797 ], [ -6.8343784, 34.0240562 ], [ -6.8343725, 34.0240396 ], [ -6.8343617, 34.0240248 ], [ -6.8343467, 34.0240129 ], [ -6.8343284, 34.0240046 ], [ -6.8343081, 34.0240005 ], [ -6.8342873, 34.0240009 ], [ -6.8342673, 34.0240058 ], [ -6.8342495, 34.0240148 ], [ -6.8342401, 34.0240226 ], [ -6.8342279, 34.024027 ], [ -6.8342146, 34.0240272 ], [ -6.8342021, 34.0240233 ], [ -6.8341639, 34.0239473 ], [ -6.8343183, 34.0238938 ], [ -6.834351, 34.0239065 ], [ -6.8345619, 34.0242825 ], [ -6.8340106, 34.0244371 ], [ -6.8338496, 34.0240563 ], [ -6.8340312, 34.0239934 ], [ -6.8340661, 34.0240665 ], [ -6.8340493, 34.0240828 ], [ -6.8340337, 34.024091 ], [ -6.8340161, 34.0240956 ], [ -6.833996, 34.0241042 ], [ -6.8339792, 34.0241167 ], [ -6.8339663, 34.024133 ], [ -6.833959, 34.0241514 ], [ -6.8339577, 34.0241708 ], [ -6.8339623, 34.02419 ] ] ] ] } },
{ "type": "Feature", "properties": { "full_id": "w1278117213", "osm_id": "1278117213", "osm_type": "way", "leisure": "garden", "opening_date": null, "fee": null, "access": null, "wikimedia_commons": null, "wikidata": null, "barrier": null, "name": null, "landuse": null }, "geometry": { "type": "MultiPolygon", "coordinates": [ [ [ [ -6.8338483, 34.0144554 ], [ -6.8339674, 34.0143551 ], [ -6.8341007, 34.0146322 ], [ -6.8338483, 34.0144554 ] ] ] ] } },
{ "type": "Feature", "properties": { "full_id": "w1278117232", "osm_id": "1278117232", "osm_type": "way", "leisure": "garden", "opening_date": null, "fee": null, "access": null, "wikimedia_commons": null, "wikidata": null, "barrier": null, "name": null, "landuse": null }, "geometry": { "type": "MultiPolygon", "coordinates": [ [ [ [ -6.8342779, 34.0166401 ], [ -6.8343274, 34.0166208 ], [ -6.8343366, 34.016637 ], [ -6.8342871, 34.0166564 ], [ -6.8342779, 34.0166401 ] ] ] ] } },
{ "type": "Feature", "properties": { "full_id": "w1278117233", "osm_id": "1278117233", "osm_type": "way", "leisure": "garden", "opening_date": null, "fee": null, "access": null, "wikimedia_commons": null, "wikidata": null, "barrier": null, "name": null, "landuse": null }, "geometry": { "type": "MultiPolygon", "coordinates": [ [ [ [ -6.8343431, 34.0166146 ], [ -6.8343926, 34.0165953 ], [ -6.8344019, 34.0166116 ], [ -6.8343523, 34.0166309 ], [ -6.8343431, 34.0166146 ] ] ] ] } },
{ "type": "Feature", "properties": { "full_id": "w1278117234", "osm_id": "1278117234", "osm_type": "way", "leisure": "garden", "opening_date": null, "fee": null, "access": null, "wikimedia_commons": null, "wikidata": null, "barrier": null, "name": null, "landuse": null }, "geometry": { "type": "MultiPolygon", "coordinates": [ [ [ [ -6.8344036, 34.016591 ], [ -6.8344531, 34.0165717 ], [ -6.8344624, 34.0165879 ], [ -6.8344128, 34.0166072 ], [ -6.8344036, 34.016591 ] ] ] ] } },
{ "type": "Feature", "properties": { "full_id": "w1278117235", "osm_id": "1278117235", "osm_type": "way", "leisure": "garden", "opening_date": null, "fee": null, "access": null, "wikimedia_commons": null, "wikidata": null, "barrier": null, "name": null, "landuse": null }, "geometry": { "type": "MultiPolygon", "coordinates": [ [ [ [ -6.8344654, 34.0165668 ], [ -6.8345149, 34.0165475 ], [ -6.8345241, 34.0165638 ], [ -6.8344746, 34.0165831 ], [ -6.8344654, 34.0165668 ] ] ] ] } },
{ "type": "Feature", "properties": { "full_id": "w1278117236", "osm_id": "1278117236", "osm_type": "way", "leisure": "garden", "opening_date": null, "fee": null, "access": null, "wikimedia_commons": null, "wikidata": null, "barrier": null, "name": null, "landuse": null }, "geometry": { "type": "MultiPolygon", "coordinates": [ [ [ [ -6.8345267, 34.0165426 ], [ -6.8345757, 34.016524 ], [ -6.8345847, 34.0165403 ], [ -6.8345357, 34.0165589 ], [ -6.8345267, 34.0165426 ] ] ] ] } },
{ "type": "Feature", "properties": { "full_id": "w1278117237", "osm_id": "1278117237", "osm_type": "way", "leisure": "garden", "opening_date": null, "fee": null, "access": null, "wikimedia_commons": null, "wikidata": null, "barrier": null, "name": null, "landuse": null }, "geometry": { "type": "MultiPolygon", "coordinates": [ [ [ [ -6.8345857, 34.0165198 ], [ -6.8346354, 34.0165005 ], [ -6.8346446, 34.0165167 ], [ -6.8345949, 34.016536 ], [ -6.8345857, 34.0165198 ] ] ] ] } },
{ "type": "Feature", "properties": { "full_id": "w1278117238", "osm_id": "1278117238", "osm_type": "way", "leisure": "garden", "opening_date": null, "fee": null, "access": null, "wikimedia_commons": null, "wikidata": null, "barrier": null, "name": null, "landuse": null }, "geometry": { "type": "MultiPolygon", "coordinates": [ [ [ [ -6.8346479, 34.0164954 ], [ -6.8346969, 34.0164765 ], [ -6.834706, 34.0164928 ], [ -6.834657, 34.0165117 ], [ -6.8346479, 34.0164954 ] ] ] ] } },
{ "type": "Feature", "properties": { "full_id": "w1278117240", "osm_id": "1278117240", "osm_type": "way", "leisure": "garden", "opening_date": null, "fee": null, "access": null, "wikimedia_commons": null, "wikidata": null, "barrier": null, "name": null, "landuse": null }, "geometry": { "type": "MultiPolygon", "coordinates": [ [ [ [ -6.8342163, 34.0166642 ], [ -6.8342658, 34.0166449 ], [ -6.834275, 34.0166611 ], [ -6.8342255, 34.0166805 ], [ -6.8342163, 34.0166642 ] ] ] ] } },
{ "type": "Feature", "properties": { "full_id": "w1278117241", "osm_id": "1278117241", "osm_type": "way", "leisure": "garden", "opening_date": null, "fee": null, "access": null, "wikimedia_commons": null, "wikidata": null, "barrier": null, "name": null, "landuse": null }, "geometry": { "type": "MultiPolygon", "coordinates": [ [ [ [ -6.8341557, 34.0166879 ], [ -6.834205, 34.0166686 ], [ -6.8342142, 34.0166849 ], [ -6.834165, 34.0167042 ], [ -6.8341557, 34.0166879 ] ] ] ] } },
{ "type": "Feature", "properties": { "full_id": "w1278117242", "osm_id": "1278117242", "osm_type": "way", "leisure": "garden", "opening_date": null, "fee": null, "access": null, "wikimedia_commons": null, "wikidata": null, "barrier": null, "name": null, "landuse": null }, "geometry": { "type": "MultiPolygon", "coordinates": [ [ [ [ -6.8341933, 34.0167556 ], [ -6.8342427, 34.0167357 ], [ -6.8342522, 34.0167519 ], [ -6.8342028, 34.0167718 ], [ -6.8341933, 34.0167556 ] ] ] ] } },
{ "type": "Feature", "properties": { "full_id": "w1278117243", "osm_id": "1278117243", "osm_type": "way", "leisure": "garden", "opening_date": null, "fee": null, "access": null, "wikimedia_commons": null, "wikidata": null, "barrier": null, "name": null, "landuse": null }, "geometry": { "type": "MultiPolygon", "coordinates": [ [ [ [ -6.8342537, 34.0167312 ], [ -6.834303, 34.0167114 ], [ -6.8343125, 34.0167276 ], [ -6.8342632, 34.0167474 ], [ -6.8342537, 34.0167312 ] ] ] ] } },
{ "type": "Feature", "properties": { "full_id": "w1278117244", "osm_id": "1278117244", "osm_type": "way", "leisure": "garden", "opening_date": null, "fee": null, "access": null, "wikimedia_commons": null, "wikidata": null, "barrier": null, "name": null, "landuse": null }, "geometry": { "type": "MultiPolygon", "coordinates": [ [ [ [ -6.8343787, 34.0166808 ], [ -6.8344279, 34.0166611 ], [ -6.8344374, 34.0166772 ], [ -6.8343881, 34.016697 ], [ -6.8343787, 34.0166808 ] ] ] ] } },
{ "type": "Feature", "properties": { "full_id": "w1278117245", "osm_id": "1278117245", "osm_type": "way", "leisure": "garden", "opening_date": null, "fee": null, "access": null, "wikimedia_commons": null, "wikidata": null, "barrier": null, "name": null, "landuse": null }, "geometry": { "type": "MultiPolygon", "coordinates": [ [ [ [ -6.8344996, 34.016632 ], [ -6.8345489, 34.0166123 ], [ -6.8345583, 34.0166284 ], [ -6.834509, 34.0166482 ], [ -6.8344996, 34.016632 ] ] ] ] } },
{ "type": "Feature", "properties": { "full_id": "w1278117246", "osm_id": "1278117246", "osm_type": "way", "leisure": "garden", "opening_date": null, "fee": null, "access": null, "wikimedia_commons": null, "wikidata": null, "barrier": null, "name": null, "landuse": null }, "geometry": { "type": "MultiPolygon", "coordinates": [ [ [ [ -6.8345703, 34.0166233 ], [ -6.834561, 34.0166071 ], [ -6.8346075, 34.0165888 ], [ -6.8346168, 34.016605 ], [ -6.8345703, 34.0166233 ] ] ] ] } },
{ "type": "Feature", "properties": { "full_id": "w1278117247", "osm_id": "1278117247", "osm_type": "way", "leisure": "garden", "opening_date": null, "fee": null, "access": null, "wikimedia_commons": null, "wikidata": null, "barrier": null, "name": null, "landuse": null }, "geometry": { "type": "MultiPolygon", "coordinates": [ [ [ [ -6.8344387, 34.0166566 ], [ -6.834488, 34.0166368 ], [ -6.8344974, 34.016653 ], [ -6.8344481, 34.0166728 ], [ -6.8344387, 34.0166566 ] ] ] ] } },
{ "type": "Feature", "properties": { "full_id": "w1278117248", "osm_id": "1278117248", "osm_type": "way", "leisure": "garden", "opening_date": null, "fee": null, "access": null, "wikimedia_commons": null, "wikidata": null, "barrier": null, "name": null, "landuse": null }, "geometry": { "type": "MultiPolygon", "coordinates": [ [ [ [ -6.8346178, 34.0165843 ], [ -6.8346681, 34.0165642 ], [ -6.8346775, 34.0165803 ], [ -6.8346272, 34.0166005 ], [ -6.8346178, 34.0165843 ] ] ] ] } },
{ "type": "Feature", "properties": { "full_id": "w1278117249", "osm_id": "1278117249", "osm_type": "way", "leisure": "garden", "opening_date": null, "fee": null, "access": null, "wikimedia_commons": null, "wikidata": null, "barrier": null, "name": null, "landuse": null }, "geometry": { "type": "MultiPolygon", "coordinates": [ [ [ [ -6.8346879, 34.0165759 ], [ -6.8346785, 34.0165598 ], [ -6.8347298, 34.0165394 ], [ -6.8347391, 34.0165556 ], [ -6.8346879, 34.0165759 ] ] ] ] } },
{ "type": "Feature", "properties": { "full_id": "w1278117251", "osm_id": "1278117251", "osm_type": "way", "leisure": "garden", "opening_date": null, "fee": null, "access": null, "wikimedia_commons": null, "wikidata": null, "barrier": null, "name": null, "landuse": null }, "geometry": { "type": "MultiPolygon", "coordinates": [ [ [ [ -6.834193, 34.0152494 ], [ -6.8342257, 34.0153142 ], [ -6.8341536, 34.0153392 ], [ -6.8341209, 34.0152744 ], [ -6.834193, 34.0152494 ] ] ] ] } },
{ "type": "Feature", "properties": { "full_id": "w1278117252", "osm_id": "1278117252", "osm_type": "way", "leisure": "garden", "opening_date": null, "fee": null, "access": null, "wikimedia_commons": null, "wikidata": null, "barrier": null, "name": null, "landuse": null }, "geometry": { "type": "MultiPolygon", "coordinates": [ [ [ [ -6.8341021, 34.0152372 ], [ -6.8341742, 34.0152122 ], [ -6.834193, 34.0152494 ], [ -6.8341209, 34.0152744 ], [ -6.8341021, 34.0152372 ] ] ] ] } },
{ "type": "Feature", "properties": { "full_id": "w1278117253", "osm_id": "1278117253", "osm_type": "way", "leisure": "garden", "opening_date": null, "fee": null, "access": null, "wikimedia_commons": null, "wikidata": null, "barrier": null, "name": null, "landuse": null }, "geometry": { "type": "MultiPolygon", "coordinates": [ [ [ [ -6.8342969, 34.0154539 ], [ -6.8343284, 34.0155156 ], [ -6.8342548, 34.0155414 ], [ -6.8342233, 34.0154797 ], [ -6.8342969, 34.0154539 ] ] ] ] } },
{ "type": "Feature", "properties": { "full_id": "w1278117254", "osm_id": "1278117254", "osm_type": "way", "leisure": "garden", "opening_date": null, "fee": null, "access": null, "wikimedia_commons": null, "wikidata": null, "barrier": null, "name": null, "landuse": null }, "geometry": { "type": "MultiPolygon", "coordinates": [ [ [ [ -6.8342046, 34.015443 ], [ -6.8342781, 34.0154172 ], [ -6.8342969, 34.0154539 ], [ -6.8342233, 34.0154797 ], [ -6.8342046, 34.015443 ] ] ] ] } },
{ "type": "Feature", "properties": { "full_id": "w1278117255", "osm_id": "1278117255", "osm_type": "way", "leisure": "garden", "opening_date": null, "fee": null, "access": null, "wikimedia_commons": null, "wikidata": null, "barrier": null, "name": null, "landuse": null }, "geometry": { "type": "MultiPolygon", "coordinates": [ [ [ [ -6.8340016, 34.015042 ], [ -6.8340744, 34.0150165 ], [ -6.8340433, 34.0149554 ], [ -6.8339705, 34.0149808 ], [ -6.8340016, 34.015042 ] ] ] ] } },
{ "type": "Feature", "properties": { "full_id": "w1278117256", "osm_id": "1278117256", "osm_type": "way", "leisure": "garden", "opening_date": null, "fee": null, "access": null, "wikimedia_commons": null, "wikidata": null, "barrier": null, "name": null, "landuse": null }, "geometry": { "type": "MultiPolygon", "coordinates": [ [ [ [ -6.834094, 34.015055 ], [ -6.8340212, 34.0150804 ], [ -6.8340548, 34.0151464 ], [ -6.8341275, 34.015121 ], [ -6.834094, 34.015055 ] ] ] ] } },
{ "type": "Feature", "properties": { "full_id": "w1278117257", "osm_id": "1278117257", "osm_type": "way", "leisure": "garden", "opening_date": null, "fee": null, "access": null, "wikimedia_commons": null, "wikidata": null, "barrier": null, "name": null, "landuse": null }, "geometry": { "type": "MultiPolygon", "coordinates": [ [ [ [ -6.8340219, 34.0149117 ], [ -6.8339497, 34.0149375 ], [ -6.8339194, 34.0148795 ], [ -6.8339917, 34.0148536 ], [ -6.8340219, 34.0149117 ] ] ] ] } },
{ "type": "Feature", "properties": { "full_id": "w1278117258", "osm_id": "1278117258", "osm_type": "way", "leisure": "garden", "opening_date": null, "fee": null, "access": null, "wikimedia_commons": null, "wikidata": null, "barrier": null, "name": null, "landuse": null }, "geometry": { "type": "MultiPolygon", "coordinates": [ [ [ [ -6.8330471, 34.0186191 ], [ -6.8330915, 34.0186844 ], [ -6.8330937, 34.0186904 ], [ -6.8330924, 34.0186967 ], [ -6.8330879, 34.0187017 ], [ -6.8330811, 34.0187046 ], [ -6.8330735, 34.0187047 ], [ -6.8330667, 34.0187019 ], [ -6.8329913, 34.0186571 ], [ -6.8330252, 34.0186169 ], [ -6.8330284, 34.0186142 ], [ -6.8330325, 34.0186127 ], [ -6.833037, 34.0186125 ], [ -6.8330413, 34.0186136 ], [ -6.8330448, 34.0186159 ], [ -6.8330471, 34.0186191 ] ] ] ] } },
{ "type": "Feature", "properties": { "full_id": "w1278117791", "osm_id": "1278117791", "osm_type": "way", "leisure": "garden", "opening_date": null, "fee": null, "access": null, "wikimedia_commons": null, "wikidata": null, "barrier": null, "name": null, "landuse": null }, "geometry": { "type": "MultiPolygon", "coordinates": [ [ [ [ -6.8585186, 34.0030355 ], [ -6.8585249, 34.0030395 ], [ -6.8585328, 34.0030396 ], [ -6.8585393, 34.003036 ], [ -6.858542, 34.0030299 ], [ -6.8585536, 34.0029876 ], [ -6.8585557, 34.0029796 ], [ -6.8585544, 34.0029715 ], [ -6.8585498, 34.0029643 ], [ -6.8585425, 34.0029588 ], [ -6.857993, 34.0026027 ], [ -6.857928, 34.002631 ], [ -6.8579206, 34.0026349 ], [ -6.8579176, 34.0026418 ], [ -6.8579204, 34.0026487 ], [ -6.8579277, 34.0026527 ], [ -6.8585186, 34.0030355 ] ] ] ] } },
{ "type": "Feature", "properties": { "full_id": "w1278124986", "osm_id": "1278124986", "osm_type": "way", "leisure": "garden", "opening_date": null, "fee": null, "access": null, "wikimedia_commons": null, "wikidata": null, "barrier": null, "name": null, "landuse": null }, "geometry": { "type": "MultiPolygon", "coordinates": [ [ [ [ -6.8322649, 33.9997161 ], [ -6.8321645, 33.9997921 ], [ -6.8318982, 33.9995655 ], [ -6.8319986, 33.99949 ], [ -6.8322212, 33.9996772 ], [ -6.8322649, 33.9997161 ] ] ] ] } },
{ "type": "Feature", "properties": { "full_id": "w1278124987", "osm_id": "1278124987", "osm_type": "way", "leisure": "garden", "opening_date": null, "fee": null, "access": null, "wikimedia_commons": null, "wikidata": null, "barrier": null, "name": null, "landuse": null }, "geometry": { "type": "MultiPolygon", "coordinates": [ [ [ [ -6.8322855, 34.0006899 ], [ -6.832656, 34.00039 ], [ -6.8327913, 34.0002887 ], [ -6.8325831, 34.0001084 ], [ -6.8326596, 34.0000471 ], [ -6.8326372, 34.0000279 ], [ -6.8327707, 33.999921 ], [ -6.8327915, 33.9999388 ], [ -6.8329088, 33.999845 ], [ -6.8328903, 33.9998291 ], [ -6.8330208, 33.9997247 ], [ -6.833038, 33.9997395 ], [ -6.8331517, 33.9996485 ], [ -6.8331334, 33.9996328 ], [ -6.8332652, 33.9995273 ], [ -6.833284, 33.9995435 ], [ -6.8333621, 33.999481 ], [ -6.833632, 33.9997098 ], [ -6.8345474, 33.998983 ], [ -6.8345245, 33.9989667 ], [ -6.8345382, 33.9989504 ], [ -6.8345545, 33.9989546 ], [ -6.8345716, 33.9989543 ], [ -6.8345877, 33.9989495 ], [ -6.8346011, 33.9989407 ], [ -6.8346104, 33.9989288 ], [ -6.8346147, 33.9989151 ], [ -6.8346134, 33.998901 ], [ -6.8346068, 33.9988879 ], [ -6.8345955, 33.9988772 ], [ -6.8345807, 33.9988701 ], [ -6.834564, 33.9988673 ], [ -6.834547, 33.9988691 ], [ -6.8345316, 33.9988752 ], [ -6.8345193, 33.9988851 ], [ -6.8345115, 33.9988977 ], [ -6.834509, 33.9989118 ], [ -6.834512, 33.9989257 ], [ -6.8345202, 33.9989382 ], [ -6.8344989, 33.9989409 ], [ -6.8342834, 33.9987528 ], [ -6.8346042, 33.9985022 ], [ -6.8349465, 33.9987998 ], [ -6.8349555, 33.9988086 ], [ -6.8349598, 33.9988224 ], [ -6.8349574, 33.9988371 ], [ -6.8349533, 33.9988482 ], [ -6.8349498, 33.9988652 ], [ -6.8349487, 33.9988855 ], [ -6.8333319, 34.0001928 ], [ -6.8332217, 34.0002783 ], [ -6.8331835, 34.0003008 ], [ -6.8331424, 34.0003196 ], [ -6.833099, 34.0003344 ], [ -6.8330401, 34.0003473 ], [ -6.8329795, 34.0003529 ], [ -6.8328622, 34.0003574 ], [ -6.832825, 34.0003571 ], [ -6.8327881, 34.0003616 ], [ -6.8327526, 34.000371 ], [ -6.8327155, 34.000387 ], [ -6.8326824, 34.0004081 ], [ -6.8326544, 34.0004339 ], [ -6.832635, 34.0004553 ], [ -6.8326184, 34.0004782 ], [ -6.8326004, 34.0005117 ], [ -6.8325884, 34.0005469 ], [ -6.8325256, 34.0006998 ], [ -6.8324885, 34.0007731 ], [ -6.8324741, 34.0007901 ], [ -6.8324553, 34.0008038 ], [ -6.8324344, 34.0008131 ], [ -6.8324116, 34.0008183 ], [ -6.832386, 34.0008156 ], [ -6.8323669, 34.0008065 ], [ -6.8323029, 34.0007407 ], [ -6.8322964, 34.0007316 ], [ -6.8322948, 34.0007203 ], [ -6.8322931, 34.0007099 ], [ -6.83229, 34.0006997 ], [ -6.8322855, 34.0006899 ] ] ] ] } },
{ "type": "Feature", "properties": { "full_id": "w1278124998", "osm_id": "1278124998", "osm_type": "way", "leisure": "garden", "opening_date": null, "fee": null, "access": null, "wikimedia_commons": null, "wikidata": null, "barrier": null, "name": null, "landuse": null }, "geometry": { "type": "MultiPolygon", "coordinates": [ [ [ [ -6.8283355, 34.0040399 ], [ -6.8282906, 34.0041667 ], [ -6.8283147, 34.0041628 ], [ -6.8283365, 34.0041533 ], [ -6.8283539, 34.004139 ], [ -6.8283657, 34.0041211 ], [ -6.8283708, 34.0040993 ], [ -6.8283674, 34.0040773 ], [ -6.8283558, 34.0040573 ], [ -6.8283355, 34.0040399 ] ] ] ] } },
{ "type": "Feature", "properties": { "full_id": "w1278124999", "osm_id": "1278124999", "osm_type": "way", "leisure": "garden", "opening_date": null, "fee": null, "access": null, "wikimedia_commons": null, "wikidata": null, "barrier": null, "name": null, "landuse": null }, "geometry": { "type": "MultiPolygon", "coordinates": [ [ [ [ -6.8283657, 34.0039693 ], [ -6.8283463, 34.0040188 ], [ -6.8283674, 34.0040342 ], [ -6.8283833, 34.0040534 ], [ -6.8283929, 34.0040754 ], [ -6.8283956, 34.0040986 ], [ -6.8283912, 34.0041217 ], [ -6.8283793, 34.0041439 ], [ -6.8283609, 34.0041629 ], [ -6.8283372, 34.0041772 ], [ -6.8283097, 34.0041859 ], [ -6.8282805, 34.0041884 ], [ -6.8282638, 34.0042367 ], [ -6.8282996, 34.0042431 ], [ -6.8283362, 34.0042416 ], [ -6.8283711, 34.0042323 ], [ -6.828395, 34.0042204 ], [ -6.8284156, 34.0042048 ], [ -6.8284321, 34.0041861 ], [ -6.8284663, 34.0041428 ], [ -6.8284712, 34.0041249 ], [ -6.8284716, 34.0041067 ], [ -6.8284661, 34.0040846 ], [ -6.8284542, 34.0040644 ], [ -6.8284291, 34.00403 ], [ -6.8283995, 34.0039982 ], [ -6.8283657, 34.0039693 ] ] ] ] } },
{ "type": "Feature", "properties": { "full_id": "w1278125000", "osm_id": "1278125000", "osm_type": "way", "leisure": "garden", "opening_date": null, "fee": null, "access": null, "wikimedia_commons": null, "wikidata": null, "barrier": null, "name": null, "landuse": null }, "geometry": { "type": "MultiPolygon", "coordinates": [ [ [ [ -6.8290425, 34.0024642 ], [ -6.8285386, 34.002028 ], [ -6.82839, 34.002146 ], [ -6.8284486, 34.0021966 ], [ -6.8283798, 34.00225 ], [ -6.8286361, 34.0024719 ], [ -6.8287209, 34.0024031 ], [ -6.8289119, 34.0025685 ], [ -6.8290425, 34.0024642 ] ] ] ] } },
{ "type": "Feature", "properties": { "full_id": "w1278125006", "osm_id": "1278125006", "osm_type": "way", "leisure": "garden", "opening_date": null, "fee": null, "access": null, "wikimedia_commons": null, "wikidata": null, "barrier": null, "name": null, "landuse": null }, "geometry": { "type": "MultiPolygon", "coordinates": [ [ [ [ -6.8304796, 34.0015216 ], [ -6.8304838, 34.0013742 ], [ -6.8304469, 34.0013441 ], [ -6.8301663, 34.0015668 ], [ -6.8301459, 34.0015794 ], [ -6.8301232, 34.0015889 ], [ -6.8300963, 34.0015956 ], [ -6.8300683, 34.0015979 ], [ -6.830028, 34.0016007 ], [ -6.829998, 34.0016044 ], [ -6.8299628, 34.0016091 ], [ -6.8290202, 34.0017327 ], [ -6.8286387, 34.0020424 ], [ -6.8288099, 34.0021848 ], [ -6.8288226, 34.0021783 ], [ -6.8288174, 34.0021615 ], [ -6.8288203, 34.0021442 ], [ -6.8288307, 34.0021291 ], [ -6.8288473, 34.0021184 ], [ -6.8288675, 34.0021137 ], [ -6.8288883, 34.0021156 ], [ -6.8289068, 34.0021239 ], [ -6.8289201, 34.0021374 ], [ -6.8289263, 34.002154 ], [ -6.8289245, 34.0021713 ], [ -6.8289149, 34.0021868 ], [ -6.828899, 34.0021982 ], [ -6.8288791, 34.0022037 ], [ -6.8288581, 34.0022027 ], [ -6.8288392, 34.0021951 ], [ -6.8288274, 34.0022027 ], [ -6.8292074, 34.0025294 ], [ -6.8293263, 34.0024369 ], [ -6.8293044, 34.0024175 ], [ -6.8294193, 34.0023282 ], [ -6.829433, 34.0023404 ], [ -6.8295615, 34.0022405 ], [ -6.8295469, 34.0022275 ], [ -6.8296712, 34.0021308 ], [ -6.8296864, 34.0021442 ], [ -6.8298167, 34.0020428 ], [ -6.8297973, 34.0020257 ], [ -6.8299166, 34.0019329 ], [ -6.8299332, 34.0019475 ], [ -6.8300662, 34.0018441 ], [ -6.8300463, 34.0018265 ], [ -6.8301676, 34.0017322 ], [ -6.8301848, 34.0017474 ], [ -6.8303199, 34.0016423 ], [ -6.8302987, 34.0016236 ], [ -6.8304168, 34.0015318 ], [ -6.83044, 34.0015523 ], [ -6.8304796, 34.0015216 ] ] ] ] } },
{ "type": "Feature", "properties": { "full_id": "w1278125007", "osm_id": "1278125007", "osm_type": "way", "leisure": "garden", "opening_date": null, "fee": null, "access": null, "wikimedia_commons": null, "wikidata": null, "barrier": null, "name": null, "landuse": null }, "geometry": { "type": "MultiPolygon", "coordinates": [ [ [ [ -6.8304067, 34.0013107 ], [ -6.8300155, 34.0009761 ], [ -6.8289476, 34.0011124 ], [ -6.8290525, 34.0016801 ], [ -6.830011, 34.0015645 ], [ -6.8300569, 34.0015575 ], [ -6.8301006, 34.0015438 ], [ -6.8301339, 34.0015279 ], [ -6.8301641, 34.0015081 ], [ -6.8304067, 34.0013107 ] ] ] ] } },
{ "type": "Feature", "properties": { "full_id": "w1278125011", "osm_id": "1278125011", "osm_type": "way", "leisure": "garden", "opening_date": null, "fee": null, "access": null, "wikimedia_commons": null, "wikidata": null, "barrier": null, "name": null, "landuse": null }, "geometry": { "type": "MultiPolygon", "coordinates": [ [ [ [ -6.8310788, 34.0010336 ], [ -6.8306926, 34.0006948 ], [ -6.8304744, 34.000854 ], [ -6.830757, 34.001101 ], [ -6.8305933, 34.0012321 ], [ -6.8306184, 34.0012575 ], [ -6.8306314, 34.0012641 ], [ -6.8306457, 34.0012683 ], [ -6.8306607, 34.0012699 ], [ -6.8306757, 34.0012688 ], [ -6.8308051, 34.0012671 ], [ -6.8308203, 34.001255 ], [ -6.8307961, 34.0012341 ], [ -6.830933, 34.0011252 ], [ -6.8309477, 34.0011379 ], [ -6.8310788, 34.0010336 ] ] ] ] } },
{ "type": "Feature", "properties": { "full_id": "w1278125013", "osm_id": "1278125013", "osm_type": "way", "leisure": "garden", "opening_date": null, "fee": null, "access": null, "wikimedia_commons": null, "wikidata": null, "barrier": null, "name": null, "landuse": null }, "geometry": { "type": "MultiPolygon", "coordinates": [ [ [ [ -6.832235, 34.0006554 ], [ -6.8320678, 34.0005135 ], [ -6.8319749, 34.0005888 ], [ -6.8319582, 34.0005746 ], [ -6.8318425, 34.0006683 ], [ -6.8318582, 34.0006816 ], [ -6.831749, 34.0007701 ], [ -6.8317337, 34.000757 ], [ -6.8316014, 34.0008642 ], [ -6.8316227, 34.0008823 ], [ -6.8315104, 34.0009732 ], [ -6.8314884, 34.0009546 ], [ -6.8313451, 34.0010639 ], [ -6.8313658, 34.0010811 ], [ -6.8312463, 34.001177 ], [ -6.8312267, 34.0011602 ], [ -6.8310925, 34.0012629 ], [ -6.8311138, 34.0012783 ], [ -6.8309801, 34.0013864 ], [ -6.8309545, 34.0013701 ], [ -6.8309321, 34.0013855 ], [ -6.8309277, 34.0014601 ], [ -6.8309262, 34.0014681 ], [ -6.8309212, 34.001475 ], [ -6.8309267, 34.00153 ], [ -6.8312649, 34.0018214 ], [ -6.8313389, 34.0017774 ], [ -6.8314095, 34.0017296 ], [ -6.8314884, 34.0016682 ], [ -6.8315617, 34.0016021 ], [ -6.831703, 34.001475 ], [ -6.831877, 34.0013081 ], [ -6.832003, 34.0011923 ], [ -6.8320685, 34.0011304 ], [ -6.8321307, 34.0010779 ], [ -6.8321836, 34.0010372 ], [ -6.832242, 34.000992 ], [ -6.8323159, 34.0009363 ], [ -6.8323759, 34.0008868 ], [ -6.8323832, 34.00088 ], [ -6.8323852, 34.000869 ], [ -6.83238, 34.0008617 ], [ -6.832371, 34.0008579 ], [ -6.8323293, 34.0008348 ], [ -6.8322921, 34.000807 ], [ -6.8322602, 34.000778 ], [ -6.8322343, 34.0007374 ], [ -6.8322274, 34.0007178 ], [ -6.832225, 34.0006976 ], [ -6.8322275, 34.0006761 ], [ -6.832235, 34.0006554 ] ] ] ] } },
{ "type": "Feature", "properties": { "full_id": "w1278125014", "osm_id": "1278125014", "osm_type": "way", "leisure": "garden", "opening_date": null, "fee": null, "access": null, "wikimedia_commons": null, "wikidata": null, "barrier": null, "name": null, "landuse": null }, "geometry": { "type": "MultiPolygon", "coordinates": [ [ [ [ -6.8316519, 34.0005567 ], [ -6.8318497, 34.0003986 ], [ -6.8319605, 34.0004877 ], [ -6.8317581, 34.0006479 ], [ -6.8316519, 34.0005567 ] ] ] ] } },
{ "type": "Feature", "properties": { "full_id": "w1278125015", "osm_id": "1278125015", "osm_type": "way", "leisure": "garden", "opening_date": null, "fee": null, "access": null, "wikimedia_commons": null, "wikidata": null, "barrier": null, "name": null, "landuse": null }, "geometry": { "type": "MultiPolygon", "coordinates": [ [ [ [ -6.8314072, 34.0007522 ], [ -6.8316061, 34.0005933 ], [ -6.8317127, 34.0006839 ], [ -6.8315111, 34.0008434 ], [ -6.8314072, 34.0007522 ] ] ] ] } },
{ "type": "Feature", "properties": { "full_id": "w1278125016", "osm_id": "1278125016", "osm_type": "way", "leisure": "garden", "opening_date": null, "fee": null, "access": null, "wikimedia_commons": null, "wikidata": null, "barrier": null, "name": null, "landuse": null }, "geometry": { "type": "MultiPolygon", "coordinates": [ [ [ [ -6.8314629, 34.0008816 ], [ -6.8312578, 34.001044 ], [ -6.8311547, 34.000954 ], [ -6.831355, 34.0007939 ], [ -6.8314629, 34.0008816 ] ] ] ] } },
{ "type": "Feature", "properties": { "full_id": "w1278125017", "osm_id": "1278125017", "osm_type": "way", "leisure": "garden", "opening_date": null, "fee": null, "access": null, "wikimedia_commons": null, "wikidata": null, "barrier": null, "name": null, "landuse": null }, "geometry": { "type": "MultiPolygon", "coordinates": [ [ [ [ -6.83134, 34.0006044 ], [ -6.831081, 34.0003813 ], [ -6.8307708, 34.0006288 ], [ -6.8310298, 34.0008519 ], [ -6.83134, 34.0006044 ] ] ] ] } },
{ "type": "Feature", "properties": { "full_id": "w1278125018", "osm_id": "1278125018", "osm_type": "way", "leisure": "garden", "opening_date": null, "fee": null, "access": null, "wikimedia_commons": null, "wikidata": null, "barrier": null, "name": null, "landuse": null }, "geometry": { "type": "MultiPolygon", "coordinates": [ [ [ [ -6.831723, 34.0002651 ], [ -6.8317172, 34.000282 ], [ -6.8317041, 34.0002957 ], [ -6.8316856, 34.0003042 ], [ -6.8316646, 34.0003061 ], [ -6.8316443, 34.0003013 ], [ -6.8316278, 34.0002903 ], [ -6.8316177, 34.0002749 ], [ -6.8316154, 34.0002575 ], [ -6.8316214, 34.0002407 ], [ -6.8316348, 34.0002271 ], [ -6.8316534, 34.0002187 ], [ -6.8316744, 34.000217 ], [ -6.8316946, 34.000222 ], [ -6.831711, 34.0002332 ], [ -6.8317209, 34.0002486 ], [ -6.8317422, 34.0002353 ], [ -6.8315093, 34.0000363 ], [ -6.8311563, 34.0003154 ], [ -6.8314204, 34.0005397 ], [ -6.8317559, 34.0002819 ], [ -6.8317559, 34.0002738 ], [ -6.831723, 34.0002651 ] ] ] ] } },
{ "type": "Feature", "properties": { "full_id": "w1278125020", "osm_id": "1278125020", "osm_type": "way", "leisure": "garden", "opening_date": null, "fee": null, "access": null, "wikimedia_commons": null, "wikidata": null, "barrier": null, "name": null, "landuse": null }, "geometry": { "type": "MultiPolygon", "coordinates": [ [ [ [ -6.8327536, 33.9998489 ], [ -6.8325515, 34.0000117 ], [ -6.8324429, 33.9999191 ], [ -6.8326451, 33.9997563 ], [ -6.8327536, 33.9998489 ] ] ] ] } },
{ "type": "Feature", "properties": { "full_id": "w1278125021", "osm_id": "1278125021", "osm_type": "way", "leisure": "garden", "opening_date": null, "fee": null, "access": null, "wikimedia_commons": null, "wikidata": null, "barrier": null, "name": null, "landuse": null }, "geometry": { "type": "MultiPolygon", "coordinates": [ [ [ [ -6.832697, 33.9997169 ], [ -6.8328942, 33.9995593 ], [ -6.8330016, 33.9996517 ], [ -6.8328044, 33.9998093 ], [ -6.832697, 33.9997169 ] ] ] ] } },
{ "type": "Feature", "properties": { "full_id": "w1278125022", "osm_id": "1278125022", "osm_type": "way", "leisure": "garden", "opening_date": null, "fee": null, "access": null, "wikimedia_commons": null, "wikidata": null, "barrier": null, "name": null, "landuse": null }, "geometry": { "type": "MultiPolygon", "coordinates": [ [ [ [ -6.8329441, 33.9995191 ], [ -6.833144, 33.9993601 ], [ -6.8332502, 33.9994519 ], [ -6.8330502, 33.9996108 ], [ -6.8329441, 33.9995191 ] ] ] ] } },
{ "type": "Feature", "properties": { "full_id": "w1278125031", "osm_id": "1278125031", "osm_type": "way", "leisure": "garden", "opening_date": null, "fee": null, "access": null, "wikimedia_commons": null, "wikidata": null, "barrier": null, "name": null, "landuse": null }, "geometry": { "type": "MultiPolygon", "coordinates": [ [ [ [ -6.8342711, 33.9986432 ], [ -6.8344754, 33.9984822 ], [ -6.8343666, 33.9983876 ], [ -6.8341612, 33.99855 ], [ -6.8342711, 33.9986432 ] ] ] ] } },
{ "type": "Feature", "properties": { "full_id": "w1278125043", "osm_id": "1278125043", "osm_type": "way", "leisure": "garden", "opening_date": null, "fee": null, "access": null, "wikimedia_commons": null, "wikidata": null, "barrier": null, "name": null, "landuse": null }, "geometry": { "type": "MultiPolygon", "coordinates": [ [ [ [ -6.8353088, 33.9945498 ], [ -6.8352529, 33.9945734 ], [ -6.8352699, 33.9945956 ], [ -6.8352893, 33.9945972 ], [ -6.8353068, 33.9946042 ], [ -6.8353204, 33.9946157 ], [ -6.8353283, 33.9946297 ], [ -6.8353303, 33.994645 ], [ -6.8353261, 33.9946601 ], [ -6.8353164, 33.9946727 ], [ -6.8353023, 33.9946822 ], [ -6.8352854, 33.9946874 ], [ -6.835263, 33.9946874 ], [ -6.8352423, 33.9946802 ], [ -6.8352267, 33.9946669 ], [ -6.8352185, 33.9946556 ], [ -6.8352153, 33.9946426 ], [ -6.8352177, 33.994629 ], [ -6.8352256, 33.9946169 ], [ -6.8352133, 33.9946084 ], [ -6.8351365, 33.9947233 ], [ -6.8351123, 33.9947556 ], [ -6.8350833, 33.9947849 ], [ -6.8350499, 33.9948109 ], [ -6.8350118, 33.9948336 ], [ -6.8349705, 33.9948519 ], [ -6.8349266, 33.9948655 ], [ -6.8348809, 33.9948741 ], [ -6.8348356, 33.9948787 ], [ -6.83479, 33.9948781 ], [ -6.8347448, 33.9948724 ], [ -6.8347016, 33.994862 ], [ -6.8346603, 33.9948468 ], [ -6.8346501, 33.9948449 ], [ -6.8346397, 33.9948455 ], [ -6.8346292, 33.9948491 ], [ -6.8346206, 33.9948553 ], [ -6.8345701, 33.9949451 ], [ -6.8346193, 33.9949868 ], [ -6.8346639, 33.9950318 ], [ -6.8347112, 33.9950898 ], [ -6.834751, 33.9951514 ], [ -6.8347849, 33.9952111 ], [ -6.8348138, 33.9952726 ], [ -6.8348376, 33.9953356 ], [ -6.8348571, 33.9954039 ], [ -6.8348705, 33.9954732 ], [ -6.8348778, 33.9955432 ], [ -6.8348747, 33.9956346 ], [ -6.8348739, 33.9956593 ], [ -6.8348809, 33.9956833 ], [ -6.8348944, 33.9957043 ], [ -6.8349139, 33.9957218 ], [ -6.8349628, 33.9957546 ], [ -6.8350148, 33.995784 ], [ -6.8350695, 33.9958098 ], [ -6.8351404, 33.9958364 ], [ -6.8352141, 33.995857 ], [ -6.83529, 33.9958713 ], [ -6.8353879, 33.9958844 ], [ -6.8354869, 33.9958893 ], [ -6.8355821, 33.9958862 ], [ -6.8356765, 33.9958756 ], [ -6.8357671, 33.9958538 ], [ -6.83586, 33.9958406 ], [ -6.8359433, 33.995836 ], [ -6.8360267, 33.9958383 ], [ -6.8361022, 33.9958483 ], [ -6.8361693, 33.9958637 ], [ -6.8362269, 33.995885 ], [ -6.8362878, 33.9959143 ], [ -6.8363392, 33.9959474 ], [ -6.8364763, 33.9960294 ], [ -6.8365245, 33.9960514 ], [ -6.8365722, 33.9960617 ], [ -6.8366215, 33.996061 ], [ -6.8366688, 33.9960494 ], [ -6.8367105, 33.9960277 ], [ -6.8367438, 33.9959975 ], [ -6.8367669, 33.99596 ], [ -6.8367855, 33.9959209 ], [ -6.836801, 33.9958749 ], [ -6.8368102, 33.9958277 ], [ -6.836903, 33.9954578 ], [ -6.8365237, 33.9954945 ], [ -6.836467, 33.994957 ], [ -6.8363992, 33.9949609 ], [ -6.8364339, 33.9953216 ], [ -6.8361125, 33.9953458 ], [ -6.8360548, 33.9949211 ], [ -6.835828, 33.9949417 ], [ -6.8358466, 33.9951143 ], [ -6.8354343, 33.9951493 ], [ -6.8353684, 33.9946024 ], [ -6.8357878, 33.9945691 ], [ -6.8357775, 33.9944862 ], [ -6.8354725, 33.9945147 ], [ -6.8354166, 33.994522 ], [ -6.8353619, 33.9945337 ], [ -6.8353088, 33.9945498 ] ] ] ] } },
{ "type": "Feature", "properties": { "full_id": "w1278125044", "osm_id": "1278125044", "osm_type": "way", "leisure": "garden", "opening_date": null, "fee": null, "access": null, "wikimedia_commons": null, "wikidata": null, "barrier": null, "name": null, "landuse": null }, "geometry": { "type": "MultiPolygon", "coordinates": [ [ [ [ -6.8364147, 33.9944914 ], [ -6.8364125, 33.994468 ], [ -6.8365397, 33.9944404 ], [ -6.8365838, 33.9944309 ], [ -6.8366303, 33.9944242 ], [ -6.8366774, 33.9944252 ], [ -6.8367235, 33.9944337 ], [ -6.8367499, 33.9944451 ], [ -6.8367744, 33.9944593 ], [ -6.8368076, 33.9944858 ], [ -6.8368341, 33.9945171 ], [ -6.8368489, 33.9945719 ], [ -6.8368569, 33.9946277 ], [ -6.8368584, 33.9946691 ], [ -6.8368597, 33.9947129 ], [ -6.8368703, 33.9947684 ], [ -6.8368865, 33.9948093 ], [ -6.8369076, 33.9948487 ], [ -6.8369333, 33.9948862 ], [ -6.8369603, 33.994949 ], [ -6.8369794, 33.9950138 ], [ -6.8369903, 33.9950798 ], [ -6.836993, 33.9951464 ], [ -6.8369872, 33.9952142 ], [ -6.8369729, 33.9952812 ], [ -6.8369501, 33.9953465 ], [ -6.8368834, 33.9954399 ], [ -6.8368443, 33.9950111 ], [ -6.8365084, 33.9950382 ], [ -6.8364947, 33.9949147 ], [ -6.8367955, 33.9948891 ], [ -6.8367425, 33.9944631 ], [ -6.8364147, 33.9944914 ] ] ] ] } },
{ "type": "Feature", "properties": { "full_id": "w1278125045", "osm_id": "1278125045", "osm_type": "way", "leisure": "garden", "opening_date": null, "fee": null, "access": null, "wikimedia_commons": null, "wikidata": null, "barrier": null, "name": null, "landuse": null }, "geometry": { "type": "MultiPolygon", "coordinates": [ [ [ [ -6.8363824, 33.9944757 ], [ -6.8364121, 33.9948658 ], [ -6.8358502, 33.9949092 ], [ -6.8358065, 33.9944668 ], [ -6.83585, 33.9944545 ], [ -6.835895, 33.9944467 ], [ -6.8359407, 33.9944433 ], [ -6.8359941, 33.9944452 ], [ -6.8360466, 33.9944533 ], [ -6.8361028, 33.9944733 ], [ -6.8361622, 33.9944858 ], [ -6.836208, 33.99449 ], [ -6.836254, 33.9944897 ], [ -6.8362997, 33.9944849 ], [ -6.8363824, 33.9944757 ] ] ] ] } },
{ "type": "Feature", "properties": { "full_id": "w1278125046", "osm_id": "1278125046", "osm_type": "way", "leisure": "garden", "opening_date": null, "fee": null, "access": null, "wikimedia_commons": null, "wikidata": null, "barrier": null, "name": null, "landuse": null }, "geometry": { "type": "MultiPolygon", "coordinates": [ [ [ [ -6.8359625, 33.9971821 ], [ -6.8359878, 33.9971661 ], [ -6.8360218, 33.997153 ], [ -6.8360522, 33.9971468 ], [ -6.8360834, 33.9971451 ], [ -6.8361146, 33.9971479 ], [ -6.836124, 33.997147 ], [ -6.8361326, 33.9971436 ], [ -6.8361411, 33.9971364 ], [ -6.8361455, 33.997127 ], [ -6.8366896, 33.996155 ], [ -6.8366701, 33.9961106 ], [ -6.8366319, 33.9961122 ], [ -6.8365938, 33.9961097 ], [ -6.8365576, 33.9961035 ], [ -6.8365227, 33.9960935 ], [ -6.8364392, 33.9960567 ], [ -6.8363341, 33.9960055 ], [ -6.836229, 33.9959448 ], [ -6.8361897, 33.9959252 ], [ -6.8361479, 33.9959094 ], [ -6.8361042, 33.9958978 ], [ -6.8360598, 33.9958905 ], [ -6.8360146, 33.9958876 ], [ -6.8359579, 33.9958845 ], [ -6.8359012, 33.9958867 ], [ -6.8358475, 33.9958937 ], [ -6.8357951, 33.9959055 ], [ -6.8356487, 33.9959303 ], [ -6.8355649, 33.9959388 ], [ -6.8354805, 33.9959411 ], [ -6.8353962, 33.9959371 ], [ -6.8353268, 33.9959291 ], [ -6.8352583, 33.9959168 ], [ -6.8351911, 33.9959004 ], [ -6.8351152, 33.995876 ], [ -6.8350406, 33.9958491 ], [ -6.8349427, 33.9958089 ], [ -6.8349184, 33.9958033 ], [ -6.8348933, 33.9958047 ], [ -6.8348725, 33.9958117 ], [ -6.8348551, 33.9958235 ], [ -6.8348355, 33.9958371 ], [ -6.8348149, 33.9958636 ], [ -6.8347868, 33.9959283 ], [ -6.8347572, 33.995985 ], [ -6.8347238, 33.9960429 ], [ -6.8346871, 33.9960995 ], [ -6.8346526, 33.9961628 ], [ -6.8346241, 33.9962282 ], [ -6.8346016, 33.9962951 ], [ -6.8345848, 33.9963663 ], [ -6.8345748, 33.9964383 ], [ -6.8345719, 33.9965107 ], [ -6.8345758, 33.9965831 ], [ -6.8345851, 33.996672 ], [ -6.8346315, 33.996663 ], [ -6.8346346, 33.9966852 ], [ -6.8346434, 33.996685 ], [ -6.8346645, 33.996691 ], [ -6.8346791, 33.9967051 ], [ -6.8346832, 33.9967233 ], [ -6.8346756, 33.9967408 ], [ -6.8346586, 33.9967527 ], [ -6.8346367, 33.996756 ], [ -6.8346159, 33.9967498 ], [ -6.8346016, 33.9967358 ], [ -6.8345975, 33.9967178 ], [ -6.8345924, 33.9967178 ], [ -6.8346139, 33.996842 ], [ -6.8346325, 33.9969099 ], [ -6.8346474, 33.9969398 ], [ -6.8346619, 33.9969316 ], [ -6.8346574, 33.9969163 ], [ -6.8346599, 33.9969006 ], [ -6.8346691, 33.9968868 ], [ -6.8346837, 33.9968767 ], [ -6.8347017, 33.9968717 ], [ -6.8347206, 33.9968724 ], [ -6.834738, 33.9968788 ], [ -6.8347514, 33.99689 ], [ -6.834759, 33.9969044 ], [ -6.8347598, 33.9969201 ], [ -6.8347537, 33.9969351 ], [ -6.8347414, 33.9969471 ], [ -6.8347248, 33.9969546 ], [ -6.8347059, 33.9969567 ], [ -6.8346875, 33.9969529 ], [ -6.8346794, 33.9969676 ], [ -6.8359625, 33.9971821 ] ] ] ] } },
{ "type": "Feature", "properties": { "full_id": "w1278125602", "osm_id": "1278125602", "osm_type": "way", "leisure": "garden", "opening_date": null, "fee": null, "access": null, "wikimedia_commons": null, "wikidata": null, "barrier": null, "name": null, "landuse": null }, "geometry": { "type": "MultiPolygon", "coordinates": [ [ [ [ -6.8235074, 33.9747938 ], [ -6.8234921, 33.9747625 ], [ -6.8234801, 33.974753 ], [ -6.8234635, 33.974748 ], [ -6.8234459, 33.9747491 ], [ -6.822957, 33.9748709 ], [ -6.8230194, 33.9749165 ], [ -6.8235074, 33.9747938 ] ] ] ] } },
{ "type": "Feature", "properties": { "full_id": "w1278125603", "osm_id": "1278125603", "osm_type": "way", "leisure": "garden", "opening_date": null, "fee": null, "access": null, "wikimedia_commons": null, "wikidata": null, "barrier": null, "name": null, "landuse": null }, "geometry": { "type": "MultiPolygon", "coordinates": [ [ [ [ -6.8225949, 33.9741374 ], [ -6.8225044, 33.9739167 ], [ -6.8224921, 33.9739057 ], [ -6.8224769, 33.9738978 ], [ -6.8224555, 33.9738928 ], [ -6.8224332, 33.9738938 ], [ -6.8224125, 33.9739005 ], [ -6.8218714, 33.9740479 ], [ -6.8218407, 33.9740976 ], [ -6.8227989, 33.9747633 ], [ -6.8228196, 33.9747352 ], [ -6.8226539, 33.9742798 ], [ -6.8226278, 33.9742464 ], [ -6.8225562, 33.9743196 ], [ -6.8225918, 33.9743435 ], [ -6.8225311, 33.9744056 ], [ -6.8225847, 33.9744415 ], [ -6.8225379, 33.9744894 ], [ -6.8223971, 33.9743949 ], [ -6.8224439, 33.974347 ], [ -6.8224226, 33.9743327 ], [ -6.8224141, 33.9743415 ], [ -6.8222975, 33.9742632 ], [ -6.8223431, 33.9742164 ], [ -6.822291, 33.9741815 ], [ -6.8223305, 33.974141 ], [ -6.8224369, 33.9742124 ], [ -6.8224654, 33.9741864 ], [ -6.822499, 33.9741652 ], [ -6.8225451, 33.9741469 ], [ -6.8225949, 33.9741374 ] ] ] ] } },
{ "type": "Feature", "properties": { "full_id": "w1278125611", "osm_id": "1278125611", "osm_type": "way", "leisure": "garden", "opening_date": null, "fee": null, "access": null, "wikimedia_commons": null, "wikidata": null, "barrier": null, "name": null, "landuse": null }, "geometry": { "type": "MultiPolygon", "coordinates": [ [ [ [ -6.8238908, 33.9744583 ], [ -6.8236025, 33.9736418 ], [ -6.8234072, 33.9736941 ], [ -6.82371, 33.9744552 ], [ -6.8237291, 33.9745045 ], [ -6.8238908, 33.9744583 ] ] ] ] } },
{ "type": "Feature", "properties": { "full_id": "w1278125613", "osm_id": "1278125613", "osm_type": "way", "leisure": "garden", "opening_date": null, "fee": null, "access": null, "wikimedia_commons": null, "wikidata": null, "barrier": null, "name": null, "landuse": null }, "geometry": { "type": "MultiPolygon", "coordinates": [ [ [ [ -6.823698, 33.9746335 ], [ -6.8230375, 33.9748058 ], [ -6.8229865, 33.9748058 ], [ -6.8229644, 33.9747986 ], [ -6.822944, 33.9747892 ], [ -6.8229255, 33.9747775 ], [ -6.8229011, 33.9747552 ], [ -6.8228833, 33.9747291 ], [ -6.8225259, 33.9738194 ], [ -6.8225748, 33.9738055 ], [ -6.8229329, 33.9747263 ], [ -6.8230214, 33.9747691 ], [ -6.8236799, 33.9745873 ], [ -6.823698, 33.9746335 ] ] ] ] } },
{ "type": "Feature", "properties": { "full_id": "w1278125618", "osm_id": "1278125618", "osm_type": "way", "leisure": "garden", "opening_date": null, "fee": null, "access": null, "wikimedia_commons": null, "wikidata": null, "barrier": null, "name": null, "landuse": null }, "geometry": { "type": "MultiPolygon", "coordinates": [ [ [ [ -6.8240017, 33.9747038 ], [ -6.8239749, 33.9746351 ], [ -6.8244363, 33.9745311 ], [ -6.8246542, 33.9744805 ], [ -6.8248044, 33.9744572 ], [ -6.8247601, 33.9745195 ], [ -6.8240017, 33.9747038 ] ] ] ] } },
{ "type": "Feature", "properties": { "full_id": "w1278125652", "osm_id": "1278125652", "osm_type": "way", "leisure": "garden", "opening_date": null, "fee": null, "access": null, "wikimedia_commons": null, "wikidata": null, "barrier": null, "name": null, "landuse": null }, "geometry": { "type": "MultiPolygon", "coordinates": [ [ [ [ -6.8227458, 33.9756305 ], [ -6.8226855, 33.97564 ], [ -6.8226559, 33.9754587 ], [ -6.8226667, 33.9754242 ], [ -6.8227123, 33.9753981 ], [ -6.8227813, 33.9753658 ], [ -6.822777, 33.9753829 ], [ -6.8227693, 33.9753992 ], [ -6.8227548, 33.9754182 ], [ -6.8227357, 33.9754342 ], [ -6.8227277, 33.9754514 ], [ -6.8227275, 33.975463 ], [ -6.8227284, 33.9754937 ], [ -6.8227458, 33.9756305 ] ] ] ] } },
{ "type": "Feature", "properties": { "full_id": "w1278125661", "osm_id": "1278125661", "osm_type": "way", "leisure": "garden", "opening_date": null, "fee": null, "access": null, "wikimedia_commons": null, "wikidata": null, "barrier": null, "name": null, "landuse": null }, "geometry": { "type": "MultiPolygon", "coordinates": [ [ [ [ -6.8232816, 33.9754604 ], [ -6.823247, 33.9753761 ], [ -6.8232307, 33.9753712 ], [ -6.8232169, 33.9753625 ], [ -6.8232061, 33.9753497 ], [ -6.8232008, 33.9753347 ], [ -6.8230532, 33.975328 ], [ -6.8230703, 33.9753442 ], [ -6.8230871, 33.9753603 ], [ -6.8231107, 33.9753751 ], [ -6.8231387, 33.9753864 ], [ -6.8231338, 33.9754101 ], [ -6.8231354, 33.9754342 ], [ -6.8231424, 33.9754553 ], [ -6.8231488, 33.9754776 ], [ -6.8231723, 33.975476 ], [ -6.8232816, 33.9754604 ] ] ] ] } },
{ "type": "Feature", "properties": { "full_id": "w1278125662", "osm_id": "1278125662", "osm_type": "way", "leisure": "garden", "opening_date": null, "fee": null, "access": null, "wikimedia_commons": null, "wikidata": null, "barrier": null, "name": null, "landuse": null }, "geometry": { "type": "MultiPolygon", "coordinates": [ [ [ [ -6.8233413, 33.9752957 ], [ -6.8232568, 33.9753119 ], [ -6.823236, 33.9753035 ], [ -6.8229691, 33.9752857 ], [ -6.8229525, 33.975236 ], [ -6.8233156, 33.9751478 ], [ -6.8233413, 33.9752957 ] ] ] ] } },
{ "type": "Feature", "properties": { "full_id": "w1278125665", "osm_id": "1278125665", "osm_type": "way", "leisure": "garden", "opening_date": null, "fee": null, "access": null, "wikimedia_commons": null, "wikidata": null, "barrier": null, "name": null, "landuse": null }, "geometry": { "type": "MultiPolygon", "coordinates": [ [ [ [ -6.8233397, 33.9755382 ], [ -6.8233822, 33.9757501 ], [ -6.8234188, 33.9757452 ], [ -6.8233476, 33.975332 ], [ -6.8233458, 33.9753213 ], [ -6.8232668, 33.9753347 ], [ -6.823334, 33.9755193 ], [ -6.8233416, 33.975519 ], [ -6.8233651, 33.9755182 ], [ -6.8233661, 33.9755374 ], [ -6.8233426, 33.9755382 ], [ -6.8233397, 33.9755382 ] ] ] ] } },
{ "type": "Feature", "properties": { "full_id": "w1278173976", "osm_id": "1278173976", "osm_type": "way", "leisure": "garden", "opening_date": null, "fee": null, "access": null, "wikimedia_commons": null, "wikidata": null, "barrier": null, "name": null, "landuse": null }, "geometry": { "type": "MultiPolygon", "coordinates": [ [ [ [ -6.8543045, 34.0046155 ], [ -6.8542922, 34.0046052 ], [ -6.8543088, 34.0045907 ], [ -6.8542864, 34.0045731 ], [ -6.8542851, 34.0045473 ], [ -6.8542628, 34.0045292 ], [ -6.8542315, 34.0045286 ], [ -6.8542095, 34.0045096 ], [ -6.8541934, 34.0045224 ], [ -6.8541692, 34.0045015 ], [ -6.8541682, 34.0044945 ], [ -6.8542888, 34.0044957 ], [ -6.8543085, 34.0044964 ], [ -6.8543282, 34.0044933 ], [ -6.8543466, 34.0044866 ], [ -6.8543576, 34.0044806 ], [ -6.8543678, 34.0044898 ], [ -6.8543767, 34.0045057 ], [ -6.8543807, 34.004523 ], [ -6.8543796, 34.0045405 ], [ -6.8543734, 34.0045573 ], [ -6.8543625, 34.0045723 ], [ -6.8543476, 34.0045848 ], [ -6.8543316, 34.0045961 ], [ -6.8543045, 34.0046155 ] ] ] ] } },
{ "type": "Feature", "properties": { "full_id": "w1278173977", "osm_id": "1278173977", "osm_type": "way", "leisure": "garden", "opening_date": null, "fee": null, "access": null, "wikimedia_commons": null, "wikidata": null, "barrier": null, "name": null, "landuse": null }, "geometry": { "type": "MultiPolygon", "coordinates": [ [ [ [ -6.8541647, 34.0044687 ], [ -6.8541668, 34.0044839 ], [ -6.8542852, 34.0044841 ], [ -6.8543018, 34.0044851 ], [ -6.854318, 34.0044842 ], [ -6.8543333, 34.0044798 ], [ -6.8543467, 34.0044723 ], [ -6.8543573, 34.0044621 ], [ -6.85438, 34.0044328 ], [ -6.8542752, 34.0043412 ], [ -6.8542554, 34.0043622 ], [ -6.8542995, 34.0044 ], [ -6.8542235, 34.0044608 ], [ -6.8541999, 34.0044406 ], [ -6.8541647, 34.0044687 ] ] ] ] } },
{ "type": "Feature", "properties": { "full_id": "w1278173978", "osm_id": "1278173978", "osm_type": "way", "leisure": "garden", "opening_date": null, "fee": null, "access": null, "wikimedia_commons": null, "wikidata": null, "barrier": null, "name": null, "landuse": null }, "geometry": { "type": "MultiPolygon", "coordinates": [ [ [ [ -6.8539611, 34.0044052 ], [ -6.8539627, 34.0044229 ], [ -6.8539878, 34.0044444 ], [ -6.8539686, 34.0044597 ], [ -6.8539919, 34.0044798 ], [ -6.8539891, 34.0045062 ], [ -6.8540113, 34.0045252 ], [ -6.8540432, 34.0045238 ], [ -6.8540669, 34.0045442 ], [ -6.8540853, 34.0045295 ], [ -6.8541089, 34.0045498 ], [ -6.8541096, 34.0045799 ], [ -6.8540779, 34.0046079 ], [ -6.8540552, 34.0045902 ], [ -6.8540424, 34.0045801 ], [ -6.8539555, 34.0045993 ], [ -6.853924, 34.0046071 ], [ -6.8538942, 34.0046192 ], [ -6.8538728, 34.0046318 ], [ -6.8537731, 34.0045505 ], [ -6.8539611, 34.0044052 ] ] ] ] } },
{ "type": "Feature", "properties": { "full_id": "w1278173980", "osm_id": "1278173980", "osm_type": "way", "leisure": "garden", "opening_date": null, "fee": null, "access": null, "wikimedia_commons": null, "wikidata": null, "barrier": null, "name": null, "landuse": null }, "geometry": { "type": "MultiPolygon", "coordinates": [ [ [ [ -6.8540861, 34.0047872 ], [ -6.8540719, 34.0047843 ], [ -6.8540578, 34.0047798 ], [ -6.854045, 34.0047732 ], [ -6.8540338, 34.0047648 ], [ -6.8538806, 34.0046382 ], [ -6.8538997, 34.004627 ], [ -6.853928, 34.0046155 ], [ -6.8539585, 34.0046079 ], [ -6.8540373, 34.0046061 ], [ -6.8539703, 34.0046652 ], [ -6.8540033, 34.0046909 ], [ -6.8539967, 34.0046968 ], [ -6.8540234, 34.0047175 ], [ -6.8540385, 34.0047041 ], [ -6.8540775, 34.0047345 ], [ -6.8540934, 34.0047204 ], [ -6.8541195, 34.0047407 ], [ -6.854141, 34.0047218 ], [ -6.8541669, 34.004742 ], [ -6.8541976, 34.0047149 ], [ -6.8541761, 34.0046982 ], [ -6.8542153, 34.0046636 ], [ -6.8542575, 34.0046686 ], [ -6.8542832, 34.0046906 ], [ -6.8542606, 34.0047094 ], [ -6.8542705, 34.0047176 ], [ -6.8542579, 34.004728 ], [ -6.8542853, 34.0047506 ], [ -6.8543025, 34.0047363 ], [ -6.8543367, 34.0047647 ], [ -6.8543543, 34.0047501 ], [ -6.8543773, 34.0047691 ], [ -6.8544019, 34.0047487 ], [ -6.8544269, 34.0047694 ], [ -6.8544572, 34.0047442 ], [ -6.8544375, 34.0047279 ], [ -6.8544957, 34.0046795 ], [ -6.8545195, 34.0046991 ], [ -6.8545816, 34.0046475 ], [ -6.8545601, 34.0046298 ], [ -6.8545701, 34.0046215 ], [ -6.8544929, 34.0045576 ], [ -6.8544745, 34.0045729 ], [ -6.8544253, 34.0045322 ], [ -6.8543753, 34.0045738 ], [ -6.854385, 34.0045577 ], [ -6.8543908, 34.0045398 ], [ -6.8543915, 34.0045207 ], [ -6.8543867, 34.004502 ], [ -6.8543769, 34.0044848 ], [ -6.8543669, 34.0044744 ], [ -6.8543744, 34.0044678 ], [ -6.8543846, 34.0044644 ], [ -6.8543955, 34.0044649 ], [ -6.8544212, 34.0044689 ], [ -6.854635, 34.0046559 ], [ -6.8544604, 34.0048024 ], [ -6.8544362, 34.004818 ], [ -6.854409, 34.0048296 ], [ -6.8543798, 34.004837 ], [ -6.8543494, 34.0048399 ], [ -6.8543189, 34.0048381 ], [ -6.8542888, 34.0048317 ], [ -6.8540861, 34.0047872 ] ] ] ] } },
{ "type": "Feature", "properties": { "full_id": "w1278173983", "osm_id": "1278173983", "osm_type": "way", "leisure": "garden", "opening_date": null, "fee": null, "access": null, "wikimedia_commons": null, "wikidata": null, "barrier": null, "name": null, "landuse": null }, "geometry": { "type": "MultiPolygon", "coordinates": [ [ [ [ -6.8543835, 34.004605 ], [ -6.8543697, 34.0045794 ], [ -6.8543216, 34.0046226 ], [ -6.8543563, 34.0046275 ], [ -6.8543835, 34.004605 ] ] ] ] } },
{ "type": "Feature", "properties": { "full_id": "w1278173986", "osm_id": "1278173986", "osm_type": "way", "leisure": "garden", "opening_date": null, "fee": null, "access": null, "wikimedia_commons": null, "wikidata": null, "barrier": null, "name": null, "landuse": null }, "geometry": { "type": "MultiPolygon", "coordinates": [ [ [ [ -6.8540784, 34.0047998 ], [ -6.8542862, 34.0048405 ], [ -6.8543172, 34.004847 ], [ -6.8543496, 34.0048489 ], [ -6.854382, 34.0048459 ], [ -6.8544131, 34.004838 ], [ -6.854442, 34.0048256 ], [ -6.8544676, 34.0048091 ], [ -6.8546425, 34.0046624 ], [ -6.8546788, 34.0046942 ], [ -6.8543112, 34.0049898 ], [ -6.8540784, 34.0047998 ] ] ] ] } },
{ "type": "Feature", "properties": { "full_id": "w1278173987", "osm_id": "1278173987", "osm_type": "way", "leisure": "garden", "opening_date": null, "fee": null, "access": null, "wikimedia_commons": null, "wikidata": null, "barrier": null, "name": null, "landuse": null }, "geometry": { "type": "MultiPolygon", "coordinates": [ [ [ [ -6.8542998, 34.0049989 ], [ -6.8542664, 34.005026 ], [ -6.8542309, 34.0049954 ], [ -6.8542093, 34.004977 ], [ -6.8542311, 34.0049593 ], [ -6.8537258, 34.0045441 ], [ -6.8537365, 34.0045351 ], [ -6.8542998, 34.0049989 ] ] ] ] } },
{ "type": "Feature", "properties": { "full_id": "w1278173991", "osm_id": "1278173991", "osm_type": "way", "leisure": "garden", "opening_date": null, "fee": null, "access": null, "wikimedia_commons": null, "wikidata": null, "barrier": null, "name": null, "landuse": null }, "geometry": { "type": "MultiPolygon", "coordinates": [ [ [ [ -6.8549458, 34.0040224 ], [ -6.8549609, 34.0039759 ], [ -6.8549638, 34.0039611 ], [ -6.8549628, 34.0039451 ], [ -6.854958, 34.0039305 ], [ -6.8550282, 34.0038842 ], [ -6.8550383, 34.0038749 ], [ -6.8550464, 34.0038663 ], [ -6.8550525, 34.0038566 ], [ -6.8550565, 34.0038462 ], [ -6.8550798, 34.0038482 ], [ -6.8551882, 34.0039399 ], [ -6.8551477, 34.0039762 ], [ -6.8551373, 34.003968 ], [ -6.8551615, 34.0039472 ], [ -6.855103, 34.0039006 ], [ -6.8550806, 34.0039199 ], [ -6.8550604, 34.0039038 ], [ -6.8549644, 34.0039865 ], [ -6.8549803, 34.0039992 ], [ -6.8549537, 34.0040221 ], [ -6.8549458, 34.0040224 ] ] ] ] } },
{ "type": "Feature", "properties": { "full_id": "w1278173993", "osm_id": "1278173993", "osm_type": "way", "leisure": "garden", "opening_date": null, "fee": null, "access": null, "wikimedia_commons": null, "wikidata": null, "barrier": null, "name": null, "landuse": null }, "geometry": { "type": "MultiPolygon", "coordinates": [ [ [ [ -6.8549528, 34.0039223 ], [ -6.8549463, 34.0039125 ], [ -6.8549298, 34.0038983 ], [ -6.8549103, 34.0038885 ], [ -6.8548181, 34.0038553 ], [ -6.8548176, 34.0038472 ], [ -6.8548202, 34.0038392 ], [ -6.8548255, 34.0038323 ], [ -6.8548331, 34.003827 ], [ -6.8550229, 34.0038435 ], [ -6.8550303, 34.0038507 ], [ -6.8550327, 34.0038599 ], [ -6.8550294, 34.003869 ], [ -6.8550213, 34.0038757 ], [ -6.8549528, 34.0039223 ] ] ] ] } },
{ "type": "Feature", "properties": { "full_id": "w1278173994", "osm_id": "1278173994", "osm_type": "way", "leisure": "garden", "opening_date": null, "fee": null, "access": null, "wikimedia_commons": null, "wikidata": null, "barrier": null, "name": null, "landuse": null }, "geometry": { "type": "MultiPolygon", "coordinates": [ [ [ [ -6.8547392, 34.0038734 ], [ -6.8546557, 34.0039325 ], [ -6.8545263, 34.003797 ], [ -6.8545527, 34.0037944 ], [ -6.8545793, 34.0037964 ], [ -6.8547734, 34.0038432 ], [ -6.8547834, 34.0038315 ], [ -6.8547707, 34.0038198 ], [ -6.8547774, 34.0038137 ], [ -6.8547971, 34.0038254 ], [ -6.8548004, 34.0038324 ], [ -6.8548003, 34.0038399 ], [ -6.8547969, 34.0038468 ], [ -6.8547907, 34.0038523 ], [ -6.8547825, 34.0038554 ], [ -6.8547668, 34.0038592 ], [ -6.8547521, 34.0038652 ], [ -6.8547392, 34.0038734 ] ] ] ] } },
{ "type": "Feature", "properties": { "full_id": "w1278173997", "osm_id": "1278173997", "osm_type": "way", "leisure": "garden", "opening_date": null, "fee": null, "access": null, "wikimedia_commons": null, "wikidata": null, "barrier": null, "name": null, "landuse": null }, "geometry": { "type": "MultiPolygon", "coordinates": [ [ [ [ -6.8547637, 34.0041481 ], [ -6.8547643, 34.0041369 ], [ -6.8546373, 34.004176 ], [ -6.8546254, 34.0041794 ], [ -6.854613, 34.0041814 ], [ -6.8546004, 34.0041821 ], [ -6.8545882, 34.0041815 ], [ -6.8545689, 34.0041825 ], [ -6.8546481, 34.0042483 ], [ -6.8547637, 34.0041481 ] ] ] ] } },
{ "type": "Feature", "properties": { "full_id": "w1278173998", "osm_id": "1278173998", "osm_type": "way", "leisure": "garden", "opening_date": null, "fee": null, "access": null, "wikimedia_commons": null, "wikidata": null, "barrier": null, "name": null, "landuse": null }, "geometry": { "type": "MultiPolygon", "coordinates": [ [ [ [ -6.8545532, 34.0041694 ], [ -6.8544741, 34.0041036 ], [ -6.854291, 34.004248 ], [ -6.8544547, 34.0043783 ], [ -6.8545045, 34.0043365 ], [ -6.8544815, 34.0043182 ], [ -6.8544576, 34.0043389 ], [ -6.8544016, 34.0042946 ], [ -6.8544215, 34.0042773 ], [ -6.8544028, 34.0042625 ], [ -6.8544931, 34.0041841 ], [ -6.8545157, 34.004202 ], [ -6.8545532, 34.0041694 ] ] ] ] } },
{ "type": "Feature", "properties": { "full_id": "w1278173999", "osm_id": "1278173999", "osm_type": "way", "leisure": "garden", "opening_date": null, "fee": null, "access": null, "wikimedia_commons": null, "wikidata": null, "barrier": null, "name": null, "landuse": null }, "geometry": { "type": "MultiPolygon", "coordinates": [ [ [ [ -6.8547523, 34.0038877 ], [ -6.8546622, 34.0039512 ], [ -6.8545751, 34.0040175 ], [ -6.854491, 34.0040865 ], [ -6.8545769, 34.0041598 ], [ -6.8545882, 34.0041679 ], [ -6.8546016, 34.0041716 ], [ -6.8546157, 34.0041708 ], [ -6.8546298, 34.0041659 ], [ -6.8548029, 34.0041108 ], [ -6.854771, 34.0040844 ], [ -6.8547456, 34.0041055 ], [ -6.854681, 34.0040521 ], [ -6.854706, 34.0040313 ], [ -6.8546936, 34.0040211 ], [ -6.8548234, 34.0039133 ], [ -6.8548997, 34.0039764 ], [ -6.8548797, 34.003993 ], [ -6.8549165, 34.0040235 ], [ -6.8549237, 34.0040232 ], [ -6.8549396, 34.0039731 ], [ -6.854942, 34.0039601 ], [ -6.8549412, 34.003948 ], [ -6.8549374, 34.0039364 ], [ -6.8549287, 34.0039232 ], [ -6.8549162, 34.0039124 ], [ -6.8549, 34.0039043 ], [ -6.8548429, 34.0038819 ], [ -6.8548274, 34.0038757 ], [ -6.8548119, 34.0038724 ], [ -6.8547961, 34.0038719 ], [ -6.8547805, 34.0038744 ], [ -6.8547659, 34.0038796 ], [ -6.8547523, 34.0038877 ] ] ] ] } },
{ "type": "Feature", "properties": { "full_id": "w1278174000", "osm_id": "1278174000", "osm_type": "way", "leisure": "garden", "opening_date": null, "fee": null, "access": null, "wikimedia_commons": null, "wikidata": null, "barrier": null, "name": null, "landuse": null }, "geometry": { "type": "MultiPolygon", "coordinates": [ [ [ [ -6.8547891, 34.0043801 ], [ -6.8547698, 34.004365 ], [ -6.8548018, 34.0043369 ], [ -6.8547629, 34.0043065 ], [ -6.8547211, 34.004309 ], [ -6.8546965, 34.0043304 ], [ -6.8547151, 34.0043452 ], [ -6.854683, 34.004373 ], [ -6.8546869, 34.0043969 ], [ -6.8546668, 34.0044142 ], [ -6.8546379, 34.004412 ], [ -6.8546187, 34.0044288 ], [ -6.8545955, 34.0044105 ], [ -6.854568, 34.0044345 ], [ -6.8545124, 34.0043906 ], [ -6.8545412, 34.0043655 ], [ -6.854529, 34.0043559 ], [ -6.8544792, 34.0043978 ], [ -6.8546243, 34.0045132 ], [ -6.8547891, 34.0043801 ] ] ] ] } },
{ "type": "Feature", "properties": { "full_id": "w1278174003", "osm_id": "1278174003", "osm_type": "way", "leisure": "garden", "opening_date": null, "fee": null, "access": null, "wikimedia_commons": null, "wikidata": null, "barrier": null, "name": null, "landuse": null }, "geometry": { "type": "MultiPolygon", "coordinates": [ [ [ [ -6.8548048, 34.0043924 ], [ -6.8548296, 34.0044117 ], [ -6.8548514, 34.0043925 ], [ -6.8548716, 34.0044082 ], [ -6.8548979, 34.004385 ], [ -6.8549243, 34.0043874 ], [ -6.8549429, 34.0043725 ], [ -6.8549414, 34.0043509 ], [ -6.8549894, 34.0043131 ], [ -6.8549687, 34.0042951 ], [ -6.8549763, 34.0042891 ], [ -6.8549196, 34.0042396 ], [ -6.8548985, 34.0042562 ], [ -6.8548637, 34.0042258 ], [ -6.8548644, 34.0042136 ], [ -6.8550544, 34.0042324 ], [ -6.855082, 34.0042361 ], [ -6.8551104, 34.004236 ], [ -6.8551384, 34.004232 ], [ -6.8551652, 34.0042243 ], [ -6.8551901, 34.0042131 ], [ -6.8552123, 34.0041987 ], [ -6.8553624, 34.0040873 ], [ -6.8553969, 34.0041164 ], [ -6.854883, 34.0045299 ], [ -6.8548047, 34.0044644 ], [ -6.8547786, 34.0044858 ], [ -6.8547824, 34.0044889 ], [ -6.8547637, 34.0045043 ], [ -6.8547418, 34.004486 ], [ -6.8547007, 34.0045197 ], [ -6.8547093, 34.0045269 ], [ -6.8546753, 34.0045548 ], [ -6.8546397, 34.0045258 ], [ -6.8548048, 34.0043924 ] ] ] ] } },
{ "type": "Feature", "properties": { "full_id": "w1278174005", "osm_id": "1278174005", "osm_type": "way", "leisure": "garden", "opening_date": null, "fee": null, "access": null, "wikimedia_commons": null, "wikidata": null, "barrier": null, "name": null, "landuse": null }, "geometry": { "type": "MultiPolygon", "coordinates": [ [ [ [ -6.8551774, 34.0039999 ], [ -6.8552171, 34.0039643 ], [ -6.8553548, 34.0040808 ], [ -6.8552053, 34.0041918 ], [ -6.8551842, 34.0042055 ], [ -6.8551608, 34.004216 ], [ -6.8551357, 34.0042233 ], [ -6.8551094, 34.004227 ], [ -6.8550828, 34.0042271 ], [ -6.8550562, 34.0042235 ], [ -6.8548649, 34.0042044 ], [ -6.8548656, 34.0041906 ], [ -6.8548887, 34.0041714 ], [ -6.8549083, 34.0041877 ], [ -6.8549256, 34.0041733 ], [ -6.8549597, 34.0041733 ], [ -6.8549837, 34.0041533 ], [ -6.854984, 34.0041256 ], [ -6.8550084, 34.0041052 ], [ -6.8549898, 34.0040899 ], [ -6.8550139, 34.0040698 ], [ -6.8550571, 34.0040632 ], [ -6.8550982, 34.004096 ], [ -6.8550685, 34.0041215 ], [ -6.8551248, 34.0041664 ], [ -6.8551453, 34.0041488 ], [ -6.8551663, 34.0041655 ], [ -6.8551909, 34.0041443 ], [ -6.8552219, 34.004145 ], [ -6.8552433, 34.0041266 ], [ -6.8552413, 34.004101 ], [ -6.8552666, 34.0040792 ], [ -6.8552484, 34.0040646 ], [ -6.8552722, 34.0040441 ], [ -6.8552191, 34.0040017 ], [ -6.8552001, 34.0040181 ], [ -6.8551774, 34.0039999 ] ] ] ] } },
{ "type": "Feature", "properties": { "full_id": "w1278177211", "osm_id": "1278177211", "osm_type": "way", "leisure": "garden", "opening_date": null, "fee": null, "access": null, "wikimedia_commons": null, "wikidata": null, "barrier": null, "name": null, "landuse": null }, "geometry": { "type": "MultiPolygon", "coordinates": [ [ [ [ -6.8277368, 34.0037491 ], [ -6.8275979, 34.0036297 ], [ -6.8276155, 34.0036064 ], [ -6.8276277, 34.0035808 ], [ -6.8276339, 34.0035538 ], [ -6.8276341, 34.0035263 ], [ -6.827627, 34.0034957 ], [ -6.8276123, 34.0034669 ], [ -6.8275907, 34.0034414 ], [ -6.8275631, 34.0034201 ], [ -6.8275107, 34.0033873 ], [ -6.8277508, 34.0034073 ], [ -6.82772, 34.0035997 ], [ -6.8278031, 34.003702 ], [ -6.8277368, 34.0037491 ] ] ] ] } },
{ "type": "Feature", "properties": { "full_id": "w1278177212", "osm_id": "1278177212", "osm_type": "way", "leisure": "garden", "opening_date": null, "fee": null, "access": null, "wikimedia_commons": null, "wikidata": null, "barrier": null, "name": null, "landuse": null }, "geometry": { "type": "MultiPolygon", "coordinates": [ [ [ [ -6.8276506, 34.003819 ], [ -6.8276144, 34.0037831 ], [ -6.8276022, 34.0037664 ], [ -6.8275957, 34.0037475 ], [ -6.8275965, 34.0037222 ], [ -6.8276077, 34.0036986 ], [ -6.8275188, 34.0036353 ], [ -6.8274842, 34.0036476 ], [ -6.8274471, 34.0036527 ], [ -6.8274095, 34.0036503 ], [ -6.8273737, 34.0036406 ], [ -6.8273418, 34.0036241 ], [ -6.8273165, 34.0036029 ], [ -6.8272977, 34.0035774 ], [ -6.8272864, 34.003549 ], [ -6.8271929, 34.0039721 ], [ -6.8274954, 34.0040094 ], [ -6.8275174, 34.0040149 ], [ -6.8275359, 34.0040259 ], [ -6.8275568, 34.0040438 ], [ -6.8276332, 34.0041026 ], [ -6.8275808, 34.0039691 ], [ -6.8275719, 34.003945 ], [ -6.8275682, 34.0039253 ], [ -6.8275664, 34.0039028 ], [ -6.8275699, 34.003886 ], [ -6.8275765, 34.0038711 ], [ -6.8275905, 34.0038563 ], [ -6.8276082, 34.0038435 ], [ -6.8276506, 34.003819 ] ] ] ] } },
{ "type": "Feature", "properties": { "full_id": "w1278191036", "osm_id": "1278191036", "osm_type": "way", "leisure": "garden", "opening_date": null, "fee": null, "access": null, "wikimedia_commons": null, "wikidata": null, "barrier": null, "name": null, "landuse": null }, "geometry": { "type": "MultiPolygon", "coordinates": [ [ [ [ -6.805007, 33.9856142 ], [ -6.8049031, 33.9854496 ], [ -6.8048823, 33.9854452 ], [ -6.8047938, 33.9855981 ], [ -6.8047985, 33.9856209 ], [ -6.8048575, 33.9856848 ], [ -6.805007, 33.9856142 ] ] ] ] } },
{ "type": "Feature", "properties": { "full_id": "w1278191037", "osm_id": "1278191037", "osm_type": "way", "leisure": "garden", "opening_date": null, "fee": null, "access": null, "wikimedia_commons": null, "wikidata": null, "barrier": null, "name": null, "landuse": null }, "geometry": { "type": "MultiPolygon", "coordinates": [ [ [ [ -6.8051907, 33.9851788 ], [ -6.8049694, 33.9851722 ], [ -6.8050063, 33.985106 ], [ -6.8050265, 33.9851132 ], [ -6.8051458, 33.9849081 ], [ -6.8051337, 33.9848402 ], [ -6.8051639, 33.9848019 ], [ -6.8051901, 33.9848174 ], [ -6.8051981, 33.984888 ], [ -6.8051639, 33.984947 ], [ -6.8051907, 33.9851788 ] ] ] ] } },
{ "type": "Feature", "properties": { "full_id": "w1278191038", "osm_id": "1278191038", "osm_type": "way", "leisure": "garden", "opening_date": null, "fee": null, "access": null, "wikimedia_commons": null, "wikidata": null, "barrier": null, "name": null, "landuse": null }, "geometry": { "type": "MultiPolygon", "coordinates": [ [ [ [ -6.8051501, 33.9854054 ], [ -6.8051586, 33.9853045 ], [ -6.8051653, 33.9852344 ], [ -6.8049735, 33.9852389 ], [ -6.8049447, 33.9852478 ], [ -6.8049346, 33.9852589 ], [ -6.8051123, 33.9854213 ], [ -6.8051501, 33.9854054 ] ] ] ] } },
{ "type": "Feature", "properties": { "full_id": "w1278417318", "osm_id": "1278417318", "osm_type": "way", "leisure": "garden", "opening_date": null, "fee": null, "access": null, "wikimedia_commons": null, "wikidata": null, "barrier": null, "name": null, "landuse": null }, "geometry": { "type": "MultiPolygon", "coordinates": [ [ [ [ -6.8597613, 33.9983404 ], [ -6.8596275, 33.9985815 ], [ -6.859605, 33.9985821 ], [ -6.8595839, 33.9985885 ], [ -6.8595661, 33.9985999 ], [ -6.8595534, 33.9986153 ], [ -6.859547, 33.9986332 ], [ -6.8593932, 33.9985803 ], [ -6.8593746, 33.9986139 ], [ -6.85963, 33.998703 ], [ -6.8598181, 33.9983616 ], [ -6.8597613, 33.9983404 ] ] ] ] } },
{ "type": "Feature", "properties": { "full_id": "w1278417319", "osm_id": "1278417319", "osm_type": "way", "leisure": "garden", "opening_date": null, "fee": null, "access": null, "wikimedia_commons": null, "wikidata": null, "barrier": null, "name": null, "landuse": null }, "geometry": { "type": "MultiPolygon", "coordinates": [ [ [ [ -6.8595756, 33.9983132 ], [ -6.8595196, 33.998294 ], [ -6.8595458, 33.9982406 ], [ -6.8596025, 33.9982597 ], [ -6.8595756, 33.9983132 ] ] ] ] } },
{ "type": "Feature", "properties": { "full_id": "w1278427964", "osm_id": "1278427964", "osm_type": "way", "leisure": "garden", "opening_date": null, "fee": null, "access": null, "wikimedia_commons": null, "wikidata": null, "barrier": null, "name": null, "landuse": null }, "geometry": { "type": "MultiPolygon", "coordinates": [ [ [ [ -6.8278283, 34.0014624 ], [ -6.8278391, 34.0013558 ], [ -6.8276124, 34.0013781 ], [ -6.8276258, 34.0014099 ], [ -6.8276342, 34.0014197 ], [ -6.827648, 34.0014261 ], [ -6.8276865, 34.0014389 ], [ -6.8277261, 34.001449 ], [ -6.8277886, 34.0014593 ], [ -6.8278283, 34.0014624 ] ] ] ] } },
{ "type": "Feature", "properties": { "full_id": "w1278427965", "osm_id": "1278427965", "osm_type": "way", "leisure": "garden", "opening_date": null, "fee": null, "access": null, "wikimedia_commons": null, "wikidata": null, "barrier": null, "name": null, "landuse": null }, "geometry": { "type": "MultiPolygon", "coordinates": [ [ [ [ -6.8279297, 34.0015508 ], [ -6.8280245, 34.0015613 ], [ -6.8280335, 34.0014899 ], [ -6.828037, 34.0014594 ], [ -6.8280385, 34.0014287 ], [ -6.8280353, 34.0013896 ], [ -6.8280303, 34.0013651 ], [ -6.8280164, 34.001296 ], [ -6.8280106, 34.0012965 ], [ -6.8279397, 34.0013014 ], [ -6.8279297, 34.0015508 ] ] ] ] } },
{ "type": "Feature", "properties": { "full_id": "w1278427966", "osm_id": "1278427966", "osm_type": "way", "leisure": "garden", "opening_date": null, "fee": null, "access": null, "wikimedia_commons": null, "wikidata": null, "barrier": null, "name": null, "landuse": null }, "geometry": { "type": "MultiPolygon", "coordinates": [ [ [ [ -6.8275416, 34.0025613 ], [ -6.8274321, 34.0025504 ], [ -6.8274028, 34.0027553 ], [ -6.8274053, 34.0027755 ], [ -6.8274161, 34.0027939 ], [ -6.8274336, 34.0028081 ], [ -6.8274428, 34.0028125 ], [ -6.8274543, 34.0028146 ], [ -6.8277005, 34.0027853 ], [ -6.8277005, 34.0027731 ], [ -6.8274993, 34.0027575 ], [ -6.8275074, 34.0026402 ], [ -6.8275315, 34.0026402 ], [ -6.8275416, 34.0025613 ] ] ] ] } },
{ "type": "Feature", "properties": { "full_id": "w1278427968", "osm_id": "1278427968", "osm_type": "way", "leisure": "garden", "opening_date": null, "fee": null, "access": null, "wikimedia_commons": null, "wikidata": null, "barrier": null, "name": null, "landuse": null }, "geometry": { "type": "MultiPolygon", "coordinates": [ [ [ [ -6.8275211, 34.0033534 ], [ -6.8275313, 34.003353 ], [ -6.8275401, 34.0033487 ], [ -6.8275453, 34.0033415 ], [ -6.827545, 34.0033309 ], [ -6.8275374, 34.0033224 ], [ -6.8275252, 34.0033192 ], [ -6.8273501, 34.0032978 ], [ -6.8273468, 34.0033435 ], [ -6.827379, 34.0033468 ], [ -6.8275211, 34.0033534 ] ] ] ] } },
{ "type": "Feature", "properties": { "full_id": "w1278427982", "osm_id": "1278427982", "osm_type": "way", "leisure": "garden", "opening_date": null, "fee": null, "access": null, "wikimedia_commons": null, "wikidata": null, "barrier": null, "name": null, "landuse": null }, "geometry": { "type": "MultiPolygon", "coordinates": [ [ [ [ -6.8287351, 34.0014072 ], [ -6.8287002, 34.0014938 ], [ -6.8286956, 34.0015052 ], [ -6.8287245, 34.0015184 ], [ -6.8287435, 34.0015347 ], [ -6.8287567, 34.0015546 ], [ -6.8287632, 34.0015767 ], [ -6.8287624, 34.0015994 ], [ -6.8287546, 34.0016212 ], [ -6.8287389, 34.0016417 ], [ -6.828717, 34.0016578 ], [ -6.8286905, 34.0016682 ], [ -6.8286616, 34.001672 ], [ -6.8286299, 34.0016683 ], [ -6.8286218, 34.0016885 ], [ -6.828589, 34.0017785 ], [ -6.8286379, 34.0017885 ], [ -6.8286907, 34.0017875 ], [ -6.8287419, 34.0017769 ], [ -6.8287889, 34.0017571 ], [ -6.8288294, 34.0017291 ], [ -6.8288614, 34.0016944 ], [ -6.8288833, 34.0016546 ], [ -6.828894, 34.0016117 ], [ -6.8288929, 34.001568 ], [ -6.82888, 34.0015256 ], [ -6.8288561, 34.0014866 ], [ -6.8288224, 34.001453 ], [ -6.8287805, 34.0014264 ], [ -6.8287351, 34.0014072 ] ] ] ] } },
{ "type": "Feature", "properties": { "full_id": "w1278461015", "osm_id": "1278461015", "osm_type": "way", "leisure": "garden", "opening_date": null, "fee": null, "access": null, "wikimedia_commons": null, "wikidata": null, "barrier": null, "name": null, "landuse": null }, "geometry": { "type": "MultiPolygon", "coordinates": [ [ [ [ -6.8534675, 34.005395 ], [ -6.8534585, 34.0053874 ], [ -6.8535685, 34.0052964 ], [ -6.8534775, 34.0052209 ], [ -6.8534242, 34.0053952 ], [ -6.8534557, 34.0054214 ], [ -6.8534576, 34.0054225 ], [ -6.8534601, 34.0054226 ], [ -6.8534621, 34.0054216 ], [ -6.8534631, 34.0054197 ], [ -6.8534688, 34.0054055 ], [ -6.8534694, 34.0054028 ], [ -6.8534696, 34.0054001 ], [ -6.853469, 34.0053974 ], [ -6.8534675, 34.005395 ] ] ] ] } },
{ "type": "Feature", "properties": { "full_id": "w1278461041", "osm_id": "1278461041", "osm_type": "way", "leisure": "garden", "opening_date": null, "fee": null, "access": null, "wikimedia_commons": null, "wikidata": null, "barrier": null, "name": null, "landuse": null }, "geometry": { "type": "MultiPolygon", "coordinates": [ [ [ [ -6.8540853, 34.005125 ], [ -6.8541474, 34.0050747 ], [ -6.8541401, 34.0050684 ], [ -6.8541348, 34.0050639 ], [ -6.8541138, 34.0050461 ], [ -6.8540149, 34.0049621 ], [ -6.8537963, 34.005139 ], [ -6.8538057, 34.005147 ], [ -6.8538351, 34.0051232 ], [ -6.8538608, 34.005145 ], [ -6.8538394, 34.0051623 ], [ -6.8539146, 34.0052262 ], [ -6.8539683, 34.0052718 ], [ -6.8541168, 34.0051517 ], [ -6.8540853, 34.005125 ] ] ] ] } },
{ "type": "Feature", "properties": { "full_id": "w1278461042", "osm_id": "1278461042", "osm_type": "way", "leisure": "garden", "opening_date": null, "fee": null, "access": null, "wikimedia_commons": null, "wikidata": null, "barrier": null, "name": null, "landuse": null }, "geometry": { "type": "MultiPolygon", "coordinates": [ [ [ [ -6.8534443, 34.0054327 ], [ -6.8534061, 34.0054647 ], [ -6.8534196, 34.0054113 ], [ -6.8534443, 34.0054327 ] ] ] ] } },
{ "type": "Feature", "properties": { "full_id": "w1278461043", "osm_id": "1278461043", "osm_type": "way", "leisure": "garden", "opening_date": null, "fee": null, "access": null, "wikimedia_commons": null, "wikidata": null, "barrier": null, "name": null, "landuse": null }, "geometry": { "type": "MultiPolygon", "coordinates": [ [ [ [ -6.8531729, 34.0058467 ], [ -6.8529582, 34.005793 ], [ -6.8529481, 34.005773 ], [ -6.8531324, 34.0057077 ], [ -6.8531409, 34.0057249 ], [ -6.853086, 34.005768 ], [ -6.8531729, 34.0058467 ] ] ] ] } },
{ "type": "Feature", "properties": { "full_id": "w1278461044", "osm_id": "1278461044", "osm_type": "way", "leisure": "garden", "opening_date": null, "fee": null, "access": null, "wikimedia_commons": null, "wikidata": null, "barrier": null, "name": null, "landuse": null }, "geometry": { "type": "MultiPolygon", "coordinates": [ [ [ [ -6.8534028, 34.0051789 ], [ -6.8532988, 34.0050933 ], [ -6.8532801, 34.0051545 ], [ -6.8534028, 34.0051789 ] ] ] ] } },
{ "type": "Feature", "properties": { "full_id": "w1278461045", "osm_id": "1278461045", "osm_type": "way", "leisure": "garden", "opening_date": null, "fee": null, "access": null, "wikimedia_commons": null, "wikidata": null, "barrier": null, "name": null, "landuse": null }, "geometry": { "type": "MultiPolygon", "coordinates": [ [ [ [ -6.8532825, 34.0050475 ], [ -6.8532764, 34.0050677 ], [ -6.8530701, 34.0050246 ], [ -6.8531017, 34.0049388 ], [ -6.8531473, 34.0049332 ], [ -6.8532825, 34.0050475 ] ] ] ] } },
{ "type": "Feature", "properties": { "full_id": "w1278461046", "osm_id": "1278461046", "osm_type": "way", "leisure": "garden", "opening_date": null, "fee": null, "access": null, "wikimedia_commons": null, "wikidata": null, "barrier": null, "name": null, "landuse": null }, "geometry": { "type": "MultiPolygon", "coordinates": [ [ [ [ -6.8530521, 34.0048693 ], [ -6.852871, 34.004826 ], [ -6.8529597, 34.0047584 ], [ -6.8530715, 34.0048538 ], [ -6.8530521, 34.0048693 ] ] ] ] } },
{ "type": "Feature", "properties": { "full_id": "w1278461053", "osm_id": "1278461053", "osm_type": "way", "leisure": "garden", "opening_date": null, "fee": null, "access": null, "wikimedia_commons": null, "wikidata": null, "barrier": null, "name": null, "landuse": null }, "geometry": { "type": "MultiPolygon", "coordinates": [ [ [ [ -6.8537414, 34.0054261 ], [ -6.8537581, 34.0054403 ], [ -6.8535548, 34.0056048 ], [ -6.853518, 34.0055735 ], [ -6.8536314, 34.0054818 ], [ -6.8537213, 34.005409 ], [ -6.8537414, 34.0054261 ] ] ] ] } },
{ "type": "Feature", "properties": { "full_id": "w1278481348", "osm_id": "1278481348", "osm_type": "way", "leisure": "garden", "opening_date": null, "fee": null, "access": null, "wikimedia_commons": null, "wikidata": null, "barrier": null, "name": null, "landuse": null }, "geometry": { "type": "MultiPolygon", "coordinates": [ [ [ [ -6.819643, 33.9752723 ], [ -6.8196128, 33.9752415 ], [ -6.8198364, 33.9750908 ], [ -6.8201051, 33.9753724 ], [ -6.8200757, 33.9753903 ], [ -6.8199308, 33.9752401 ], [ -6.8199053, 33.9752451 ], [ -6.8195003, 33.9755201 ], [ -6.8195218, 33.9755429 ], [ -6.8195107, 33.9755504 ], [ -6.8196093, 33.9756525 ], [ -6.8196214, 33.9756455 ], [ -6.8196596, 33.9756842 ], [ -6.81968, 33.9756742 ], [ -6.8198175, 33.9758132 ], [ -6.8199157, 33.9757503 ], [ -6.8199724, 33.9758076 ], [ -6.8200324, 33.975769 ], [ -6.8201269, 33.9758728 ], [ -6.8198903, 33.9759789 ], [ -6.8197487, 33.9758304 ], [ -6.8193555, 33.9754147 ], [ -6.8195062, 33.9753133 ], [ -6.8195364, 33.9753441 ], [ -6.819643, 33.9752723 ] ] ] ] } },
{ "type": "Feature", "properties": { "full_id": "w1278481351", "osm_id": "1278481351", "osm_type": "way", "leisure": "garden", "opening_date": null, "fee": null, "access": null, "wikimedia_commons": null, "wikidata": null, "barrier": null, "name": null, "landuse": null }, "geometry": { "type": "MultiPolygon", "coordinates": [ [ [ [ -6.8203926, 33.9757552 ], [ -6.8202035, 33.9758385 ], [ -6.8201932, 33.9758223 ], [ -6.8201778, 33.9758291 ], [ -6.8201652, 33.9758115 ], [ -6.8201484, 33.9758198 ], [ -6.8200783, 33.9757359 ], [ -6.820129, 33.9757036 ], [ -6.8202125, 33.9758007 ], [ -6.8203221, 33.9757492 ], [ -6.8202574, 33.9756775 ], [ -6.8202835, 33.975663 ], [ -6.8203261, 33.975685 ], [ -6.8203926, 33.9757552 ] ] ] ] } },
{ "type": "Feature", "properties": { "full_id": "w1278481408", "osm_id": "1278481408", "osm_type": "way", "leisure": "garden", "opening_date": null, "fee": null, "access": null, "wikimedia_commons": null, "wikidata": null, "barrier": null, "name": null, "landuse": null }, "geometry": { "type": "MultiPolygon", "coordinates": [ [ [ [ -6.8207147, 33.9756233 ], [ -6.8205502, 33.9756896 ], [ -6.8205165, 33.9756405 ], [ -6.8205102, 33.9756213 ], [ -6.8205112, 33.9756101 ], [ -6.8205155, 33.9755994 ], [ -6.8206218, 33.9755285 ], [ -6.8207008, 33.9756065 ], [ -6.8207147, 33.9756233 ] ] ] ] } },
{ "type": "Feature", "properties": { "full_id": "w1278481409", "osm_id": "1278481409", "osm_type": "way", "leisure": "garden", "opening_date": null, "fee": null, "access": null, "wikimedia_commons": null, "wikidata": null, "barrier": null, "name": null, "landuse": null }, "geometry": { "type": "MultiPolygon", "coordinates": [ [ [ [ -6.8209107, 33.9755335 ], [ -6.8208059, 33.9754181 ], [ -6.8207784, 33.9754164 ], [ -6.8206604, 33.9754948 ], [ -6.8207207, 33.9755554 ], [ -6.820767, 33.9755312 ], [ -6.820792, 33.9755613 ], [ -6.8208069, 33.9755794 ], [ -6.8209107, 33.9755335 ] ] ] ] } },
{ "type": "Feature", "properties": { "full_id": "w1278484046", "osm_id": "1278484046", "osm_type": "way", "leisure": "garden", "opening_date": null, "fee": null, "access": null, "wikimedia_commons": null, "wikidata": null, "barrier": null, "name": null, "landuse": null }, "geometry": { "type": "MultiPolygon", "coordinates": [ [ [ [ -6.8208721, 34.0237206 ], [ -6.820855, 34.0236834 ], [ -6.820808, 34.0235854 ], [ -6.8207888, 34.023534 ], [ -6.8207755, 34.0234814 ], [ -6.820768, 34.0234279 ], [ -6.820716, 34.023124 ], [ -6.8206943, 34.0230098 ], [ -6.820666, 34.0229005 ], [ -6.8206042, 34.02267 ], [ -6.8204751, 34.0222387 ], [ -6.82034, 34.0218049 ], [ -6.8202454, 34.0215462 ], [ -6.8201125, 34.0211921 ], [ -6.8200683, 34.0210762 ], [ -6.8200162, 34.0209625 ], [ -6.8199563, 34.0208514 ], [ -6.8198888, 34.0207434 ], [ -6.8198141, 34.0206388 ], [ -6.8197841, 34.0206048 ], [ -6.8197805, 34.0207387 ], [ -6.819841, 34.0208716 ], [ -6.8199385, 34.0211494 ], [ -6.8200664, 34.021698 ], [ -6.8202775, 34.0224135 ], [ -6.8202975, 34.0224557 ], [ -6.8203225, 34.0224959 ], [ -6.8203523, 34.0225338 ], [ -6.8203862, 34.0225698 ], [ -6.8204186, 34.0226083 ], [ -6.8204467, 34.0226521 ], [ -6.8204705, 34.022696 ], [ -6.8204878, 34.022738 ], [ -6.8205707, 34.0230405 ], [ -6.8206435, 34.0233076 ], [ -6.8208, 34.0238538 ], [ -6.8208229, 34.0239282 ], [ -6.8208495, 34.0240017 ], [ -6.8208799, 34.0240742 ], [ -6.8209141, 34.0241455 ], [ -6.8209975, 34.0242884 ], [ -6.8210597, 34.0243851 ], [ -6.8211316, 34.0244771 ], [ -6.8212128, 34.0245636 ], [ -6.8213025, 34.0246441 ], [ -6.8215052, 34.0248022 ], [ -6.8215928, 34.0248644 ], [ -6.8216848, 34.0249221 ], [ -6.8217808, 34.0249751 ], [ -6.8218804, 34.0250233 ], [ -6.8219834, 34.0250664 ], [ -6.8220893, 34.0251043 ], [ -6.8238258, 34.0256422 ], [ -6.8238308, 34.0256279 ], [ -6.8228152, 34.0252965 ], [ -6.8224329, 34.0251645 ], [ -6.8224012, 34.0251542 ], [ -6.8223651, 34.0251394 ], [ -6.822185, 34.0250622 ], [ -6.8221597, 34.0250497 ], [ -6.8221344, 34.025032 ], [ -6.821947, 34.0249034 ], [ -6.8218829, 34.0248481 ], [ -6.8218683, 34.0248389 ], [ -6.8218518, 34.0248323 ], [ -6.821834, 34.0248286 ], [ -6.8218078, 34.0248212 ], [ -6.8217831, 34.0248111 ], [ -6.8217601, 34.0247984 ], [ -6.8217394, 34.0247832 ], [ -6.8216532, 34.0247134 ], [ -6.8216368, 34.0247058 ], [ -6.8216215, 34.0247023 ], [ -6.8216065, 34.0246942 ], [ -6.8214373, 34.0245452 ], [ -6.8214219, 34.0245267 ], [ -6.8214003, 34.0244935 ], [ -6.8213652, 34.0244392 ], [ -6.8213425, 34.0244101 ], [ -6.8212207, 34.0242685 ], [ -6.8212104, 34.024248 ], [ -6.8212071, 34.024226 ], [ -6.8212108, 34.024204 ], [ -6.8212215, 34.0241836 ], [ -6.8212727, 34.0241117 ], [ -6.8212915, 34.024068 ], [ -6.8213005, 34.0240221 ], [ -6.8212995, 34.0239756 ], [ -6.8212848, 34.0239292 ], [ -6.8213034, 34.0239195 ], [ -6.8213188, 34.0239389 ], [ -6.821332, 34.0239642 ], [ -6.8213392, 34.0239912 ], [ -6.8213402, 34.0240189 ], [ -6.821335, 34.0240462 ], [ -6.8213698, 34.0240175 ], [ -6.8214094, 34.0239934 ], [ -6.8214528, 34.0239745 ], [ -6.8214691, 34.023966 ], [ -6.821202, 34.0234854 ], [ -6.8211846, 34.0234731 ], [ -6.8211654, 34.0234713 ], [ -6.821133, 34.0234661 ], [ -6.8211047, 34.023452 ], [ -6.821084, 34.0234307 ], [ -6.8210733, 34.0234048 ], [ -6.8210394, 34.023175 ], [ -6.821034, 34.0231408 ], [ -6.8210264, 34.0231084 ], [ -6.8210127, 34.0230672 ], [ -6.8209639, 34.0229272 ], [ -6.8209272, 34.0228291 ], [ -6.8208991, 34.0227291 ], [ -6.8208787, 34.0226387 ], [ -6.8208371, 34.0224752 ], [ -6.8208057, 34.0222475 ], [ -6.8206669, 34.0211213 ], [ -6.8206649, 34.0210839 ], [ -6.8206588, 34.021051 ], [ -6.8206493, 34.0210207 ], [ -6.8206271, 34.0209749 ], [ -6.8206059, 34.0209281 ], [ -6.8204382, 34.0204997 ], [ -6.8203962, 34.0203864 ], [ -6.820365, 34.0202715 ], [ -6.820341, 34.0201554 ], [ -6.8203243, 34.0200385 ], [ -6.820315, 34.019921 ], [ -6.8203132, 34.0198033 ], [ -6.8203187, 34.0196856 ], [ -6.8203317, 34.0195683 ], [ -6.820352, 34.0194518 ], [ -6.8203989, 34.0192482 ], [ -6.8204616, 34.0190699 ], [ -6.8204848, 34.0190108 ], [ -6.8205087, 34.0189515 ], [ -6.8205459, 34.018895 ], [ -6.8205985, 34.0188487 ], [ -6.8207376, 34.0187467 ], [ -6.8206876, 34.0186888 ], [ -6.8209406, 34.0185304 ], [ -6.8209549, 34.0182794 ], [ -6.8208734, 34.0182759 ], [ -6.8208504, 34.0180815 ], [ -6.8210981, 34.0179966 ], [ -6.8213537, 34.0179298 ], [ -6.8216154, 34.017879 ], [ -6.8216245, 34.0178995 ], [ -6.8217608, 34.0178593 ], [ -6.8218918, 34.0178085 ], [ -6.8220165, 34.0177476 ], [ -6.8219465, 34.0175929 ], [ -6.8216221, 34.0176691 ], [ -6.8214998, 34.0176912 ], [ -6.8213808, 34.0177082 ], [ -6.8211043, 34.0177445 ], [ -6.8209926, 34.0177638 ], [ -6.8208846, 34.0177901 ], [ -6.8207803, 34.0178252 ], [ -6.8206808, 34.0178687 ], [ -6.8205869, 34.0179201 ], [ -6.8204997, 34.017979 ], [ -6.82042, 34.0180448 ], [ -6.8203485, 34.0181169 ], [ -6.820286, 34.0181944 ], [ -6.8202331, 34.0182768 ], [ -6.8201903, 34.018363 ], [ -6.8201581, 34.0184524 ], [ -6.820078, 34.0186878 ], [ -6.8200098, 34.0189439 ], [ -6.8199621, 34.0191433 ], [ -6.8200142, 34.0191558 ], [ -6.8200512, 34.0191812 ], [ -6.8200763, 34.0192152 ], [ -6.8200869, 34.019254 ], [ -6.8200819, 34.0192936 ], [ -6.8200617, 34.0193298 ], [ -6.8199156, 34.0194806 ], [ -6.8198877, 34.0195208 ], [ -6.8198742, 34.0195658 ], [ -6.8198762, 34.0196122 ], [ -6.8199238, 34.0197611 ], [ -6.8199432, 34.01981 ], [ -6.8199548, 34.0198606 ], [ -6.8199584, 34.019912 ], [ -6.8199327, 34.0203382 ], [ -6.8199295, 34.0203735 ], [ -6.8199165, 34.0204072 ], [ -6.8198945, 34.0204375 ], [ -6.8198482, 34.0204753 ], [ -6.8198232, 34.020503 ], [ -6.8198105, 34.0205358 ], [ -6.8198113, 34.0205703 ], [ -6.8198255, 34.0206028 ], [ -6.8198517, 34.0206296 ], [ -6.8199016, 34.0206921 ], [ -6.8199477, 34.0207567 ], [ -6.8199896, 34.0208231 ], [ -6.8200456, 34.0209328 ], [ -6.8200958, 34.0210445 ], [ -6.82014, 34.0211578 ], [ -6.8201521, 34.021177 ], [ -6.820169, 34.0211934 ], [ -6.82019, 34.0212062 ], [ -6.8202514, 34.0212471 ], [ -6.8203025, 34.0212969 ], [ -6.8203507, 34.0213546 ], [ -6.8203819, 34.0214131 ], [ -6.8204125, 34.0214747 ], [ -6.8204348, 34.0215386 ], [ -6.8204487, 34.0216042 ], [ -6.820454, 34.0216707 ], [ -6.820455, 34.0217379 ], [ -6.8204204, 34.0218624 ], [ -6.8204156, 34.021879 ], [ -6.8204139, 34.0218942 ], [ -6.8206353, 34.0226374 ], [ -6.8207516, 34.02306 ], [ -6.8208087, 34.0234341 ], [ -6.8208178, 34.023484 ], [ -6.8208317, 34.0235332 ], [ -6.8208501, 34.0235814 ], [ -6.8209318, 34.0237734 ], [ -6.8209368, 34.0237903 ], [ -6.8209328, 34.023805 ], [ -6.8209177, 34.0238133 ], [ -6.8208998, 34.0238108 ], [ -6.8208889, 34.0237987 ], [ -6.8208835, 34.0237592 ], [ -6.8208721, 34.0237206 ] ] ] ] } },
{ "type": "Feature", "properties": { "full_id": "w1278484101", "osm_id": "1278484101", "osm_type": "way", "leisure": "garden", "opening_date": null, "fee": null, "access": null, "wikimedia_commons": null, "wikidata": null, "barrier": null, "name": null, "landuse": null }, "geometry": { "type": "MultiPolygon", "coordinates": [ [ [ [ -6.819875, 34.0194861 ], [ -6.8200301, 34.0193227 ], [ -6.8200479, 34.0192895 ], [ -6.8200512, 34.0192532 ], [ -6.8200395, 34.0192182 ], [ -6.8200143, 34.0191885 ], [ -6.8199784, 34.0191676 ], [ -6.8199574, 34.019163 ], [ -6.8199428, 34.0192241 ], [ -6.8199168, 34.0193022 ], [ -6.8198806, 34.0193774 ], [ -6.8198344, 34.0194488 ], [ -6.819779, 34.0195155 ], [ -6.8197149, 34.0195767 ], [ -6.8195634, 34.0197034 ], [ -6.8195195, 34.0197439 ], [ -6.819484, 34.0197896 ], [ -6.8194576, 34.0198394 ], [ -6.819441, 34.019892 ], [ -6.8194346, 34.0199462 ], [ -6.8194387, 34.0200005 ], [ -6.819453, 34.0200536 ], [ -6.8194773, 34.0201041 ], [ -6.8197484, 34.0206682 ], [ -6.8197705, 34.0205311 ], [ -6.8197752, 34.0205086 ], [ -6.8197837, 34.020487 ], [ -6.8197958, 34.0204665 ], [ -6.8198184, 34.0204431 ], [ -6.8198572, 34.0204112 ], [ -6.8198749, 34.0203921 ], [ -6.819888, 34.0203706 ], [ -6.819896, 34.0203475 ], [ -6.8198985, 34.0203235 ], [ -6.8199083, 34.0199546 ], [ -6.8199064, 34.019901 ], [ -6.8198994, 34.0198476 ], [ -6.8198874, 34.0197948 ], [ -6.8198405, 34.0196738 ], [ -6.8198318, 34.0196354 ], [ -6.819831, 34.0195963 ], [ -6.8198381, 34.0195577 ], [ -6.8198529, 34.0195206 ], [ -6.819875, 34.0194861 ] ] ] ] } },
{ "type": "Feature", "properties": { "full_id": "w1278484105", "osm_id": "1278484105", "osm_type": "way", "leisure": "garden", "opening_date": null, "fee": null, "access": null, "wikimedia_commons": null, "wikidata": null, "barrier": null, "name": null, "landuse": null }, "geometry": { "type": "MultiPolygon", "coordinates": [ [ [ [ -6.8204259, 34.021728 ], [ -6.8204296, 34.0217556 ], [ -6.820426, 34.0217831 ], [ -6.8204152, 34.0218093 ], [ -6.8203979, 34.021833 ], [ -6.8201793, 34.0212493 ], [ -6.8201809, 34.021239 ], [ -6.8201916, 34.0212336 ], [ -6.8202034, 34.0212369 ], [ -6.8202456, 34.0212739 ], [ -6.8202812, 34.0213155 ], [ -6.8203094, 34.0213607 ], [ -6.8203297, 34.0214088 ], [ -6.8203416, 34.0214588 ], [ -6.8203571, 34.0215273 ], [ -6.8203757, 34.0215952 ], [ -6.8203986, 34.0216622 ], [ -6.8204259, 34.021728 ] ] ] ] } },
{ "type": "Feature", "properties": { "full_id": "w1278484106", "osm_id": "1278484106", "osm_type": "way", "leisure": "garden", "opening_date": null, "fee": null, "access": null, "wikimedia_commons": null, "wikidata": null, "barrier": null, "name": null, "landuse": null }, "geometry": { "type": "MultiPolygon", "coordinates": [ [ [ [ -6.8214536, 34.0240332 ], [ -6.8215534, 34.0242146 ], [ -6.8215775, 34.0242126 ], [ -6.8215938, 34.0242077 ], [ -6.8214947, 34.0240108 ], [ -6.8214722, 34.0240196 ], [ -6.8214536, 34.0240332 ] ] ] ] } },
{ "type": "Feature", "properties": { "full_id": "w1278484107", "osm_id": "1278484107", "osm_type": "way", "leisure": "garden", "opening_date": null, "fee": null, "access": null, "wikimedia_commons": null, "wikidata": null, "barrier": null, "name": null, "landuse": null }, "geometry": { "type": "MultiPolygon", "coordinates": [ [ [ [ -6.8215232, 34.0242247 ], [ -6.8214906, 34.0242325 ], [ -6.8214566, 34.0242324 ], [ -6.8214241, 34.0242245 ], [ -6.8213955, 34.0242093 ], [ -6.8213732, 34.024188 ], [ -6.8213591, 34.0241625 ], [ -6.8213541, 34.0241346 ], [ -6.8213587, 34.0241068 ], [ -6.8213726, 34.0240811 ], [ -6.8213946, 34.0240597 ], [ -6.8214229, 34.0240442 ], [ -6.8215232, 34.0242247 ] ] ] ] } },
{ "type": "Feature", "properties": { "full_id": "w1278484112", "osm_id": "1278484112", "osm_type": "way", "leisure": "garden", "opening_date": null, "fee": null, "access": null, "wikimedia_commons": null, "wikidata": null, "barrier": null, "name": null, "landuse": null }, "geometry": { "type": "MultiPolygon", "coordinates": [ [ [ [ -6.8214456, 34.024538 ], [ -6.8216096, 34.024684 ], [ -6.8216206, 34.0246906 ], [ -6.821633, 34.0246947 ], [ -6.8216465, 34.0246996 ], [ -6.8216609, 34.0247083 ], [ -6.8216687, 34.0247107 ], [ -6.821832, 34.0247348 ], [ -6.8218641, 34.0247366 ], [ -6.8218957, 34.0247311 ], [ -6.8219242, 34.0247188 ], [ -6.8219741, 34.0246831 ], [ -6.8219129, 34.0246373 ], [ -6.8218624, 34.024589 ], [ -6.8217703, 34.0244837 ], [ -6.8216882, 34.0243728 ], [ -6.8216199, 34.0242574 ], [ -6.8215328, 34.0242752 ], [ -6.8214877, 34.0242792 ], [ -6.8214427, 34.0242746 ], [ -6.8214001, 34.0242618 ], [ -6.8213621, 34.0242413 ], [ -6.82133, 34.024216 ], [ -6.8213088, 34.0241838 ], [ -6.8213057, 34.0241559 ], [ -6.8213117, 34.0241213 ], [ -6.8212969, 34.0241206 ], [ -6.8212512, 34.0242053 ], [ -6.8212462, 34.0242262 ], [ -6.8212471, 34.0242475 ], [ -6.8212537, 34.0242682 ], [ -6.8212657, 34.0242871 ], [ -6.8213899, 34.0244363 ], [ -6.8214001, 34.0244524 ], [ -6.8214049, 34.0244691 ], [ -6.8214136, 34.0244939 ], [ -6.8214273, 34.0245171 ], [ -6.8214456, 34.024538 ] ] ] ] } },
{ "type": "Feature", "properties": { "full_id": "w1278484113", "osm_id": "1278484113", "osm_type": "way", "leisure": "garden", "opening_date": null, "fee": null, "access": null, "wikimedia_commons": null, "wikidata": null, "barrier": null, "name": null, "landuse": null }, "geometry": { "type": "MultiPolygon", "coordinates": [ [ [ [ -6.8219582, 34.0248798 ], [ -6.8219715, 34.0248922 ], [ -6.8219859, 34.0249036 ], [ -6.8220014, 34.0249139 ], [ -6.8220664, 34.0249571 ], [ -6.8220745, 34.0249499 ], [ -6.8220483, 34.0249247 ], [ -6.822033, 34.0249009 ], [ -6.8220228, 34.0248752 ], [ -6.8220181, 34.0248485 ], [ -6.8220189, 34.0248215 ], [ -6.8220253, 34.024795 ], [ -6.822037, 34.0247698 ], [ -6.8220632, 34.0247438 ], [ -6.8220059, 34.0247057 ], [ -6.8219397, 34.024756 ], [ -6.8219001, 34.0247706 ], [ -6.8218574, 34.0247772 ], [ -6.8218141, 34.0247753 ], [ -6.8217725, 34.024765 ], [ -6.821735, 34.0247469 ], [ -6.8217947, 34.0247869 ], [ -6.8218142, 34.0247963 ], [ -6.8218349, 34.0248038 ], [ -6.8218565, 34.0248094 ], [ -6.8218814, 34.0248181 ], [ -6.8219052, 34.0248293 ], [ -6.8219262, 34.0248439 ], [ -6.8219437, 34.0248612 ], [ -6.8219582, 34.0248798 ] ] ] ] } },
{ "type": "Feature", "properties": { "full_id": "w1278484114", "osm_id": "1278484114", "osm_type": "way", "leisure": "garden", "opening_date": null, "fee": null, "access": null, "wikimedia_commons": null, "wikidata": null, "barrier": null, "name": null, "landuse": null }, "geometry": { "type": "MultiPolygon", "coordinates": [ [ [ [ -6.8223673, 34.0249956 ], [ -6.8224204, 34.0249884 ], [ -6.8224742, 34.0249865 ], [ -6.8225278, 34.0249898 ], [ -6.8226679, 34.0250154 ], [ -6.822695, 34.0250169 ], [ -6.8227206, 34.0250093 ], [ -6.8227404, 34.024994 ], [ -6.8227521, 34.0249747 ], [ -6.8224429, 34.0248904 ], [ -6.8223299, 34.0249748 ], [ -6.8222917, 34.0249908 ], [ -6.8222502, 34.0249996 ], [ -6.8222074, 34.0250009 ], [ -6.8221653, 34.0249946 ], [ -6.8220951, 34.0249666 ], [ -6.8220917, 34.0249697 ], [ -6.8221466, 34.0250057 ], [ -6.822169, 34.0250168 ], [ -6.8221937, 34.0250238 ], [ -6.8222195, 34.0250264 ], [ -6.8222455, 34.0250246 ], [ -6.8223673, 34.0249956 ] ] ] ] } },
{ "type": "Feature", "properties": { "full_id": "w1278484115", "osm_id": "1278484115", "osm_type": "way", "leisure": "garden", "opening_date": null, "fee": null, "access": null, "wikimedia_commons": null, "wikidata": null, "barrier": null, "name": null, "landuse": null }, "geometry": { "type": "MultiPolygon", "coordinates": [ [ [ [ -6.8227593, 34.02503 ], [ -6.8227944, 34.0249861 ], [ -6.8228742, 34.0250077 ], [ -6.82286, 34.0250337 ], [ -6.8228473, 34.0250488 ], [ -6.8228245, 34.0250678 ], [ -6.8228041, 34.0250931 ], [ -6.8227818, 34.0251339 ], [ -6.822764, 34.0251803 ], [ -6.822747, 34.0252428 ], [ -6.8223784, 34.0251264 ], [ -6.8223365, 34.0251106 ], [ -6.8222963, 34.025092 ], [ -6.8222581, 34.0250708 ], [ -6.8222221, 34.0250465 ], [ -6.8222613, 34.025045 ], [ -6.8223002, 34.0250408 ], [ -6.8223388, 34.0250344 ], [ -6.8223769, 34.0250259 ], [ -6.8224162, 34.0250195 ], [ -6.8224562, 34.0250175 ], [ -6.8224961, 34.0250208 ], [ -6.8225552, 34.0250319 ], [ -6.8226154, 34.0250394 ], [ -6.8226762, 34.0250432 ], [ -6.8227056, 34.0250426 ], [ -6.8227324, 34.0250401 ], [ -6.8227424, 34.0250386 ], [ -6.822752, 34.0250356 ], [ -6.8227593, 34.02503 ] ] ] ] } },
{ "type": "Feature", "properties": { "full_id": "w1278507146", "osm_id": "1278507146", "osm_type": "way", "leisure": "garden", "opening_date": null, "fee": null, "access": null, "wikimedia_commons": null, "wikidata": null, "barrier": null, "name": null, "landuse": null }, "geometry": { "type": "MultiPolygon", "coordinates": [ [ [ [ -6.8472116, 34.0100978 ], [ -6.8476092, 34.0099972 ], [ -6.8471546, 34.0098282 ], [ -6.8471356, 34.0098396 ], [ -6.8472116, 34.0100978 ] ] ] ] } },
{ "type": "Feature", "properties": { "full_id": "w1278507148", "osm_id": "1278507148", "osm_type": "way", "leisure": "garden", "opening_date": null, "fee": null, "access": null, "wikimedia_commons": null, "wikidata": null, "barrier": null, "name": null, "landuse": null }, "geometry": { "type": "MultiPolygon", "coordinates": [ [ [ [ -6.8429583, 34.0111856 ], [ -6.8429475, 34.0111761 ], [ -6.8430102, 34.0110974 ], [ -6.8430778, 34.0110215 ], [ -6.8431502, 34.0109488 ], [ -6.8432271, 34.0108793 ], [ -6.8432335, 34.0108752 ], [ -6.8432416, 34.0108749 ], [ -6.8432484, 34.0108786 ], [ -6.8432513, 34.0108849 ], [ -6.8433358, 34.0110966 ], [ -6.8429583, 34.0111856 ] ] ] ] } },
{ "type": "Feature", "properties": { "full_id": "w1278556667", "osm_id": "1278556667", "osm_type": "way", "leisure": "garden", "opening_date": null, "fee": null, "access": null, "wikimedia_commons": null, "wikidata": null, "barrier": null, "name": null, "landuse": null }, "geometry": { "type": "MultiPolygon", "coordinates": [ [ [ [ -6.8270414, 33.9844961 ], [ -6.8269428, 33.9845199 ], [ -6.8268582, 33.9845451 ], [ -6.8267758, 33.984575 ], [ -6.8266845, 33.984615 ], [ -6.8265971, 33.9846606 ], [ -6.8265143, 33.9847118 ], [ -6.8262836, 33.984902 ], [ -6.8263185, 33.9849409 ], [ -6.826627, 33.9848619 ], [ -6.8266699, 33.9848408 ], [ -6.8267054, 33.9848158 ], [ -6.8267356, 33.9847863 ], [ -6.8269287, 33.9846251 ], [ -6.8270588, 33.9845461 ], [ -6.8270414, 33.9844961 ] ] ] ] } },
{ "type": "Feature", "properties": { "full_id": "w1278707427", "osm_id": "1278707427", "osm_type": "way", "leisure": "garden", "opening_date": null, "fee": null, "access": null, "wikimedia_commons": null, "wikidata": null, "barrier": null, "name": null, "landuse": null }, "geometry": { "type": "MultiPolygon", "coordinates": [ [ [ [ -6.8195741, 34.0214511 ], [ -6.8195918, 34.0214781 ], [ -6.8196033, 34.0215073 ], [ -6.8196081, 34.0215377 ], [ -6.8196138, 34.0216288 ], [ -6.8196152, 34.0216469 ], [ -6.8196215, 34.0216642 ], [ -6.8196326, 34.0216798 ], [ -6.8196793, 34.0217349 ], [ -6.8197016, 34.0217723 ], [ -6.8197165, 34.0218121 ], [ -6.8197237, 34.0218533 ], [ -6.819723, 34.021895 ], [ -6.819728, 34.0219271 ], [ -6.8197386, 34.0219582 ], [ -6.8197509, 34.0219877 ], [ -6.8197595, 34.0220187 ], [ -6.819762, 34.0220504 ], [ -6.8197582, 34.022082 ], [ -6.8197483, 34.0221127 ], [ -6.8197179, 34.0221873 ], [ -6.8197118, 34.0222269 ], [ -6.8197117, 34.022245 ], [ -6.819718, 34.0222624 ], [ -6.8197301, 34.0222774 ], [ -6.8197501, 34.0223096 ], [ -6.8197636, 34.0223439 ], [ -6.8197702, 34.0223797 ], [ -6.8197698, 34.0224158 ], [ -6.8197592, 34.0224609 ], [ -6.8197838, 34.0224623 ], [ -6.8198073, 34.0224688 ], [ -6.8198281, 34.0224798 ], [ -6.819845, 34.0224948 ], [ -6.8198663, 34.0225281 ], [ -6.8198785, 34.0224521 ], [ -6.8198833, 34.0223757 ], [ -6.8198808, 34.0222991 ], [ -6.8198709, 34.022223 ], [ -6.8198089, 34.021922 ], [ -6.8197311, 34.0216169 ], [ -6.8195796, 34.0210074 ], [ -6.8195101, 34.0210441 ], [ -6.819505, 34.0210478 ], [ -6.819502, 34.0210529 ], [ -6.8195015, 34.0210585 ], [ -6.8195105, 34.0210791 ], [ -6.8195122, 34.0210899 ], [ -6.8195105, 34.0211007 ], [ -6.8195055, 34.0211107 ], [ -6.8195019, 34.021116 ], [ -6.819502, 34.0211221 ], [ -6.8195056, 34.0211275 ], [ -6.819529, 34.0211528 ], [ -6.8195423, 34.0211876 ], [ -6.8195473, 34.0212236 ], [ -6.8195467, 34.0212601 ], [ -6.8195399, 34.0212961 ], [ -6.8195192, 34.0213605 ], [ -6.8195179, 34.0213762 ], [ -6.819522, 34.0213916 ], [ -6.819531, 34.0214055 ], [ -6.8195741, 34.0214511 ] ] ] ] } },
{ "type": "Feature", "properties": { "full_id": "w1278707430", "osm_id": "1278707430", "osm_type": "way", "leisure": "garden", "opening_date": null, "fee": null, "access": null, "wikimedia_commons": null, "wikidata": null, "barrier": null, "name": null, "landuse": null }, "geometry": { "type": "MultiPolygon", "coordinates": [ [ [ [ -6.8194239, 34.0210067 ], [ -6.8194008, 34.0208836 ], [ -6.8193522, 34.0208494 ], [ -6.8193531, 34.0208867 ], [ -6.81936, 34.0209235 ], [ -6.8193727, 34.0209593 ], [ -6.819391, 34.0209933 ], [ -6.8194038, 34.0210128 ], [ -6.819412, 34.0210185 ], [ -6.8194221, 34.0210154 ], [ -6.8194239, 34.0210067 ] ] ] ] } },
{ "type": "Feature", "properties": { "full_id": "w1278707438", "osm_id": "1278707438", "osm_type": "way", "leisure": "garden", "opening_date": null, "fee": null, "access": null, "wikimedia_commons": null, "wikidata": null, "barrier": null, "name": null, "landuse": null }, "geometry": { "type": "MultiPolygon", "coordinates": [ [ [ [ -6.8183373, 34.022883 ], [ -6.8183324, 34.0229056 ], [ -6.8183187, 34.0229255 ], [ -6.8182976, 34.0229405 ], [ -6.8182717, 34.0229486 ], [ -6.8182086, 34.0229616 ], [ -6.8181444, 34.0229702 ], [ -6.8180795, 34.0229744 ], [ -6.8180145, 34.0229742 ], [ -6.8179497, 34.0229695 ], [ -6.8166729, 34.0228404 ], [ -6.8166433, 34.0228312 ], [ -6.8166218, 34.0228121 ], [ -6.8166127, 34.022787 ], [ -6.816618, 34.0227612 ], [ -6.8166517, 34.0227656 ], [ -6.8175692, 34.0214522 ], [ -6.8184159, 34.0217302 ], [ -6.8184571, 34.0217482 ], [ -6.8184925, 34.0217731 ], [ -6.8185206, 34.0218038 ], [ -6.8185351, 34.0218276 ], [ -6.8185404, 34.021854 ], [ -6.8183373, 34.022883 ] ] ] ] } },
{ "type": "Feature", "properties": { "full_id": "w1278707440", "osm_id": "1278707440", "osm_type": "way", "leisure": "garden", "opening_date": null, "fee": null, "access": null, "wikimedia_commons": null, "wikidata": null, "barrier": null, "name": null, "landuse": null }, "geometry": { "type": "MultiPolygon", "coordinates": [ [ [ [ -6.8194349, 34.0210233 ], [ -6.8194464, 34.020995 ], [ -6.819451, 34.0209653 ], [ -6.8194487, 34.0209355 ], [ -6.8194394, 34.0209066 ], [ -6.8194236, 34.0208797 ], [ -6.8194018, 34.0208559 ], [ -6.8192194, 34.0207243 ], [ -6.8191961, 34.0207029 ], [ -6.8191792, 34.0206776 ], [ -6.8191697, 34.0206498 ], [ -6.8191681, 34.020621 ], [ -6.8194667, 34.0208366 ], [ -6.8194995, 34.0208675 ], [ -6.8195285, 34.020901 ], [ -6.8195535, 34.0209367 ], [ -6.819574, 34.0209743 ], [ -6.8194868, 34.021022 ], [ -6.8194782, 34.0210243 ], [ -6.8194692, 34.0210256 ], [ -6.8194349, 34.0210233 ] ] ] ] } },
{ "type": "Feature", "properties": { "full_id": "w1278707443", "osm_id": "1278707443", "osm_type": "way", "leisure": "garden", "opening_date": null, "fee": null, "access": null, "wikimedia_commons": null, "wikidata": null, "barrier": null, "name": null, "landuse": null }, "geometry": { "type": "MultiPolygon", "coordinates": [ [ [ [ -6.8199791, 34.0228699 ], [ -6.8199459, 34.0228736 ], [ -6.8199476, 34.0229057 ], [ -6.8199415, 34.022929 ], [ -6.8199258, 34.0229491 ], [ -6.8199026, 34.0229633 ], [ -6.8198732, 34.0229753 ], [ -6.8199052, 34.0230536 ], [ -6.8199192, 34.0230727 ], [ -6.8199405, 34.0230942 ], [ -6.8199735, 34.0231237 ], [ -6.8200009, 34.023157 ], [ -6.820022, 34.0231933 ], [ -6.8200365, 34.0232318 ], [ -6.820044, 34.0232716 ], [ -6.820044, 34.0232989 ], [ -6.8200449, 34.0233046 ], [ -6.8200484, 34.0233104 ], [ -6.820059, 34.02332 ], [ -6.8200877, 34.0233681 ], [ -6.8201071, 34.0234193 ], [ -6.8201167, 34.0234723 ], [ -6.8201163, 34.0235259 ], [ -6.8201059, 34.0235789 ], [ -6.8200994, 34.0236059 ], [ -6.8201003, 34.0236335 ], [ -6.8201086, 34.0236603 ], [ -6.8201186, 34.0236961 ], [ -6.8201249, 34.0237324 ], [ -6.8201277, 34.0237691 ], [ -6.8201267, 34.0238058 ], [ -6.8201289, 34.0238183 ], [ -6.820134, 34.0238264 ], [ -6.8201657, 34.0238491 ], [ -6.8201931, 34.0238754 ], [ -6.8202157, 34.0239046 ], [ -6.8202329, 34.0239363 ], [ -6.8202444, 34.0239697 ], [ -6.8202499, 34.0240041 ], [ -6.8202494, 34.0240388 ], [ -6.8202428, 34.0240731 ], [ -6.8202406, 34.0240843 ], [ -6.8202427, 34.0240955 ], [ -6.8202493, 34.0241054 ], [ -6.8203889, 34.0242538 ], [ -6.820416, 34.0242762 ], [ -6.8204486, 34.0242928 ], [ -6.820485, 34.0243026 ], [ -6.8200968, 34.0230429 ], [ -6.8200742, 34.0229967 ], [ -6.8200469, 34.0229522 ], [ -6.8200151, 34.0229099 ], [ -6.8199791, 34.0228699 ] ] ] ] } },
{ "type": "Feature", "properties": { "full_id": "w1278707446", "osm_id": "1278707446", "osm_type": "way", "leisure": "garden", "opening_date": null, "fee": null, "access": null, "wikimedia_commons": null, "wikidata": null, "barrier": null, "name": null, "landuse": null }, "geometry": { "type": "MultiPolygon", "coordinates": [ [ [ [ -6.8195369, 34.02143 ], [ -6.8195281, 34.0214227 ], [ -6.8195157, 34.0214217 ], [ -6.8195053, 34.0214274 ], [ -6.8195016, 34.0214372 ], [ -6.8195018, 34.0214721 ], [ -6.819507, 34.0215067 ], [ -6.8195172, 34.0215405 ], [ -6.8195322, 34.0215731 ], [ -6.8195518, 34.0216039 ], [ -6.8195593, 34.0216109 ], [ -6.8195694, 34.0216117 ], [ -6.8195795, 34.0216068 ], [ -6.8195825, 34.0215978 ], [ -6.8195832, 34.021563 ], [ -6.8195787, 34.0215283 ], [ -6.8195694, 34.0214943 ], [ -6.8195554, 34.0214614 ], [ -6.8195369, 34.02143 ] ] ] ] } },
{ "type": "Feature", "properties": { "full_id": "w1278707454", "osm_id": "1278707454", "osm_type": "way", "leisure": "garden", "opening_date": null, "fee": null, "access": null, "wikimedia_commons": null, "wikidata": null, "barrier": null, "name": null, "landuse": null }, "geometry": { "type": "MultiPolygon", "coordinates": [ [ [ [ -6.8200881, 34.0235017 ], [ -6.8200787, 34.0235736 ], [ -6.8200765, 34.0235756 ], [ -6.8200671, 34.0235757 ], [ -6.8200647, 34.0235741 ], [ -6.8200371, 34.0235058 ], [ -6.820033, 34.0234737 ], [ -6.8200317, 34.0234415 ], [ -6.8200332, 34.0234092 ], [ -6.8200388, 34.0233704 ], [ -6.8200411, 34.0233671 ], [ -6.8200496, 34.023366 ], [ -6.8200529, 34.0233693 ], [ -6.8200722, 34.0234056 ], [ -6.8200831, 34.0234369 ], [ -6.8200884, 34.0234691 ], [ -6.8200881, 34.0235017 ] ] ] ] } },
{ "type": "Feature", "properties": { "full_id": "w1278707461", "osm_id": "1278707461", "osm_type": "way", "leisure": "garden", "opening_date": null, "fee": null, "access": null, "wikimedia_commons": null, "wikidata": null, "barrier": null, "name": null, "landuse": null }, "geometry": { "type": "MultiPolygon", "coordinates": [ [ [ [ -6.8197137, 34.0219619 ], [ -6.8197108, 34.0219592 ], [ -6.8197043, 34.0219601 ], [ -6.8197009, 34.0219628 ], [ -6.8196775, 34.0220056 ], [ -6.819662, 34.0220509 ], [ -6.8196548, 34.0220975 ], [ -6.8196561, 34.0221446 ], [ -6.8196658, 34.0221909 ], [ -6.8196726, 34.0222 ], [ -6.8196824, 34.0222076 ], [ -6.8196876, 34.0222067 ], [ -6.8196889, 34.0222049 ], [ -6.8196912, 34.0221807 ], [ -6.8196963, 34.0221568 ], [ -6.8197043, 34.0221335 ], [ -6.8197188, 34.0221064 ], [ -6.8197283, 34.0220779 ], [ -6.8197326, 34.0220486 ], [ -6.8197315, 34.022019 ], [ -6.8197252, 34.0219899 ], [ -6.8197137, 34.0219619 ] ] ] ] } },
{ "type": "Feature", "properties": { "full_id": "w1278707467", "osm_id": "1278707467", "osm_type": "way", "leisure": "garden", "opening_date": null, "fee": null, "access": null, "wikimedia_commons": null, "wikidata": null, "barrier": null, "name": null, "landuse": null }, "geometry": { "type": "MultiPolygon", "coordinates": [ [ [ [ -6.8199612, 34.0231861 ], [ -6.819937, 34.0231521 ], [ -6.8199337, 34.02315 ], [ -6.8199228, 34.0231514 ], [ -6.8199208, 34.0231547 ], [ -6.8199217, 34.0231964 ], [ -6.8199252, 34.0232285 ], [ -6.8199332, 34.0232601 ], [ -6.8199449, 34.0232908 ], [ -6.8199812, 34.0233614 ], [ -6.8199843, 34.0233638 ], [ -6.819991, 34.0233631 ], [ -6.8199931, 34.0233607 ], [ -6.819993, 34.0232796 ], [ -6.8199878, 34.0232473 ], [ -6.8199771, 34.0232159 ], [ -6.8199612, 34.0231861 ] ] ] ] } },
{ "type": "Feature", "properties": { "full_id": "w1278707474", "osm_id": "1278707474", "osm_type": "way", "leisure": "garden", "opening_date": null, "fee": null, "access": null, "wikimedia_commons": null, "wikidata": null, "barrier": null, "name": null, "landuse": null }, "geometry": { "type": "MultiPolygon", "coordinates": [ [ [ [ -6.8201253, 34.0238503 ], [ -6.8201311, 34.0238524 ], [ -6.8201752, 34.0238997 ], [ -6.8201952, 34.0239301 ], [ -6.8202088, 34.0239628 ], [ -6.8202156, 34.023997 ], [ -6.820213, 34.0240574 ], [ -6.8202109, 34.0240618 ], [ -6.8202029, 34.0240636 ], [ -6.8201975, 34.0240596 ], [ -6.8201614, 34.0240116 ], [ -6.8201425, 34.0239813 ], [ -6.8201261, 34.0239495 ], [ -6.8201161, 34.0239165 ], [ -6.8201138, 34.0238601 ], [ -6.820117, 34.023852 ], [ -6.8201253, 34.0238503 ] ] ] ] } },
{ "type": "Feature", "properties": { "full_id": "w1278725769", "osm_id": "1278725769", "osm_type": "way", "leisure": "garden", "opening_date": null, "fee": null, "access": null, "wikimedia_commons": null, "wikidata": null, "barrier": null, "name": null, "landuse": null }, "geometry": { "type": "MultiPolygon", "coordinates": [ [ [ [ -6.8637744, 33.9933415 ], [ -6.8638275, 33.9931332 ], [ -6.8639927, 33.9932253 ], [ -6.8638725, 33.9933961 ], [ -6.8637744, 33.9933415 ] ] ] ] } },
{ "type": "Feature", "properties": { "full_id": "w1278725771", "osm_id": "1278725771", "osm_type": "way", "leisure": "garden", "opening_date": null, "fee": null, "access": null, "wikimedia_commons": null, "wikidata": null, "barrier": null, "name": null, "landuse": null }, "geometry": { "type": "MultiPolygon", "coordinates": [ [ [ [ -6.8637102, 33.993041 ], [ -6.8636581, 33.9931275 ], [ -6.8635249, 33.9928721 ], [ -6.8635482, 33.9928718 ], [ -6.8635709, 33.9928763 ], [ -6.8635915, 33.9928854 ], [ -6.8636088, 33.9928984 ], [ -6.8636216, 33.9929145 ], [ -6.8637102, 33.993041 ] ] ] ] } },
{ "type": "Feature", "properties": { "full_id": "w1278725783", "osm_id": "1278725783", "osm_type": "way", "leisure": "garden", "opening_date": null, "fee": null, "access": null, "wikimedia_commons": null, "wikidata": null, "barrier": null, "name": null, "landuse": null }, "geometry": { "type": "MultiPolygon", "coordinates": [ [ [ [ -6.8641377, 33.9926235 ], [ -6.8641437, 33.9926401 ], [ -6.8641529, 33.9926556 ], [ -6.8641651, 33.9926696 ], [ -6.8641745, 33.9926886 ], [ -6.8641786, 33.9927088 ], [ -6.8641772, 33.9927293 ], [ -6.8641703, 33.992749 ], [ -6.8641584, 33.9927669 ], [ -6.8641497, 33.9927827 ], [ -6.8641449, 33.9927997 ], [ -6.8641442, 33.9928171 ], [ -6.8641477, 33.9928342 ], [ -6.8641212, 33.9928457 ], [ -6.864093, 33.9928539 ], [ -6.8640636, 33.9928586 ], [ -6.8640337, 33.9928598 ], [ -6.8640339, 33.9928292 ], [ -6.8640408, 33.9927992 ], [ -6.864054, 33.9927707 ], [ -6.8640733, 33.9927447 ], [ -6.8640838, 33.992728 ], [ -6.8640857, 33.9927083 ], [ -6.864083, 33.9926919 ], [ -6.8640774, 33.9926736 ], [ -6.8640741, 33.9926556 ], [ -6.8640747, 33.9926374 ], [ -6.864088, 33.9926284 ], [ -6.8641037, 33.9926229 ], [ -6.8641208, 33.9926212 ], [ -6.8641377, 33.9926235 ] ] ] ] } },
{ "type": "Feature", "properties": { "full_id": "w1278725785", "osm_id": "1278725785", "osm_type": "way", "leisure": "garden", "opening_date": null, "fee": null, "access": null, "wikimedia_commons": null, "wikidata": null, "barrier": null, "name": null, "landuse": null }, "geometry": { "type": "MultiPolygon", "coordinates": [ [ [ [ -6.8649029, 33.9920281 ], [ -6.865, 33.9921776 ], [ -6.8642635, 33.9932437 ], [ -6.8641072, 33.9931694 ], [ -6.8647298, 33.9922942 ], [ -6.8647451, 33.9922642 ], [ -6.8647527, 33.9922325 ], [ -6.8647525, 33.9922002 ], [ -6.8647444, 33.9921686 ], [ -6.864732, 33.9921438 ], [ -6.864709, 33.9921152 ], [ -6.8649029, 33.9920281 ] ] ] ] } },
{ "type": "Feature", "properties": { "full_id": "w1278725787", "osm_id": "1278725787", "osm_type": "way", "leisure": "garden", "opening_date": null, "fee": null, "access": null, "wikimedia_commons": null, "wikidata": null, "barrier": null, "name": null, "landuse": null }, "geometry": { "type": "MultiPolygon", "coordinates": [ [ [ [ -6.8633017, 33.99428 ], [ -6.8633316, 33.9942557 ], [ -6.8633605, 33.9942292 ], [ -6.8633808, 33.9942023 ], [ -6.863672, 33.9937887 ], [ -6.863761, 33.9938315 ], [ -6.8640465, 33.9934239 ], [ -6.8639586, 33.9933815 ], [ -6.8640351, 33.9932729 ], [ -6.8641919, 33.9933473 ], [ -6.86344, 33.9944358 ], [ -6.8633867, 33.994431 ], [ -6.8633644, 33.9944288 ], [ -6.8633471, 33.9944237 ], [ -6.8633316, 33.9944155 ], [ -6.8633186, 33.9944047 ], [ -6.8633088, 33.9943918 ], [ -6.8633002, 33.9943746 ], [ -6.8632939, 33.9943557 ], [ -6.8632905, 33.9943362 ], [ -6.8632901, 33.9943165 ], [ -6.8632928, 33.9942969 ], [ -6.8633017, 33.99428 ] ] ] ] } },
{ "type": "Feature", "properties": { "full_id": "w1278725788", "osm_id": "1278725788", "osm_type": "way", "leisure": "garden", "opening_date": null, "fee": null, "access": null, "wikimedia_commons": null, "wikidata": null, "barrier": null, "name": null, "landuse": null }, "geometry": { "type": "MultiPolygon", "coordinates": [ [ [ [ -6.8634163, 33.9944701 ], [ -6.8633477, 33.9945693 ], [ -6.8620965, 33.9937832 ], [ -6.8624358, 33.9929718 ], [ -6.8625633, 33.9927058 ], [ -6.8626979, 33.9924421 ], [ -6.8628354, 33.9921804 ], [ -6.8628509, 33.9921584 ], [ -6.8628682, 33.9921386 ], [ -6.8628906, 33.9921226 ], [ -6.8629168, 33.9921113 ], [ -6.8629454, 33.9921053 ], [ -6.8648404, 33.9919319 ], [ -6.86489, 33.9920083 ], [ -6.8646908, 33.9920995 ], [ -6.8646515, 33.9920765 ], [ -6.8646182, 33.992065 ], [ -6.8645772, 33.9920584 ], [ -6.8645358, 33.9920593 ], [ -6.8631893, 33.992287 ], [ -6.8631387, 33.9922946 ], [ -6.8630843, 33.9923117 ], [ -6.8630346, 33.9923367 ], [ -6.8629912, 33.9923688 ], [ -6.8629557, 33.9924069 ], [ -6.8629309, 33.9924469 ], [ -6.8628666, 33.9925691 ], [ -6.8627995, 33.9926876 ], [ -6.8627286, 33.9928045 ], [ -6.8626537, 33.99292 ], [ -6.8623414, 33.9933813 ], [ -6.8623155, 33.9934205 ], [ -6.8622959, 33.9934664 ], [ -6.8622852, 33.9935143 ], [ -6.8622837, 33.993563 ], [ -6.8622912, 33.9936088 ], [ -6.8623077, 33.9936748 ], [ -6.8623334, 33.9937399 ], [ -6.8623679, 33.9938022 ], [ -6.8624106, 33.9938609 ], [ -6.8624611, 33.9939152 ], [ -6.8625186, 33.9939645 ], [ -6.8625812, 33.9940072 ], [ -6.8630187, 33.9942677 ], [ -6.8630509, 33.9942853 ], [ -6.8630905, 33.9942994 ], [ -6.8631325, 33.9943075 ], [ -6.8631715, 33.9943171 ], [ -6.8632156, 33.9943358 ], [ -6.8632307, 33.9943456 ], [ -6.8632432, 33.9943576 ], [ -6.8632526, 33.9943714 ], [ -6.8632586, 33.9943864 ], [ -6.8632679, 33.9944084 ], [ -6.8632828, 33.9944281 ], [ -6.8633026, 33.9944446 ], [ -6.8633263, 33.994457 ], [ -6.8633527, 33.9944648 ], [ -6.8633806, 33.9944676 ], [ -6.8634163, 33.9944701 ] ] ] ] } },
{ "type": "Feature", "properties": { "full_id": "w1278725792", "osm_id": "1278725792", "osm_type": "way", "leisure": "garden", "opening_date": null, "fee": null, "access": null, "wikimedia_commons": null, "wikidata": null, "barrier": null, "name": null, "landuse": null }, "geometry": { "type": "MultiPolygon", "coordinates": [ [ [ [ -6.8640967, 33.9931847 ], [ -6.8642254, 33.9932474 ], [ -6.8641753, 33.9933181 ], [ -6.8640465, 33.9932554 ], [ -6.8640967, 33.9931847 ] ] ] ] } },
{ "type": "Feature", "properties": { "full_id": "w1278725793", "osm_id": "1278725793", "osm_type": "way", "leisure": "garden", "opening_date": null, "fee": null, "access": null, "wikimedia_commons": null, "wikidata": null, "barrier": null, "name": null, "landuse": null }, "geometry": { "type": "MultiPolygon", "coordinates": [ [ [ [ -6.8636489, 33.9928997 ], [ -6.8636301, 33.9928778 ], [ -6.8636052, 33.9928605 ], [ -6.8635758, 33.9928491 ], [ -6.8635439, 33.9928442 ], [ -6.8635115, 33.9928462 ], [ -6.8634913, 33.9928073 ], [ -6.8634978, 33.992798 ], [ -6.863656, 33.9928093 ], [ -6.8636845, 33.9925363 ], [ -6.8635263, 33.9925249 ], [ -6.8635054, 33.9927251 ], [ -6.8634577, 33.9927205 ], [ -6.8632562, 33.9923306 ], [ -6.8645098, 33.9921171 ], [ -6.8645396, 33.9921136 ], [ -6.8645696, 33.9921143 ], [ -6.8645991, 33.9921192 ], [ -6.8646271, 33.9921282 ], [ -6.8645749, 33.9921512 ], [ -6.8645267, 33.9921795 ], [ -6.8644832, 33.9922128 ], [ -6.8644452, 33.9922503 ], [ -6.8644132, 33.9922916 ], [ -6.8643897, 33.9923267 ], [ -6.8643596, 33.9923582 ], [ -6.8643238, 33.9923853 ], [ -6.8642832, 33.9924072 ], [ -6.8642492, 33.9924328 ], [ -6.8642194, 33.9924617 ], [ -6.8641944, 33.9924936 ], [ -6.8641745, 33.9925278 ], [ -6.8641586, 33.992551 ], [ -6.8641393, 33.9925722 ], [ -6.8641203, 33.9925878 ], [ -6.8641126, 33.9925937 ], [ -6.8641029, 33.9925969 ], [ -6.8640924, 33.9925971 ], [ -6.8640825, 33.9925942 ], [ -6.8640745, 33.9925886 ], [ -6.8640695, 33.9925809 ], [ -6.864068, 33.9925723 ], [ -6.8640678, 33.9925304 ], [ -6.8640624, 33.9925136 ], [ -6.8640519, 33.9924985 ], [ -6.864037, 33.9924861 ], [ -6.8640188, 33.9924774 ], [ -6.8639985, 33.992473 ], [ -6.8639774, 33.992473 ], [ -6.8639579, 33.9924801 ], [ -6.8639399, 33.9924934 ], [ -6.8637668, 33.9924825 ], [ -6.8637302, 33.9928796 ], [ -6.8638049, 33.9928838 ], [ -6.8637276, 33.9930122 ], [ -6.8636582, 33.9929176 ], [ -6.8636645, 33.992913 ], [ -6.8636864, 33.9929285 ], [ -6.86371, 33.9929055 ], [ -6.8636881, 33.99289 ], [ -6.8636763, 33.9928826 ], [ -6.8636489, 33.9928997 ] ] ] ] } },
{ "type": "Feature", "properties": { "full_id": "w1278725794", "osm_id": "1278725794", "osm_type": "way", "leisure": "garden", "opening_date": null, "fee": null, "access": null, "wikimedia_commons": null, "wikidata": null, "barrier": null, "name": null, "landuse": null }, "geometry": { "type": "MultiPolygon", "coordinates": [ [ [ [ -6.8636214, 33.9931835 ], [ -6.8635473, 33.9932925 ], [ -6.8635267, 33.9932456 ], [ -6.8635, 33.9932007 ], [ -6.8634677, 33.9931586 ], [ -6.8634307, 33.9931157 ], [ -6.8633846, 33.9930777 ], [ -6.8633327, 33.9930412 ], [ -6.8632754, 33.9930108 ], [ -6.8632139, 33.9929872 ], [ -6.863147, 33.9929733 ], [ -6.8630932, 33.9929695 ], [ -6.8630422, 33.9929815 ], [ -6.862997, 33.9930043 ], [ -6.8629644, 33.9930333 ], [ -6.8627764, 33.9929682 ], [ -6.8627201, 33.9930616 ], [ -6.8629307, 33.9931428 ], [ -6.8629921, 33.9930548 ], [ -6.8630212, 33.9930289 ], [ -6.8630575, 33.9930106 ], [ -6.8630985, 33.993001 ], [ -6.8631411, 33.9930008 ], [ -6.8632001, 33.9930166 ], [ -6.8632571, 33.9930385 ], [ -6.8633101, 33.9930665 ], [ -6.8633581, 33.9931003 ], [ -6.8634001, 33.993139 ], [ -6.8634355, 33.9931821 ], [ -6.8634636, 33.9932287 ], [ -6.8634839, 33.9932781 ], [ -6.8635088, 33.9933456 ], [ -6.8634459, 33.9934323 ], [ -6.863307, 33.9936057 ], [ -6.863159, 33.9937738 ], [ -6.863002, 33.9939363 ], [ -6.8628366, 33.9940928 ], [ -6.8626209, 33.9939645 ], [ -6.8625627, 33.9939248 ], [ -6.8625103, 33.9938799 ], [ -6.8624644, 33.9938304 ], [ -6.8624254, 33.993777 ], [ -6.862394, 33.9937202 ], [ -6.8623706, 33.9936609 ], [ -6.8623553, 33.9935998 ], [ -6.8623489, 33.99356 ], [ -6.86235, 33.9935199 ], [ -6.8623588, 33.9934804 ], [ -6.862375, 33.9934426 ], [ -6.8623982, 33.9934074 ], [ -6.8627107, 33.9929459 ], [ -6.8627863, 33.9928294 ], [ -6.862858, 33.9927111 ], [ -6.8629258, 33.9925913 ], [ -6.8629897, 33.99247 ], [ -6.8630108, 33.992436 ], [ -6.863039, 33.9924057 ], [ -6.8630734, 33.9923802 ], [ -6.8631129, 33.9923603 ], [ -6.8631561, 33.9923467 ], [ -6.8631846, 33.9923425 ], [ -6.8633357, 33.9926224 ], [ -6.8633296, 33.992627 ], [ -6.863302, 33.9926002 ], [ -6.8632598, 33.9925754 ], [ -6.8632134, 33.9925612 ], [ -6.8631684, 33.9925571 ], [ -6.8631187, 33.992563 ], [ -6.8630838, 33.9925742 ], [ -6.8630474, 33.9925939 ], [ -6.8630165, 33.9926208 ], [ -6.8629944, 33.9926519 ], [ -6.8629813, 33.9926867 ], [ -6.8629779, 33.9927228 ], [ -6.8629845, 33.9927584 ], [ -6.8630004, 33.9927918 ], [ -6.8630248, 33.9928213 ], [ -6.8630566, 33.9928456 ], [ -6.8630941, 33.9928634 ], [ -6.8631356, 33.9928739 ], [ -6.8631791, 33.9928763 ], [ -6.8632224, 33.9928706 ], [ -6.8632625, 33.9928571 ], [ -6.8633018, 33.9928335 ], [ -6.8633474, 33.9928095 ], [ -6.8633957, 33.9928269 ], [ -6.8634265, 33.9928461 ], [ -6.8634524, 33.9928698 ], [ -6.8634725, 33.992897 ], [ -6.8636214, 33.9931835 ] ] ] ] } },
{ "type": "Feature", "properties": { "full_id": "w1278725797", "osm_id": "1278725797", "osm_type": "way", "leisure": "garden", "opening_date": null, "fee": null, "access": null, "wikimedia_commons": null, "wikidata": null, "barrier": null, "name": null, "landuse": null }, "geometry": { "type": "MultiPolygon", "coordinates": [ [ [ [ -6.863819, 33.9934654 ], [ -6.8633251, 33.9941744 ], [ -6.8633084, 33.9941966 ], [ -6.8632873, 33.994216 ], [ -6.8632624, 33.994232 ], [ -6.8632344, 33.9942441 ], [ -6.8632043, 33.9942519 ], [ -6.8631731, 33.9942552 ], [ -6.8631416, 33.9942539 ], [ -6.8631109, 33.994248 ], [ -6.8630819, 33.9942377 ], [ -6.8630556, 33.9942233 ], [ -6.8628672, 33.9941111 ], [ -6.8630311, 33.9939565 ], [ -6.8631891, 33.9937929 ], [ -6.8633381, 33.9936236 ], [ -6.863478, 33.9934491 ], [ -6.8636083, 33.9932695 ], [ -6.863732, 33.99308 ], [ -6.8637756, 33.9931043 ], [ -6.863668, 33.9934038 ], [ -6.863819, 33.9934654 ] ] ] ] } },
{ "type": "Feature", "properties": { "full_id": "w1278725798", "osm_id": "1278725798", "osm_type": "way", "leisure": "garden", "opening_date": null, "fee": null, "access": null, "wikimedia_commons": null, "wikidata": null, "barrier": null, "name": null, "landuse": null }, "geometry": { "type": "MultiPolygon", "coordinates": [ [ [ [ -6.8641539, 33.992996 ], [ -6.8640313, 33.9931703 ], [ -6.8638077, 33.9930699 ], [ -6.8637978, 33.9930656 ], [ -6.8637915, 33.9930578 ], [ -6.8637902, 33.9930486 ], [ -6.8637943, 33.9930399 ], [ -6.863847, 33.9929518 ], [ -6.8638565, 33.9929391 ], [ -6.8638607, 33.992926 ], [ -6.8638587, 33.9929126 ], [ -6.8638527, 33.9929009 ], [ -6.863852, 33.9928872 ], [ -6.8639771, 33.992895 ], [ -6.8640141, 33.9928933 ], [ -6.8640505, 33.9928873 ], [ -6.8640854, 33.9928772 ], [ -6.8641323, 33.9928637 ], [ -6.8641536, 33.992857 ], [ -6.8641763, 33.992855 ], [ -6.8641989, 33.9928577 ], [ -6.8642199, 33.9928649 ], [ -6.8642381, 33.9928763 ], [ -6.8642261, 33.9928934 ], [ -6.8641873, 33.9928909 ], [ -6.8641749, 33.9928921 ], [ -6.8641639, 33.992897 ], [ -6.8641558, 33.9929048 ], [ -6.8641303, 33.9929398 ], [ -6.8641232, 33.9929508 ], [ -6.8641217, 33.9929633 ], [ -6.8641261, 33.9929752 ], [ -6.8641356, 33.9929849 ], [ -6.8641539, 33.992996 ] ] ] ] } },
{ "type": "Feature", "properties": { "full_id": "w1278725799", "osm_id": "1278725799", "osm_type": "way", "leisure": "garden", "opening_date": null, "fee": null, "access": null, "wikimedia_commons": null, "wikidata": null, "barrier": null, "name": null, "landuse": null }, "geometry": { "type": "MultiPolygon", "coordinates": [ [ [ [ -6.8642584, 33.9928474 ], [ -6.8646855, 33.992261 ], [ -6.8646961, 33.9922426 ], [ -6.8647015, 33.9922228 ], [ -6.8647014, 33.9922024 ], [ -6.8646959, 33.9921825 ], [ -6.8646852, 33.9921642 ], [ -6.8646638, 33.992143 ], [ -6.8645892, 33.9921703 ], [ -6.8645438, 33.992197 ], [ -6.8645028, 33.9922283 ], [ -6.8644671, 33.9922637 ], [ -6.8644365, 33.9923031 ], [ -6.8644123, 33.9923392 ], [ -6.8643795, 33.9923736 ], [ -6.8643404, 33.9924031 ], [ -6.8642998, 33.9924251 ], [ -6.8642687, 33.9924484 ], [ -6.8642412, 33.9924752 ], [ -6.8642181, 33.9925046 ], [ -6.8641985, 33.9925383 ], [ -6.8641813, 33.9925633 ], [ -6.8641598, 33.992587 ], [ -6.8641535, 33.9925935 ], [ -6.8641501, 33.9926013 ], [ -6.8641504, 33.9926115 ], [ -6.8641558, 33.9926207 ], [ -6.8641812, 33.9926568 ], [ -6.8641944, 33.9926756 ], [ -6.8642008, 33.9926967 ], [ -6.8641999, 33.9927184 ], [ -6.8641919, 33.992739 ], [ -6.8641772, 33.992757 ], [ -6.8641673, 33.992775 ], [ -6.8641634, 33.9927945 ], [ -6.8641643, 33.9928131 ], [ -6.8641651, 33.992822 ], [ -6.8641698, 33.9928301 ], [ -6.8641778, 33.9928362 ], [ -6.864188, 33.9928393 ], [ -6.8642268, 33.9928464 ], [ -6.8642373, 33.9928482 ], [ -6.8642479, 33.9928481 ], [ -6.8642584, 33.9928474 ] ] ] ] } },
{ "type": "Feature", "properties": { "full_id": "w1278732132", "osm_id": "1278732132", "osm_type": "way", "leisure": "garden", "opening_date": null, "fee": null, "access": null, "wikimedia_commons": null, "wikidata": null, "barrier": null, "name": null, "landuse": null }, "geometry": { "type": "MultiPolygon", "coordinates": [ [ [ [ -6.8353385, 34.022627 ], [ -6.8353095, 34.0226064 ], [ -6.8352743, 34.0225942 ], [ -6.8352362, 34.0225918 ], [ -6.835199, 34.0225994 ], [ -6.8349761, 34.0226856 ], [ -6.8349339, 34.0226061 ], [ -6.8351637, 34.0225179 ], [ -6.8352237, 34.0225079 ], [ -6.8352849, 34.0225113 ], [ -6.835343, 34.0225277 ], [ -6.8353939, 34.022556 ], [ -6.835458, 34.0226174 ], [ -6.8353526, 34.0226467 ], [ -6.8353385, 34.022627 ] ] ] ] } },
{ "type": "Feature", "properties": { "full_id": "w1278732133", "osm_id": "1278732133", "osm_type": "way", "leisure": "garden", "opening_date": null, "fee": null, "access": null, "wikimedia_commons": null, "wikidata": null, "barrier": null, "name": null, "landuse": null }, "geometry": { "type": "MultiPolygon", "coordinates": [ [ [ [ -6.8327948, 34.021574 ], [ -6.833027, 34.0215666 ], [ -6.8330677, 34.0215678 ], [ -6.8331082, 34.021564 ], [ -6.8331476, 34.0215554 ], [ -6.8331851, 34.0215421 ], [ -6.8332524, 34.0215128 ], [ -6.8331735, 34.0213923 ], [ -6.8331594, 34.021368 ], [ -6.8331315, 34.0213759 ], [ -6.8331015, 34.0213785 ], [ -6.8330705, 34.0213746 ], [ -6.8330453, 34.0213655 ], [ -6.8330184, 34.0213481 ], [ -6.832999, 34.0213296 ], [ -6.8319197, 34.0219322 ], [ -6.8319151, 34.0219682 ], [ -6.832122, 34.0219491 ], [ -6.8322416, 34.0219449 ], [ -6.832378, 34.0217764 ], [ -6.8324189, 34.0217273 ], [ -6.832468, 34.0216836 ], [ -6.8325242, 34.0216463 ], [ -6.8325864, 34.0216161 ], [ -6.8326531, 34.0215937 ], [ -6.8327231, 34.0215795 ], [ -6.8327948, 34.021574 ] ] ] ] } },
{ "type": "Feature", "properties": { "full_id": "w1278732134", "osm_id": "1278732134", "osm_type": "way", "leisure": "garden", "opening_date": null, "fee": null, "access": null, "wikimedia_commons": null, "wikidata": null, "barrier": null, "name": null, "landuse": null }, "geometry": { "type": "MultiPolygon", "coordinates": [ [ [ [ -6.8328009, 34.0216307 ], [ -6.8327379, 34.0216375 ], [ -6.8326764, 34.0216508 ], [ -6.8326175, 34.0216705 ], [ -6.8325622, 34.0216963 ], [ -6.8325112, 34.0217278 ], [ -6.8324655, 34.0217643 ], [ -6.8324258, 34.0218054 ], [ -6.8323159, 34.0219422 ], [ -6.8323615, 34.0219431 ], [ -6.8324808, 34.0219536 ], [ -6.8325985, 34.0219731 ], [ -6.8327135, 34.0220014 ], [ -6.8328249, 34.0220383 ], [ -6.8330023, 34.022112 ], [ -6.8330327, 34.0221177 ], [ -6.8330637, 34.0221202 ], [ -6.8330948, 34.0221194 ], [ -6.8331255, 34.0221153 ], [ -6.8331541, 34.022106 ], [ -6.8332781, 34.0220531 ], [ -6.8332032, 34.0219232 ], [ -6.833195, 34.0218975 ], [ -6.8331972, 34.0218709 ], [ -6.8332096, 34.0218463 ], [ -6.8332308, 34.0218262 ], [ -6.8332586, 34.0218129 ], [ -6.8332901, 34.0218076 ], [ -6.833322, 34.021811 ], [ -6.8333509, 34.0218226 ], [ -6.8333738, 34.0218413 ], [ -6.8334628, 34.0219899 ], [ -6.8335116, 34.0219701 ], [ -6.8332822, 34.0215621 ], [ -6.8332037, 34.0215932 ], [ -6.8331624, 34.0216086 ], [ -6.8331188, 34.0216188 ], [ -6.833074, 34.0216235 ], [ -6.8330287, 34.0216228 ], [ -6.8328009, 34.0216307 ] ] ] ] } },
{ "type": "Feature", "properties": { "full_id": "w1278732137", "osm_id": "1278732137", "osm_type": "way", "leisure": "garden", "opening_date": null, "fee": null, "access": null, "wikimedia_commons": null, "wikidata": null, "barrier": null, "name": null, "landuse": null }, "geometry": { "type": "MultiPolygon", "coordinates": [ [ [ [ -6.8339365, 34.0216664 ], [ -6.8340445, 34.0218465 ], [ -6.8342548, 34.0217971 ], [ -6.8345415, 34.0217608 ], [ -6.8345288, 34.0214813 ], [ -6.8344665, 34.021461 ], [ -6.8344265, 34.0214423 ], [ -6.8343914, 34.0214178 ], [ -6.8343622, 34.0213884 ], [ -6.8343401, 34.0213551 ], [ -6.8341979, 34.0211332 ], [ -6.8341678, 34.0210969 ], [ -6.8341266, 34.021069 ], [ -6.8340776, 34.0210518 ], [ -6.8340248, 34.0210467 ], [ -6.8339723, 34.0210541 ], [ -6.8339245, 34.0210734 ], [ -6.8338851, 34.021103 ], [ -6.8338573, 34.0211406 ], [ -6.8338434, 34.0211831 ], [ -6.8338444, 34.0212272 ], [ -6.8338602, 34.0212693 ], [ -6.8339062, 34.0213192 ], [ -6.8339181, 34.0213369 ], [ -6.8339205, 34.0213576 ], [ -6.8339119, 34.021377 ], [ -6.833894, 34.0213915 ], [ -6.8338703, 34.0213981 ], [ -6.8338455, 34.0213957 ], [ -6.8338244, 34.0213846 ], [ -6.8338111, 34.021367 ], [ -6.8337905, 34.0212865 ], [ -6.8337827, 34.021226 ], [ -6.8337867, 34.0211751 ], [ -6.833802, 34.0211194 ], [ -6.833836, 34.0210635 ], [ -6.8338905, 34.0210207 ], [ -6.8339494, 34.0209965 ], [ -6.8340131, 34.0209815 ], [ -6.8341006, 34.02097 ], [ -6.8340781, 34.0207914 ], [ -6.8340918, 34.0207752 ], [ -6.8341093, 34.0207618 ], [ -6.8341299, 34.0207519 ], [ -6.8341526, 34.0207459 ], [ -6.8341763, 34.0207441 ], [ -6.8341999, 34.0207466 ], [ -6.8342218, 34.0207526 ], [ -6.8342492, 34.020762 ], [ -6.8344231, 34.0207089 ], [ -6.8345624, 34.02049 ], [ -6.8346396, 34.0204467 ], [ -6.8346837, 34.0204488 ], [ -6.8347002, 34.0203922 ], [ -6.8346812, 34.0203903 ], [ -6.8334956, 34.0210523 ], [ -6.8335033, 34.0210888 ], [ -6.8335069, 34.0211217 ], [ -6.8335028, 34.0211545 ], [ -6.8334914, 34.021186 ], [ -6.8334729, 34.0212153 ], [ -6.833448, 34.021241 ], [ -6.8334139, 34.0212643 ], [ -6.8334319, 34.0212952 ], [ -6.8337974, 34.0219309 ], [ -6.8338532, 34.021911 ], [ -6.8337613, 34.0217574 ], [ -6.8337474, 34.0217325 ], [ -6.8337437, 34.0217053 ], [ -6.8337505, 34.0216785 ], [ -6.8337672, 34.0216548 ], [ -6.8337921, 34.0216367 ], [ -6.8338226, 34.0216261 ], [ -6.8338555, 34.0216239 ], [ -6.8338876, 34.0216305 ], [ -6.8339156, 34.0216452 ], [ -6.8339365, 34.0216664 ] ] ] ] } },
{ "type": "Feature", "properties": { "full_id": "w1278732138", "osm_id": "1278732138", "osm_type": "way", "leisure": "garden", "opening_date": null, "fee": null, "access": null, "wikimedia_commons": null, "wikidata": null, "barrier": null, "name": null, "landuse": null }, "geometry": { "type": "MultiPolygon", "coordinates": [ [ [ [ -6.8338459, 34.0217345 ], [ -6.8337992, 34.0217543 ], [ -6.8338846, 34.0218925 ], [ -6.8339314, 34.0218726 ], [ -6.8338459, 34.0217345 ] ] ] ] } },
{ "type": "Feature", "properties": { "full_id": "w1278732145", "osm_id": "1278732145", "osm_type": "way", "leisure": "garden", "opening_date": null, "fee": null, "access": null, "wikimedia_commons": null, "wikidata": null, "barrier": null, "name": null, "landuse": null }, "geometry": { "type": "MultiPolygon", "coordinates": [ [ [ [ -6.8342723, 34.0210954 ], [ -6.8343585, 34.0212275 ], [ -6.8345321, 34.0211562 ], [ -6.8343837, 34.0208595 ], [ -6.8344376, 34.0207668 ], [ -6.8344345, 34.0207311 ], [ -6.8343028, 34.0207728 ], [ -6.8343394, 34.0209334 ], [ -6.8343442, 34.0209684 ], [ -6.8343405, 34.0210046 ], [ -6.8343267, 34.0210391 ], [ -6.8343035, 34.0210699 ], [ -6.8342723, 34.0210954 ] ] ] ] } },
{ "type": "Feature", "properties": { "full_id": "w1278732146", "osm_id": "1278732146", "osm_type": "way", "leisure": "garden", "opening_date": null, "fee": null, "access": null, "wikimedia_commons": null, "wikidata": null, "barrier": null, "name": null, "landuse": null }, "geometry": { "type": "MultiPolygon", "coordinates": [ [ [ [ -6.8342276, 34.0207903 ], [ -6.8342671, 34.0207852 ], [ -6.8342957, 34.0209358 ], [ -6.8342562, 34.020941 ], [ -6.8342276, 34.0207903 ] ] ] ] } },
{ "type": "Feature", "properties": { "full_id": "w1278732147", "osm_id": "1278732147", "osm_type": "way", "leisure": "garden", "opening_date": null, "fee": null, "access": null, "wikimedia_commons": null, "wikidata": null, "barrier": null, "name": null, "landuse": null }, "geometry": { "type": "MultiPolygon", "coordinates": [ [ [ [ -6.8341706, 34.0207962 ], [ -6.8342102, 34.0207911 ], [ -6.8342388, 34.0209417 ], [ -6.8341993, 34.0209469 ], [ -6.8341706, 34.0207962 ] ] ] ] } },
{ "type": "Feature", "properties": { "full_id": "w1278732148", "osm_id": "1278732148", "osm_type": "way", "leisure": "garden", "opening_date": null, "fee": null, "access": null, "wikimedia_commons": null, "wikidata": null, "barrier": null, "name": null, "landuse": null }, "geometry": { "type": "MultiPolygon", "coordinates": [ [ [ [ -6.8341097, 34.0208009 ], [ -6.8341493, 34.0207957 ], [ -6.8341779, 34.0209464 ], [ -6.8341384, 34.0209515 ], [ -6.8341097, 34.0208009 ] ] ] ] } },
{ "type": "Feature", "properties": { "full_id": "w1278732152", "osm_id": "1278732152", "osm_type": "way", "leisure": "garden", "opening_date": null, "fee": null, "access": null, "wikimedia_commons": null, "wikidata": null, "barrier": null, "name": null, "landuse": null }, "geometry": { "type": "MultiPolygon", "coordinates": [ [ [ [ -6.8349881, 34.0218678 ], [ -6.8350122, 34.021877 ], [ -6.8350767, 34.0219082 ], [ -6.8351364, 34.0219453 ], [ -6.8351905, 34.0219879 ], [ -6.8352117, 34.0220089 ], [ -6.8352189, 34.0220144 ], [ -6.8352286, 34.0220157 ], [ -6.8352376, 34.0220126 ], [ -6.8352431, 34.0220059 ], [ -6.8352435, 34.0219978 ], [ -6.8352386, 34.0219908 ], [ -6.8352193, 34.0219711 ], [ -6.8351622, 34.021926 ], [ -6.8350979, 34.0218888 ], [ -6.8350293, 34.0218549 ], [ -6.8349973, 34.021842 ], [ -6.8349896, 34.0218408 ], [ -6.8349821, 34.0218428 ], [ -6.8349766, 34.0218475 ], [ -6.8349743, 34.0218537 ], [ -6.8349758, 34.0218602 ], [ -6.8349808, 34.0218652 ], [ -6.8349881, 34.0218678 ] ] ] ] } },
{ "type": "Feature", "properties": { "full_id": "w1278732153", "osm_id": "1278732153", "osm_type": "way", "leisure": "garden", "opening_date": null, "fee": null, "access": null, "wikimedia_commons": null, "wikidata": null, "barrier": null, "name": null, "landuse": null }, "geometry": { "type": "MultiPolygon", "coordinates": [ [ [ [ -6.8349198, 34.021817 ], [ -6.8348534, 34.0218042 ], [ -6.8347839, 34.0217974 ], [ -6.8347176, 34.0217932 ], [ -6.8346541, 34.0217904 ], [ -6.8346407, 34.0217903 ], [ -6.8346312, 34.0217932 ], [ -6.834625, 34.0218014 ], [ -6.8346254, 34.0218111 ], [ -6.8346323, 34.0218189 ], [ -6.8346433, 34.0218222 ], [ -6.8346538, 34.021822 ], [ -6.8347149, 34.0218202 ], [ -6.8347799, 34.0218222 ], [ -6.8348445, 34.021829 ], [ -6.8349081, 34.0218416 ], [ -6.8349158, 34.0218429 ], [ -6.834924, 34.021842 ], [ -6.8349306, 34.0218378 ], [ -6.8349337, 34.0218314 ], [ -6.8349326, 34.0218246 ], [ -6.8349276, 34.0218192 ], [ -6.8349198, 34.021817 ] ] ] ] } },
{ "type": "Feature", "properties": { "full_id": "w1278732155", "osm_id": "1278732155", "osm_type": "way", "leisure": "garden", "opening_date": null, "fee": null, "access": null, "wikimedia_commons": null, "wikidata": null, "barrier": null, "name": null, "landuse": null }, "geometry": { "type": "MultiPolygon", "coordinates": [ [ [ [ -6.832952, 34.0226707 ], [ -6.8329169, 34.022407 ], [ -6.8328451, 34.022385 ], [ -6.8328177, 34.0223801 ], [ -6.8327899, 34.0223775 ], [ -6.832762, 34.0223773 ], [ -6.8327341, 34.0223793 ], [ -6.832662, 34.0223918 ], [ -6.8328942, 34.0227086 ], [ -6.832952, 34.0226707 ] ] ] ] } },
{ "type": "Feature", "properties": { "full_id": "w1278732157", "osm_id": "1278732157", "osm_type": "way", "leisure": "garden", "opening_date": null, "fee": null, "access": null, "wikimedia_commons": null, "wikidata": null, "barrier": null, "name": null, "landuse": null }, "geometry": { "type": "MultiPolygon", "coordinates": [ [ [ [ -6.8328754, 34.0221456 ], [ -6.8327756, 34.0221056 ], [ -6.832672, 34.022073 ], [ -6.8325654, 34.022048 ], [ -6.8324565, 34.0220309 ], [ -6.8323462, 34.0220217 ], [ -6.8322408, 34.0220211 ], [ -6.8321284, 34.0220274 ], [ -6.8319902, 34.0220405 ], [ -6.8319777, 34.022042 ], [ -6.8319658, 34.0220386 ], [ -6.8319572, 34.022031 ], [ -6.8319538, 34.022021 ], [ -6.8319563, 34.0220108 ], [ -6.8319643, 34.0220027 ], [ -6.8319764, 34.0220009 ], [ -6.8319884, 34.0219994 ], [ -6.8321205, 34.0219931 ], [ -6.8322431, 34.0219875 ], [ -6.8323478, 34.0219889 ], [ -6.832462, 34.0219985 ], [ -6.8325748, 34.0220163 ], [ -6.8326852, 34.0220422 ], [ -6.8327926, 34.0220759 ], [ -6.832896, 34.0221172 ], [ -6.8329469, 34.0221375 ], [ -6.8329565, 34.0221433 ], [ -6.8329614, 34.0221523 ], [ -6.8329602, 34.0221622 ], [ -6.8329531, 34.0221702 ], [ -6.8329422, 34.0221742 ], [ -6.8329304, 34.0221732 ], [ -6.8329207, 34.0221674 ], [ -6.8328754, 34.0221456 ] ] ] ] } },
{ "type": "Feature", "properties": { "full_id": "w1278732164", "osm_id": "1278732164", "osm_type": "way", "leisure": "garden", "opening_date": null, "fee": null, "access": null, "wikimedia_commons": null, "wikidata": null, "barrier": null, "name": null, "landuse": null }, "geometry": { "type": "MultiPolygon", "coordinates": [ [ [ [ -6.8349111, 34.0205454 ], [ -6.8347221, 34.0204578 ], [ -6.83474, 34.0203965 ], [ -6.8348149, 34.0204045 ], [ -6.8349591, 34.0205506 ], [ -6.8349536, 34.0205797 ], [ -6.8350623, 34.0206767 ], [ -6.8351305, 34.020773 ], [ -6.8351002, 34.0208113 ], [ -6.8349828, 34.0207583 ], [ -6.8350468, 34.0206808 ], [ -6.8348824, 34.0205828 ], [ -6.8349111, 34.0205454 ] ] ] ] } },
{ "type": "Feature", "properties": { "full_id": "w1278732165", "osm_id": "1278732165", "osm_type": "way", "leisure": "garden", "opening_date": null, "fee": null, "access": null, "wikimedia_commons": null, "wikidata": null, "barrier": null, "name": null, "landuse": null }, "geometry": { "type": "MultiPolygon", "coordinates": [ [ [ [ -6.8350551, 34.0208682 ], [ -6.8349401, 34.0208164 ], [ -6.8347673, 34.0209959 ], [ -6.8347811, 34.0210195 ], [ -6.8350132, 34.020921 ], [ -6.8350551, 34.0208682 ] ] ] ] } },
{ "type": "Feature", "properties": { "full_id": "w1278732166", "osm_id": "1278732166", "osm_type": "way", "leisure": "garden", "opening_date": null, "fee": null, "access": null, "wikimedia_commons": null, "wikidata": null, "barrier": null, "name": null, "landuse": null }, "geometry": { "type": "MultiPolygon", "coordinates": [ [ [ [ -6.8362525, 34.0223561 ], [ -6.8361794, 34.0223332 ], [ -6.8360865, 34.022294 ], [ -6.8359966, 34.0222503 ], [ -6.83591, 34.0222023 ], [ -6.8353768, 34.0218743 ], [ -6.8352665, 34.0218013 ], [ -6.8351502, 34.0217292 ], [ -6.8350393, 34.0216541 ], [ -6.8349332, 34.0215697 ], [ -6.8348423, 34.0214874 ], [ -6.8347765, 34.0215042 ], [ -6.8347286, 34.0215117 ], [ -6.8346799, 34.021512 ], [ -6.8346319, 34.0215052 ], [ -6.8345861, 34.0214926 ], [ -6.8345925, 34.0217501 ], [ -6.8346736, 34.0217459 ], [ -6.8347549, 34.0217484 ], [ -6.8348354, 34.0217577 ], [ -6.8349144, 34.0217736 ], [ -6.834991, 34.0217961 ], [ -6.8350645, 34.0218249 ], [ -6.8351342, 34.0218596 ], [ -6.8351993, 34.0219 ], [ -6.8352591, 34.0219456 ], [ -6.8353131, 34.021996 ], [ -6.835517, 34.0222344 ], [ -6.8355374, 34.0222571 ], [ -6.8355642, 34.0222816 ], [ -6.8355979, 34.0223053 ], [ -6.8356273, 34.0223243 ], [ -6.8357573, 34.0224065 ], [ -6.835787, 34.0224243 ], [ -6.8358198, 34.022438 ], [ -6.8358548, 34.0224471 ], [ -6.8358911, 34.0224515 ], [ -6.8362175, 34.0224619 ], [ -6.8362518, 34.0224622 ], [ -6.8362817, 34.0224481 ], [ -6.8362991, 34.0224236 ], [ -6.8362993, 34.0223951 ], [ -6.8362822, 34.0223704 ], [ -6.8362525, 34.0223561 ] ] ] ] } },
{ "type": "Feature", "properties": { "full_id": "w1278732169", "osm_id": "1278732169", "osm_type": "way", "leisure": "garden", "opening_date": null, "fee": null, "access": null, "wikimedia_commons": null, "wikidata": null, "barrier": null, "name": null, "landuse": null }, "geometry": { "type": "MultiPolygon", "coordinates": [ [ [ [ -6.8333131, 34.0214873 ], [ -6.8334319, 34.021439 ], [ -6.8333452, 34.0212924 ], [ -6.8332263, 34.0213407 ], [ -6.8333131, 34.0214873 ] ] ] ] } },
{ "type": "Feature", "properties": { "full_id": "w1278732170", "osm_id": "1278732170", "osm_type": "way", "leisure": "garden", "opening_date": null, "fee": null, "access": null, "wikimedia_commons": null, "wikidata": null, "barrier": null, "name": null, "landuse": null }, "geometry": { "type": "MultiPolygon", "coordinates": [ [ [ [ -6.8335458, 34.0216431 ], [ -6.8334306, 34.0216891 ], [ -6.8334081, 34.0216505 ], [ -6.8333633, 34.0216684 ], [ -6.8335023, 34.0219074 ], [ -6.833547, 34.0218896 ], [ -6.833523, 34.0218484 ], [ -6.833636, 34.0218033 ], [ -6.833661, 34.0218463 ], [ -6.8337029, 34.0218296 ], [ -6.8335623, 34.0215877 ], [ -6.8335227, 34.0216035 ], [ -6.8335458, 34.0216431 ] ] ] ] } },
{ "type": "Feature", "properties": { "full_id": "w1278732172", "osm_id": "1278732172", "osm_type": "way", "leisure": "garden", "opening_date": null, "fee": null, "access": null, "wikimedia_commons": null, "wikidata": null, "barrier": null, "name": null, "landuse": null }, "geometry": { "type": "MultiPolygon", "coordinates": [ [ [ [ -6.8350495, 34.022007 ], [ -6.8350555, 34.0220122 ], [ -6.835073, 34.0219986 ], [ -6.8350804, 34.0219858 ], [ -6.8350791, 34.0219717 ], [ -6.8350694, 34.0219599 ], [ -6.8350504, 34.0219468 ], [ -6.8349988, 34.0219195 ], [ -6.8349308, 34.0218935 ], [ -6.8348616, 34.0218793 ], [ -6.8347922, 34.021869 ], [ -6.8347264, 34.021864 ], [ -6.8346615, 34.0218645 ], [ -6.8346039, 34.0218655 ], [ -6.8346076, 34.0218972 ], [ -6.8346087, 34.0219241 ], [ -6.8346084, 34.0223535 ], [ -6.8346855, 34.0223811 ], [ -6.8345584, 34.0226105 ], [ -6.8350759, 34.0224192 ], [ -6.8349304, 34.0222738 ], [ -6.8349213, 34.0222961 ], [ -6.8349023, 34.0223172 ], [ -6.8348748, 34.0223304 ], [ -6.8348432, 34.0223334 ], [ -6.8348127, 34.0223259 ], [ -6.8347883, 34.0223091 ], [ -6.8347739, 34.0222856 ], [ -6.8347748, 34.0222617 ], [ -6.8347826, 34.0222344 ], [ -6.8348195, 34.0221309 ], [ -6.8348282, 34.0221175 ], [ -6.8348421, 34.0221074 ], [ -6.8348594, 34.0221021 ], [ -6.8348779, 34.0221022 ], [ -6.8348951, 34.0221077 ], [ -6.8349053, 34.0221075 ], [ -6.834917, 34.0221007 ], [ -6.8349243, 34.0220851 ], [ -6.8349218, 34.0220677 ], [ -6.8349118, 34.0220522 ], [ -6.8349469, 34.0220168 ], [ -6.8349511, 34.0220104 ], [ -6.8349496, 34.0220033 ], [ -6.8349431, 34.0219986 ], [ -6.8349344, 34.0219982 ], [ -6.8349273, 34.0220025 ], [ -6.8348958, 34.0220353 ], [ -6.8348838, 34.0220217 ], [ -6.8348655, 34.0220141 ], [ -6.8348451, 34.0220142 ], [ -6.8348271, 34.0220221 ], [ -6.8348153, 34.0220359 ], [ -6.8348028, 34.0220481 ], [ -6.8347857, 34.022055 ], [ -6.8347668, 34.0220543 ], [ -6.8347505, 34.0220463 ], [ -6.8347406, 34.0220329 ], [ -6.8347396, 34.0220173 ], [ -6.8347553, 34.0219352 ], [ -6.8347623, 34.0219231 ], [ -6.8347754, 34.0219154 ], [ -6.8347915, 34.0219139 ], [ -6.8348063, 34.021919 ], [ -6.8348164, 34.0219295 ], [ -6.8348231, 34.0219457 ], [ -6.8348352, 34.0219596 ], [ -6.8348523, 34.0219694 ], [ -6.8348708, 34.0219736 ], [ -6.8348937, 34.0219752 ], [ -6.8349612, 34.0219754 ], [ -6.8349863, 34.0219759 ], [ -6.8350103, 34.0219817 ], [ -6.8350319, 34.0219922 ], [ -6.8350495, 34.022007 ] ] ] ] } },
{ "type": "Feature", "properties": { "full_id": "w1278732173", "osm_id": "1278732173", "osm_type": "way", "leisure": "garden", "opening_date": null, "fee": null, "access": null, "wikimedia_commons": null, "wikidata": null, "barrier": null, "name": null, "landuse": null }, "geometry": { "type": "MultiPolygon", "coordinates": [ [ [ [ -6.833979, 34.0226734 ], [ -6.8341324, 34.0226917 ], [ -6.8343245, 34.0223227 ], [ -6.8341747, 34.0222728 ], [ -6.8338319, 34.0224232 ], [ -6.833979, 34.0226734 ] ] ] ] } },
{ "type": "Feature", "properties": { "full_id": "w1278732175", "osm_id": "1278732175", "osm_type": "way", "leisure": "garden", "opening_date": null, "fee": null, "access": null, "wikimedia_commons": null, "wikidata": null, "barrier": null, "name": null, "landuse": null }, "geometry": { "type": "MultiPolygon", "coordinates": [ [ [ [ -6.8330012, 34.022658 ], [ -6.8330525, 34.0226531 ], [ -6.8331039, 34.0226561 ], [ -6.8331538, 34.0226668 ], [ -6.8332005, 34.022685 ], [ -6.8332423, 34.02271 ], [ -6.8332778, 34.022741 ], [ -6.8334144, 34.0228645 ], [ -6.8335619, 34.0225136 ], [ -6.8334757, 34.0225418 ], [ -6.8334015, 34.0224179 ], [ -6.8333361, 34.0224455 ], [ -6.8331766, 34.0221638 ], [ -6.8330355, 34.0222054 ], [ -6.833014, 34.0222113 ], [ -6.8329969, 34.0222236 ], [ -6.8329869, 34.0222404 ], [ -6.8329856, 34.0222592 ], [ -6.8329931, 34.0222768 ], [ -6.8330417, 34.0223355 ], [ -6.8330527, 34.0223517 ], [ -6.8330552, 34.0223702 ], [ -6.8330489, 34.0223881 ], [ -6.8330347, 34.0224025 ], [ -6.8330149, 34.0224112 ], [ -6.8329926, 34.022413 ], [ -6.8329716, 34.0224121 ], [ -6.8330012, 34.022658 ] ] ] ] } },
{ "type": "Feature", "properties": { "full_id": "w1278732176", "osm_id": "1278732176", "osm_type": "way", "leisure": "garden", "opening_date": null, "fee": null, "access": null, "wikimedia_commons": null, "wikidata": null, "barrier": null, "name": null, "landuse": null }, "geometry": { "type": "MultiPolygon", "coordinates": [ [ [ [ -6.8329013, 34.0227956 ], [ -6.8329969, 34.0227494 ], [ -6.8330413, 34.0227392 ], [ -6.8330873, 34.022737 ], [ -6.8331328, 34.0227428 ], [ -6.8331758, 34.0227565 ], [ -6.8332144, 34.0227774 ], [ -6.8332468, 34.0228045 ], [ -6.8333283, 34.0228923 ], [ -6.8333589, 34.0229286 ], [ -6.8334013, 34.0229556 ], [ -6.8334515, 34.0229709 ], [ -6.8335049, 34.0229729 ], [ -6.8337855, 34.0229867 ], [ -6.8339003, 34.0229825 ], [ -6.8340287, 34.0229586 ], [ -6.8343713, 34.0228436 ], [ -6.8343556, 34.0229114 ], [ -6.8343643, 34.0229801 ], [ -6.8343968, 34.0230437 ], [ -6.8344503, 34.0230967 ], [ -6.83452, 34.0231345 ], [ -6.8345999, 34.0231539 ], [ -6.8346833, 34.0231531 ], [ -6.8347627, 34.0231323 ], [ -6.8354015, 34.0229042 ], [ -6.8354528, 34.0228705 ], [ -6.835489, 34.0228287 ], [ -6.8356135, 34.0227895 ], [ -6.835618, 34.0227993 ], [ -6.8357127, 34.0227695 ], [ -6.8356935, 34.0227275 ], [ -6.8355981, 34.0227557 ], [ -6.8355124, 34.0227823 ], [ -6.8355335, 34.0227454 ], [ -6.8355418, 34.0226863 ], [ -6.8355292, 34.0226225 ], [ -6.8354945, 34.0225666 ], [ -6.8354437, 34.0225179 ], [ -6.8353767, 34.0224843 ], [ -6.8352952, 34.0224602 ], [ -6.8352236, 34.022444 ], [ -6.8351764, 34.0224286 ], [ -6.8351388, 34.0224105 ], [ -6.8350182, 34.0223021 ], [ -6.8350059, 34.0222909 ], [ -6.8349981, 34.0222773 ], [ -6.8349956, 34.0222623 ], [ -6.8349986, 34.0222473 ], [ -6.8350068, 34.0222338 ], [ -6.8351507, 34.0220175 ], [ -6.8352242, 34.0220867 ], [ -6.8353582, 34.0222591 ], [ -6.83539, 34.0223044 ], [ -6.8354136, 34.0223362 ], [ -6.8354415, 34.0223654 ], [ -6.8354733, 34.0223919 ], [ -6.8355085, 34.0224151 ], [ -6.8356733, 34.0225248 ], [ -6.8357197, 34.0225502 ], [ -6.835771, 34.0225679 ], [ -6.8358254, 34.0225772 ], [ -6.8358809, 34.0225797 ], [ -6.8363769, 34.0225925 ], [ -6.8363774, 34.022626 ], [ -6.8341454, 34.0234181 ], [ -6.8339546, 34.0230645 ], [ -6.8333531, 34.0232821 ], [ -6.8331548, 34.0228574 ], [ -6.832987, 34.0229001 ], [ -6.8329013, 34.0227956 ] ] ] ] } },
{ "type": "Feature", "properties": { "full_id": "w1278732177", "osm_id": "1278732177", "osm_type": "way", "leisure": "garden", "opening_date": null, "fee": null, "access": null, "wikimedia_commons": null, "wikidata": null, "barrier": null, "name": null, "landuse": null }, "geometry": { "type": "MultiPolygon", "coordinates": [ [ [ [ -6.8342813, 34.0228022 ], [ -6.8340109, 34.0228916 ], [ -6.8339047, 34.0229103 ], [ -6.8337899, 34.0229139 ], [ -6.8334722, 34.0228898 ], [ -6.8336335, 34.0224982 ], [ -6.8337675, 34.0224486 ], [ -6.8339275, 34.0227283 ], [ -6.8342813, 34.0228022 ] ] ] ] } },
{ "type": "Feature", "properties": { "full_id": "w1278732178", "osm_id": "1278732178", "osm_type": "way", "leisure": "garden", "opening_date": null, "fee": null, "access": null, "wikimedia_commons": null, "wikidata": null, "barrier": null, "name": null, "landuse": null }, "geometry": { "type": "MultiPolygon", "coordinates": [ [ [ [ -6.8343357, 34.0227321 ], [ -6.8341709, 34.0227 ], [ -6.8343649, 34.0223358 ], [ -6.8346097, 34.0224169 ], [ -6.8344912, 34.0226438 ], [ -6.8343357, 34.0227321 ] ] ] ] } },
{ "type": "Feature", "properties": { "full_id": "w1278732179", "osm_id": "1278732179", "osm_type": "way", "leisure": "garden", "opening_date": null, "fee": null, "access": null, "wikimedia_commons": null, "wikidata": null, "barrier": null, "name": null, "landuse": null }, "geometry": { "type": "MultiPolygon", "coordinates": [ [ [ [ -6.8345613, 34.0219252 ], [ -6.8345633, 34.02234 ], [ -6.8343673, 34.0222808 ], [ -6.834322, 34.0221657 ], [ -6.8341795, 34.0219149 ], [ -6.8345549, 34.0218671 ], [ -6.8345605, 34.0218979 ], [ -6.8345613, 34.0219252 ] ] ] ] } },
{ "type": "Feature", "properties": { "full_id": "w1278732183", "osm_id": "1278732183", "osm_type": "way", "leisure": "garden", "opening_date": null, "fee": null, "access": null, "wikimedia_commons": null, "wikidata": null, "barrier": null, "name": null, "landuse": null }, "geometry": { "type": "MultiPolygon", "coordinates": [ [ [ [ -6.8332054, 34.0213492 ], [ -6.8331918, 34.021326 ], [ -6.8333503, 34.0212616 ], [ -6.8333639, 34.0212847 ], [ -6.8333452, 34.0212924 ], [ -6.8332263, 34.0213407 ], [ -6.8332054, 34.0213492 ] ] ] ] } },
{ "type": "Feature", "properties": { "full_id": "w1278732185", "osm_id": "1278732185", "osm_type": "way", "leisure": "garden", "opening_date": null, "fee": null, "access": null, "wikimedia_commons": null, "wikidata": null, "barrier": null, "name": null, "landuse": null }, "geometry": { "type": "MultiPolygon", "coordinates": [ [ [ [ -6.8346031, 34.0212981 ], [ -6.834566, 34.0212345 ], [ -6.8344032, 34.0212997 ], [ -6.8344294, 34.0213449 ], [ -6.8344512, 34.0213694 ], [ -6.8344777, 34.0213906 ], [ -6.8345081, 34.0214077 ], [ -6.834559, 34.0214295 ], [ -6.8346316, 34.0214482 ], [ -6.8346765, 34.0214517 ], [ -6.8347214, 34.0214485 ], [ -6.834765, 34.0214388 ], [ -6.8348791, 34.0214089 ], [ -6.83484, 34.0213768 ], [ -6.8348023, 34.0213481 ], [ -6.8347724, 34.0213213 ], [ -6.8347447, 34.0213352 ], [ -6.8347133, 34.0213423 ], [ -6.8346809, 34.0213418 ], [ -6.8346499, 34.0213338 ], [ -6.8346228, 34.0213191 ], [ -6.8346031, 34.0212981 ] ] ] ] } },
{ "type": "Feature", "properties": { "full_id": "w1278732189", "osm_id": "1278732189", "osm_type": "way", "leisure": "garden", "opening_date": null, "fee": null, "access": null, "wikimedia_commons": null, "wikidata": null, "barrier": null, "name": null, "landuse": null }, "geometry": { "type": "MultiPolygon", "coordinates": [ [ [ [ -6.8339309, 34.0222984 ], [ -6.8338963, 34.0222381 ], [ -6.8337936, 34.0222786 ], [ -6.8338286, 34.0223395 ], [ -6.8337742, 34.022361 ], [ -6.8336544, 34.0221523 ], [ -6.8337133, 34.022129 ], [ -6.8337381, 34.0221723 ], [ -6.833831, 34.0221357 ], [ -6.8338054, 34.0220911 ], [ -6.8338561, 34.0220711 ], [ -6.8339763, 34.0222805 ], [ -6.8339309, 34.0222984 ] ] ] ] } },
{ "type": "Feature", "properties": { "full_id": "w1278732191", "osm_id": "1278732191", "osm_type": "way", "leisure": "garden", "opening_date": null, "fee": null, "access": null, "wikimedia_commons": null, "wikidata": null, "barrier": null, "name": null, "landuse": null }, "geometry": { "type": "MultiPolygon", "coordinates": [ [ [ [ -6.8321065, 34.0220763 ], [ -6.8321235, 34.022112 ], [ -6.832078, 34.0221263 ], [ -6.8320609, 34.0220889 ], [ -6.8319064, 34.0221157 ], [ -6.8318923, 34.0223194 ], [ -6.8318383, 34.0223927 ], [ -6.8322993, 34.0229573 ], [ -6.832803, 34.0226758 ], [ -6.8326141, 34.0224114 ], [ -6.8325739, 34.0224345 ], [ -6.8326038, 34.0224952 ], [ -6.8326193, 34.0225595 ], [ -6.8326201, 34.0226133 ], [ -6.8326025, 34.022665 ], [ -6.8325672, 34.02271 ], [ -6.8325172, 34.0227442 ], [ -6.8324572, 34.0227645 ], [ -6.8323927, 34.022769 ], [ -6.8323294, 34.0227574 ], [ -6.8322731, 34.0227309 ], [ -6.8322174, 34.0227035 ], [ -6.8321678, 34.022669 ], [ -6.8321257, 34.0226282 ], [ -6.8320924, 34.0225822 ], [ -6.8320686, 34.0225323 ], [ -6.8320573, 34.0224744 ], [ -6.8320678, 34.0224163 ], [ -6.832098, 34.022363 ], [ -6.8321452, 34.0223191 ], [ -6.8322055, 34.0222882 ], [ -6.832274, 34.0222728 ], [ -6.8323449, 34.0222743 ], [ -6.8324108, 34.0222948 ], [ -6.8324756, 34.0223324 ], [ -6.8325388, 34.0223896 ], [ -6.8327226, 34.0223345 ], [ -6.8327558, 34.0223298 ], [ -6.8327895, 34.0223296 ], [ -6.8328227, 34.0223339 ], [ -6.8328547, 34.0223427 ], [ -6.8329179, 34.0223674 ], [ -6.8329301, 34.0223683 ], [ -6.8329417, 34.022365 ], [ -6.8329506, 34.022358 ], [ -6.8329553, 34.0223485 ], [ -6.8329548, 34.0223384 ], [ -6.8329493, 34.0223293 ], [ -6.8328885, 34.0222598 ], [ -6.8328287, 34.0222076 ], [ -6.8327471, 34.022163 ], [ -6.8326506, 34.022131 ], [ -6.8325513, 34.0221058 ], [ -6.8324497, 34.0220876 ], [ -6.8323466, 34.0220766 ], [ -6.8322428, 34.0220728 ], [ -6.8321386, 34.0220735 ], [ -6.8321065, 34.0220763 ] ] ] ] } },
{ "type": "Feature", "properties": { "full_id": "w1278732192", "osm_id": "1278732192", "osm_type": "way", "leisure": "garden", "opening_date": null, "fee": null, "access": null, "wikimedia_commons": null, "wikidata": null, "barrier": null, "name": null, "landuse": null }, "geometry": { "type": "MultiPolygon", "coordinates": [ [ [ [ -6.832803, 34.0226758 ], [ -6.8329013, 34.0227956 ], [ -6.832987, 34.0229001 ], [ -6.8328866, 34.0229297 ], [ -6.83247, 34.0231557 ], [ -6.8322993, 34.0229573 ], [ -6.832803, 34.0226758 ] ] ] ] } },
{ "type": "Feature", "properties": { "full_id": "w1278732196", "osm_id": "1278732196", "osm_type": "way", "leisure": "garden", "opening_date": null, "fee": null, "access": null, "wikimedia_commons": null, "wikidata": null, "barrier": null, "name": null, "landuse": null }, "geometry": { "type": "MultiPolygon", "coordinates": [ [ [ [ -6.8348839, 34.0227035 ], [ -6.8349292, 34.0226864 ], [ -6.8348934, 34.0226215 ], [ -6.8348481, 34.0226387 ], [ -6.8348839, 34.0227035 ] ] ] ] } },
{ "type": "Feature", "properties": { "full_id": "w1278732202", "osm_id": "1278732202", "osm_type": "way", "leisure": "garden", "opening_date": null, "fee": null, "access": null, "wikimedia_commons": null, "wikidata": null, "barrier": null, "name": null, "landuse": null }, "geometry": { "type": "MultiPolygon", "coordinates": [ [ [ [ -6.8353635, 34.0227163 ], [ -6.8353644, 34.02268 ], [ -6.8354671, 34.0226637 ], [ -6.8354684, 34.0227406 ], [ -6.8354483, 34.0227886 ], [ -6.8354138, 34.0228307 ], [ -6.8353674, 34.0228639 ], [ -6.8347332, 34.0230773 ], [ -6.8346722, 34.0230915 ], [ -6.8346088, 34.0230903 ], [ -6.8345485, 34.0230739 ], [ -6.8344966, 34.0230437 ], [ -6.8344576, 34.0230023 ], [ -6.8344348, 34.0229532 ], [ -6.8344302, 34.0229008 ], [ -6.8344442, 34.0228495 ], [ -6.8344756, 34.0228038 ], [ -6.8345216, 34.0227677 ], [ -6.8345776, 34.0227429 ], [ -6.8348113, 34.0226532 ], [ -6.8348575, 34.0227314 ], [ -6.8346301, 34.0228193 ], [ -6.8345955, 34.0228347 ], [ -6.8345706, 34.02286 ], [ -6.8345577, 34.0228909 ], [ -6.8345583, 34.0229236 ], [ -6.8345723, 34.0229541 ], [ -6.834598, 34.0229788 ], [ -6.8346324, 34.0229948 ], [ -6.8346714, 34.023 ], [ -6.8347101, 34.0229939 ], [ -6.8352904, 34.0227851 ], [ -6.8353233, 34.0227691 ], [ -6.8353484, 34.0227453 ], [ -6.8353635, 34.0227163 ] ] ] ] } },
{ "type": "Feature", "properties": { "full_id": "w1278732203", "osm_id": "1278732203", "osm_type": "way", "leisure": "garden", "opening_date": null, "fee": null, "access": null, "wikimedia_commons": null, "wikidata": null, "barrier": null, "name": null, "landuse": null }, "geometry": { "type": "MultiPolygon", "coordinates": [ [ [ [ -6.8345366, 34.0226557 ], [ -6.8345255, 34.0226604 ], [ -6.8345187, 34.022669 ], [ -6.8345181, 34.0226794 ], [ -6.8345237, 34.0226886 ], [ -6.8345342, 34.0226942 ], [ -6.8345467, 34.0226947 ], [ -6.8345587, 34.0226915 ], [ -6.835134, 34.02248 ], [ -6.8351448, 34.0224748 ], [ -6.8351538, 34.0224672 ], [ -6.8351565, 34.0224568 ], [ -6.8351519, 34.0224469 ], [ -6.8351416, 34.0224406 ], [ -6.8351288, 34.02244 ], [ -6.8351159, 34.0224442 ], [ -6.8345366, 34.0226557 ] ] ] ] } },
{ "type": "Feature", "properties": { "full_id": "w1278732205", "osm_id": "1278732205", "osm_type": "way", "leisure": "garden", "opening_date": null, "fee": null, "access": null, "wikimedia_commons": null, "wikidata": null, "barrier": null, "name": null, "landuse": null }, "geometry": { "type": "MultiPolygon", "coordinates": [ [ [ [ -6.8340969, 34.0219424 ], [ -6.8341399, 34.0219245 ], [ -6.834278, 34.0221651 ], [ -6.8342412, 34.0222315 ], [ -6.8342028, 34.0222186 ], [ -6.8342314, 34.0221643 ], [ -6.8340969, 34.0219424 ] ] ] ] } },
{ "type": "Feature", "properties": { "full_id": "w1278732206", "osm_id": "1278732206", "osm_type": "way", "leisure": "garden", "opening_date": null, "fee": null, "access": null, "wikimedia_commons": null, "wikidata": null, "barrier": null, "name": null, "landuse": null }, "geometry": { "type": "MultiPolygon", "coordinates": [ [ [ [ -6.833873, 34.021712 ], [ -6.833917, 34.021694 ], [ -6.8340142, 34.021857 ], [ -6.8339702, 34.021875 ], [ -6.833873, 34.021712 ] ] ] ] } },
{ "type": "Feature", "properties": { "full_id": "w1278732207", "osm_id": "1278732207", "osm_type": "way", "leisure": "garden", "opening_date": null, "fee": null, "access": null, "wikimedia_commons": null, "wikidata": null, "barrier": null, "name": null, "landuse": null }, "geometry": { "type": "MultiPolygon", "coordinates": [ [ [ [ -6.834009, 34.0219399 ], [ -6.8340547, 34.0219214 ], [ -6.834198, 34.0221638 ], [ -6.8341522, 34.0221824 ], [ -6.834009, 34.0219399 ] ] ] ] } },
{ "type": "Feature", "properties": { "full_id": "w1278732210", "osm_id": "1278732210", "osm_type": "way", "leisure": "garden", "opening_date": null, "fee": null, "access": null, "wikimedia_commons": null, "wikidata": null, "barrier": null, "name": null, "landuse": null }, "geometry": { "type": "MultiPolygon", "coordinates": [ [ [ [ -6.8352909, 34.0220517 ], [ -6.8352851, 34.0220449 ], [ -6.8352756, 34.022042 ], [ -6.8352659, 34.022044 ], [ -6.8352591, 34.0220502 ], [ -6.8352578, 34.0220584 ], [ -6.8352622, 34.0220659 ], [ -6.8354345, 34.0222774 ], [ -6.8354407, 34.022285 ], [ -6.8354498, 34.0222905 ], [ -6.8354611, 34.0222914 ], [ -6.8354712, 34.0222873 ], [ -6.8354774, 34.0222794 ], [ -6.8354778, 34.0222701 ], [ -6.8354723, 34.0222619 ], [ -6.8352909, 34.0220517 ] ] ] ] } },
{ "type": "Feature", "properties": { "full_id": "w1278732211", "osm_id": "1278732211", "osm_type": "way", "leisure": "garden", "opening_date": null, "fee": null, "access": null, "wikimedia_commons": null, "wikidata": null, "barrier": null, "name": null, "landuse": null }, "geometry": { "type": "MultiPolygon", "coordinates": [ [ [ [ -6.8345054, 34.0217974 ], [ -6.8342506, 34.0218355 ], [ -6.8342428, 34.0218373 ], [ -6.8342362, 34.0218415 ], [ -6.8342331, 34.0218479 ], [ -6.8342343, 34.0218547 ], [ -6.8342395, 34.0218601 ], [ -6.8342473, 34.0218625 ], [ -6.8342555, 34.0218617 ], [ -6.8345128, 34.0218215 ], [ -6.8345203, 34.0218197 ], [ -6.8345257, 34.0218151 ], [ -6.8345277, 34.0218088 ], [ -6.8345256, 34.0218026 ], [ -6.8345201, 34.0217981 ], [ -6.8345126, 34.0217964 ], [ -6.8345054, 34.0217974 ] ] ] ] } },
{ "type": "Feature", "properties": { "full_id": "w1278732212", "osm_id": "1278732212", "osm_type": "way", "leisure": "garden", "opening_date": null, "fee": null, "access": null, "wikimedia_commons": null, "wikidata": null, "barrier": null, "name": null, "landuse": null }, "geometry": { "type": "MultiPolygon", "coordinates": [ [ [ [ -6.8358813, 34.0225378 ], [ -6.835835, 34.0225352 ], [ -6.8357897, 34.0225271 ], [ -6.8357462, 34.0225138 ], [ -6.8357054, 34.0224955 ], [ -6.8355403, 34.0223887 ], [ -6.8355304, 34.0223825 ], [ -6.8355244, 34.0223735 ], [ -6.8355243, 34.0223633 ], [ -6.8355302, 34.0223542 ], [ -6.8355406, 34.0223487 ], [ -6.8355529, 34.0223479 ], [ -6.8355641, 34.0223522 ], [ -6.8355742, 34.0223591 ], [ -6.8357217, 34.022462 ], [ -6.8357602, 34.0224783 ], [ -6.8358011, 34.02249 ], [ -6.8358436, 34.0224968 ], [ -6.8358868, 34.0224987 ], [ -6.8361938, 34.0225139 ], [ -6.8362022, 34.0225151 ], [ -6.8362097, 34.0225186 ], [ -6.8362144, 34.0225246 ], [ -6.8362155, 34.0225316 ], [ -6.8362127, 34.0225384 ], [ -6.8362065, 34.0225434 ], [ -6.8361983, 34.0225456 ], [ -6.8361898, 34.0225453 ], [ -6.8358813, 34.0225378 ] ] ] ] } },
{ "type": "Feature", "properties": { "full_id": "w1278732213", "osm_id": "1278732213", "osm_type": "way", "leisure": "garden", "opening_date": null, "fee": null, "access": null, "wikimedia_commons": null, "wikidata": null, "barrier": null, "name": null, "landuse": null }, "geometry": { "type": "MultiPolygon", "coordinates": [ [ [ [ -6.8339295, 34.0219633 ], [ -6.8339802, 34.0219423 ], [ -6.8341546, 34.0222311 ], [ -6.8341039, 34.0222521 ], [ -6.8339295, 34.0219633 ] ] ] ] } },
{ "type": "Feature", "properties": { "full_id": "w1278732214", "osm_id": "1278732214", "osm_type": "way", "leisure": "garden", "opening_date": null, "fee": null, "access": null, "wikimedia_commons": null, "wikidata": null, "barrier": null, "name": null, "landuse": null }, "geometry": { "type": "MultiPolygon", "coordinates": [ [ [ [ -6.8338437, 34.0219945 ], [ -6.8338911, 34.0219744 ], [ -6.8340699, 34.0222631 ], [ -6.8340225, 34.0222833 ], [ -6.8338437, 34.0219945 ] ] ] ] } },
{ "type": "Feature", "properties": { "full_id": "w1278732217", "osm_id": "1278732217", "osm_type": "way", "leisure": "garden", "opening_date": null, "fee": null, "access": null, "wikimedia_commons": null, "wikidata": null, "barrier": null, "name": null, "landuse": null }, "geometry": { "type": "MultiPolygon", "coordinates": [ [ [ [ -6.8332081, 34.0221548 ], [ -6.8332337, 34.022144 ], [ -6.8333775, 34.0223797 ], [ -6.8333518, 34.0223905 ], [ -6.8332081, 34.0221548 ] ] ] ] } },
{ "type": "Feature", "properties": { "full_id": "w1278732218", "osm_id": "1278732218", "osm_type": "way", "leisure": "garden", "opening_date": null, "fee": null, "access": null, "wikimedia_commons": null, "wikidata": null, "barrier": null, "name": null, "landuse": null }, "geometry": { "type": "MultiPolygon", "coordinates": [ [ [ [ -6.8332698, 34.0221471 ], [ -6.8333242, 34.0221251 ], [ -6.8335407, 34.0224934 ], [ -6.8334863, 34.0225154 ], [ -6.8332698, 34.0221471 ] ] ] ] } },
{ "type": "Feature", "properties": { "full_id": "w1278732219", "osm_id": "1278732219", "osm_type": "way", "leisure": "garden", "opening_date": null, "fee": null, "access": null, "wikimedia_commons": null, "wikidata": null, "barrier": null, "name": null, "landuse": null }, "geometry": { "type": "MultiPolygon", "coordinates": [ [ [ [ -6.8333509, 34.0220315 ], [ -6.8333053, 34.0220493 ], [ -6.8332409, 34.0219363 ], [ -6.8332865, 34.0219185 ], [ -6.8333509, 34.0220315 ] ] ] ] } },
{ "type": "Feature", "properties": { "full_id": "w1278732220", "osm_id": "1278732220", "osm_type": "way", "leisure": "garden", "opening_date": null, "fee": null, "access": null, "wikimedia_commons": null, "wikidata": null, "barrier": null, "name": null, "landuse": null }, "geometry": { "type": "MultiPolygon", "coordinates": [ [ [ [ -6.8334383, 34.0220107 ], [ -6.8333884, 34.0220309 ], [ -6.8333032, 34.0218858 ], [ -6.8333532, 34.0218657 ], [ -6.8334383, 34.0220107 ] ] ] ] } },
{ "type": "Feature", "properties": { "full_id": "w1278732221", "osm_id": "1278732221", "osm_type": "way", "leisure": "garden", "opening_date": null, "fee": null, "access": null, "wikimedia_commons": null, "wikidata": null, "barrier": null, "name": null, "landuse": null }, "geometry": { "type": "MultiPolygon", "coordinates": [ [ [ [ -6.8333839, 34.0220892 ], [ -6.8335671, 34.022417 ], [ -6.8335237, 34.0224337 ], [ -6.8333405, 34.0221058 ], [ -6.8333839, 34.0220892 ] ] ] ] } },
{ "type": "Feature", "properties": { "full_id": "w1278732222", "osm_id": "1278732222", "osm_type": "way", "leisure": "garden", "opening_date": null, "fee": null, "access": null, "wikimedia_commons": null, "wikidata": null, "barrier": null, "name": null, "landuse": null }, "geometry": { "type": "MultiPolygon", "coordinates": [ [ [ [ -6.8334721, 34.0220678 ], [ -6.833674, 34.0224227 ], [ -6.8336273, 34.022441 ], [ -6.8334254, 34.0220861 ], [ -6.8334721, 34.0220678 ] ] ] ] } },
{ "type": "Feature", "properties": { "full_id": "w1278732223", "osm_id": "1278732223", "osm_type": "way", "leisure": "garden", "opening_date": null, "fee": null, "access": null, "wikimedia_commons": null, "wikidata": null, "barrier": null, "name": null, "landuse": null }, "geometry": { "type": "MultiPolygon", "coordinates": [ [ [ [ -6.8335558, 34.0220478 ], [ -6.8337542, 34.0223917 ], [ -6.8337059, 34.0224108 ], [ -6.8335076, 34.0220669 ], [ -6.8335558, 34.0220478 ] ] ] ] } },
{ "type": "Feature", "properties": { "full_id": "w1278750523", "osm_id": "1278750523", "osm_type": "way", "leisure": "garden", "opening_date": null, "fee": null, "access": null, "wikimedia_commons": null, "wikidata": null, "barrier": null, "name": null, "landuse": null }, "geometry": { "type": "MultiPolygon", "coordinates": [ [ [ [ -6.8414024, 34.0089489 ], [ -6.8413836, 34.0089638 ], [ -6.8413615, 34.0089773 ], [ -6.8413373, 34.0089881 ], [ -6.8413094, 34.0089983 ], [ -6.8411905, 34.0090418 ], [ -6.8415312, 34.0092258 ], [ -6.8415664, 34.0092643 ], [ -6.8416137, 34.009316 ], [ -6.8415403, 34.0094144 ], [ -6.8415876, 34.0094467 ], [ -6.8415594, 34.009538 ], [ -6.8415731, 34.009552 ], [ -6.8415911, 34.009562 ], [ -6.8416118, 34.0095672 ], [ -6.8416334, 34.0095671 ], [ -6.8416541, 34.0095617 ], [ -6.8416912, 34.0095526 ], [ -6.8417292, 34.0095474 ], [ -6.8417755, 34.0095467 ], [ -6.8418216, 34.0095492 ], [ -6.8418673, 34.0095548 ], [ -6.8419044, 34.009562 ], [ -6.8419176, 34.0095638 ], [ -6.8419309, 34.0095631 ], [ -6.8419438, 34.0095601 ], [ -6.8419556, 34.0095549 ], [ -6.8419665, 34.0095485 ], [ -6.8420033, 34.0095229 ], [ -6.8420362, 34.0094938 ], [ -6.8420647, 34.0094616 ], [ -6.8420463, 34.0094505 ], [ -6.8419845, 34.0095236 ], [ -6.8418752, 34.0094601 ], [ -6.8418466, 34.0094938 ], [ -6.8416953, 34.0094058 ], [ -6.8417094, 34.009384 ], [ -6.841716, 34.0093601 ], [ -6.8417148, 34.0093356 ], [ -6.8417059, 34.0093122 ], [ -6.8416899, 34.0092915 ], [ -6.8416292, 34.0092323 ], [ -6.8415942, 34.0091968 ], [ -6.8415754, 34.0091718 ], [ -6.8415639, 34.0091438 ], [ -6.8415604, 34.0091145 ], [ -6.8415651, 34.0090853 ], [ -6.8415808, 34.0090571 ], [ -6.8414174, 34.008958 ], [ -6.8414024, 34.0089489 ] ] ] ] } },
{ "type": "Feature", "properties": { "full_id": "w1278750546", "osm_id": "1278750546", "osm_type": "way", "leisure": "garden", "opening_date": null, "fee": null, "access": null, "wikimedia_commons": null, "wikidata": null, "barrier": null, "name": null, "landuse": null }, "geometry": { "type": "MultiPolygon", "coordinates": [ [ [ [ -6.8426339, 34.0093924 ], [ -6.842559, 34.0094843 ], [ -6.8425191, 34.0095286 ], [ -6.8424761, 34.009571 ], [ -6.8424285, 34.0096127 ], [ -6.842378, 34.0096521 ], [ -6.842208, 34.0097977 ], [ -6.8421904, 34.0097506 ], [ -6.8421683, 34.0097048 ], [ -6.8421418, 34.0096606 ], [ -6.8421184, 34.009624 ], [ -6.8421109, 34.0096081 ], [ -6.8421098, 34.009591 ], [ -6.842115, 34.0095745 ], [ -6.8421262, 34.0095601 ], [ -6.8421726, 34.0095029 ], [ -6.8423842, 34.0096259 ], [ -6.8425628, 34.0094149 ], [ -6.8424572, 34.0093535 ], [ -6.8424939, 34.00931 ], [ -6.8426339, 34.0093924 ] ] ] ] } },
{ "type": "Feature", "properties": { "full_id": "w1278750557", "osm_id": "1278750557", "osm_type": "way", "leisure": "garden", "opening_date": null, "fee": null, "access": null, "wikimedia_commons": null, "wikidata": null, "barrier": null, "name": null, "landuse": null }, "geometry": { "type": "MultiPolygon", "coordinates": [ [ [ [ -6.8429476, 34.0072288 ], [ -6.8429243, 34.007258 ], [ -6.8429499, 34.0072721 ], [ -6.8429592, 34.0072604 ], [ -6.8430172, 34.0072922 ], [ -6.8430044, 34.0073082 ], [ -6.8430254, 34.0073197 ], [ -6.8430661, 34.0072686 ], [ -6.8431854, 34.0073339 ], [ -6.8431479, 34.0073811 ], [ -6.8432572, 34.007441 ], [ -6.8432352, 34.0074685 ], [ -6.8432609, 34.0074826 ], [ -6.8432829, 34.0074551 ], [ -6.8433517, 34.0074928 ], [ -6.8433289, 34.0075214 ], [ -6.8433554, 34.0075359 ], [ -6.8433754, 34.0075108 ], [ -6.8433577, 34.0074547 ], [ -6.8433277, 34.007407 ], [ -6.8432899, 34.0073633 ], [ -6.8432452, 34.0073243 ], [ -6.8431945, 34.0072909 ], [ -6.8431386, 34.0072635 ], [ -6.8430787, 34.0072429 ], [ -6.8430159, 34.0072294 ], [ -6.8429476, 34.0072288 ] ] ] ] } },
{ "type": "Feature", "properties": { "full_id": "w1278752412", "osm_id": "1278752412", "osm_type": "way", "leisure": "garden", "opening_date": null, "fee": null, "access": null, "wikimedia_commons": null, "wikidata": null, "barrier": null, "name": null, "landuse": null }, "geometry": { "type": "MultiPolygon", "coordinates": [ [ [ [ -6.8558932, 33.9611041 ], [ -6.8559194, 33.9610891 ], [ -6.8559455, 33.9610919 ], [ -6.8559596, 33.9611008 ], [ -6.8557725, 33.9612342 ], [ -6.855745, 33.9612398 ], [ -6.8557169, 33.9612365 ], [ -6.8556625, 33.9611792 ], [ -6.8556542, 33.9611701 ], [ -6.8556505, 33.9611592 ], [ -6.855652, 33.9611477 ], [ -6.8556585, 33.9611375 ], [ -6.855802, 33.961014 ], [ -6.8558124, 33.9610857 ], [ -6.8558191, 33.9610907 ], [ -6.8558278, 33.9610935 ], [ -6.855859, 33.9610899 ], [ -6.8558932, 33.9611041 ] ] ] ] } },
{ "type": "Feature", "properties": { "full_id": "w1278752413", "osm_id": "1278752413", "osm_type": "way", "leisure": "garden", "opening_date": null, "fee": null, "access": null, "wikimedia_commons": null, "wikidata": null, "barrier": null, "name": null, "landuse": null }, "geometry": { "type": "MultiPolygon", "coordinates": [ [ [ [ -6.8562754, 33.9606931 ], [ -6.8562724, 33.9606728 ], [ -6.8562955, 33.960658 ], [ -6.8562915, 33.9606263 ], [ -6.8562808, 33.9606247 ], [ -6.8562794, 33.960588 ], [ -6.8558711, 33.9609361 ], [ -6.8559234, 33.9609728 ], [ -6.8562754, 33.9606931 ] ] ] ] } },
{ "type": "Feature", "properties": { "full_id": "w1278752414", "osm_id": "1278752414", "osm_type": "way", "leisure": "garden", "opening_date": null, "fee": null, "access": null, "wikimedia_commons": null, "wikidata": null, "barrier": null, "name": null, "landuse": null }, "geometry": { "type": "MultiPolygon", "coordinates": [ [ [ [ -6.8564498, 33.9607443 ], [ -6.856425, 33.9607131 ], [ -6.8563941, 33.960717 ], [ -6.8563706, 33.9607003 ], [ -6.8563458, 33.9606992 ], [ -6.8563321, 33.9607123 ], [ -6.8563022, 33.9607142 ], [ -6.8559536, 33.9609951 ], [ -6.8559871, 33.9610285 ], [ -6.8559683, 33.9610485 ], [ -6.855979, 33.9610813 ], [ -6.8564498, 33.9607443 ] ] ] ] } },
{ "type": "Feature", "properties": { "full_id": "w1278752415", "osm_id": "1278752415", "osm_type": "way", "leisure": "garden", "opening_date": null, "fee": null, "access": null, "wikimedia_commons": null, "wikidata": null, "barrier": null, "name": null, "landuse": null }, "geometry": { "type": "MultiPolygon", "coordinates": [ [ [ [ -6.8569413, 33.9603894 ], [ -6.856884, 33.960346 ], [ -6.8568719, 33.9603527 ], [ -6.8568407, 33.9603355 ], [ -6.8568112, 33.960336 ], [ -6.8567998, 33.9603488 ], [ -6.856785, 33.9603388 ], [ -6.8564478, 33.9606019 ], [ -6.8564605, 33.9606174 ], [ -6.8564323, 33.9606375 ], [ -6.8564343, 33.9606664 ], [ -6.8564454, 33.9606664 ], [ -6.8564444, 33.9607012 ], [ -6.8564689, 33.9607228 ], [ -6.8569413, 33.9603894 ] ] ] ] } },
{ "type": "Feature", "properties": { "full_id": "w1278752416", "osm_id": "1278752416", "osm_type": "way", "leisure": "garden", "opening_date": null, "fee": null, "access": null, "wikimedia_commons": null, "wikidata": null, "barrier": null, "name": null, "landuse": null }, "geometry": { "type": "MultiPolygon", "coordinates": [ [ [ [ -6.8564243, 33.9605813 ], [ -6.8567421, 33.9603288 ], [ -6.8567394, 33.9603049 ], [ -6.8567562, 33.9602899 ], [ -6.8567596, 33.9602626 ], [ -6.8567462, 33.9602493 ], [ -6.8567482, 33.9602265 ], [ -6.856722, 33.9602042 ], [ -6.8562942, 33.9605705 ], [ -6.8563331, 33.9605724 ], [ -6.8563331, 33.960583 ], [ -6.8563767, 33.9605891 ], [ -6.8563975, 33.9605713 ], [ -6.8564243, 33.9605813 ] ] ] ] } },
{ "type": "Feature", "properties": { "full_id": "w1278752417", "osm_id": "1278752417", "osm_type": "way", "leisure": "garden", "opening_date": null, "fee": null, "access": null, "wikimedia_commons": null, "wikidata": null, "barrier": null, "name": null, "landuse": null }, "geometry": { "type": "MultiPolygon", "coordinates": [ [ [ [ -6.8568655, 33.9602404 ], [ -6.8568011, 33.9601909 ], [ -6.8567797, 33.960207 ], [ -6.8567475, 33.9601859 ], [ -6.8569245, 33.9600318 ], [ -6.8569382, 33.9600277 ], [ -6.8569527, 33.9600273 ], [ -6.8569676, 33.9600311 ], [ -6.8569801, 33.9600387 ], [ -6.8569889, 33.9600494 ], [ -6.8569929, 33.9600618 ], [ -6.856954, 33.9600935 ], [ -6.857007, 33.9601375 ], [ -6.8568655, 33.9602404 ] ] ] ] } },
{ "type": "Feature", "properties": { "full_id": "w1278752418", "osm_id": "1278752418", "osm_type": "way", "leisure": "garden", "opening_date": null, "fee": null, "access": null, "wikimedia_commons": null, "wikidata": null, "barrier": null, "name": null, "landuse": null }, "geometry": { "type": "MultiPolygon", "coordinates": [ [ [ [ -6.8569554, 33.9603738 ], [ -6.8568789, 33.9602954 ], [ -6.8570647, 33.9601681 ], [ -6.8570817, 33.9601717 ], [ -6.8570975, 33.9601781 ], [ -6.8571205, 33.9601948 ], [ -6.8571354, 33.960217 ], [ -6.8571404, 33.960242 ], [ -6.8569554, 33.9603738 ] ] ] ] } },
{ "type": "Feature", "properties": { "full_id": "w1278752419", "osm_id": "1278752419", "osm_type": "way", "leisure": "garden", "opening_date": null, "fee": null, "access": null, "wikimedia_commons": null, "wikidata": null, "barrier": null, "name": null, "landuse": null }, "geometry": { "type": "MultiPolygon", "coordinates": [ [ [ [ -6.8570623, 33.959714 ], [ -6.8570171, 33.9596789 ], [ -6.8570029, 33.9596915 ], [ -6.857048, 33.9597266 ], [ -6.8570623, 33.959714 ] ] ] ] } },
{ "type": "Feature", "properties": { "full_id": "w1278752420", "osm_id": "1278752420", "osm_type": "way", "leisure": "garden", "opening_date": null, "fee": null, "access": null, "wikimedia_commons": null, "wikidata": null, "barrier": null, "name": null, "landuse": null }, "geometry": { "type": "MultiPolygon", "coordinates": [ [ [ [ -6.857128, 33.9596595 ], [ -6.8570816, 33.9596242 ], [ -6.857069, 33.9596356 ], [ -6.8571154, 33.9596709 ], [ -6.857128, 33.9596595 ] ] ] ] } },
{ "type": "Feature", "properties": { "full_id": "w1278752423", "osm_id": "1278752423", "osm_type": "way", "leisure": "garden", "opening_date": null, "fee": null, "access": null, "wikimedia_commons": null, "wikidata": null, "barrier": null, "name": null, "landuse": null }, "geometry": { "type": "MultiPolygon", "coordinates": [ [ [ [ -6.8566967, 33.9600321 ], [ -6.8566684, 33.960008 ], [ -6.8566451, 33.9600268 ], [ -6.8566734, 33.9600509 ], [ -6.8566967, 33.9600321 ] ] ] ] } },
{ "type": "Feature", "properties": { "full_id": "w1278752424", "osm_id": "1278752424", "osm_type": "way", "leisure": "garden", "opening_date": null, "fee": null, "access": null, "wikimedia_commons": null, "wikidata": null, "barrier": null, "name": null, "landuse": null }, "geometry": { "type": "MultiPolygon", "coordinates": [ [ [ [ -6.8567713, 33.9599667 ], [ -6.8567438, 33.959944 ], [ -6.8567227, 33.9599616 ], [ -6.8567502, 33.9599843 ], [ -6.8567713, 33.9599667 ] ] ] ] } },
{ "type": "Feature", "properties": { "full_id": "w1278752428", "osm_id": "1278752428", "osm_type": "way", "leisure": "garden", "opening_date": null, "fee": null, "access": null, "wikimedia_commons": null, "wikidata": null, "barrier": null, "name": null, "landuse": null }, "geometry": { "type": "MultiPolygon", "coordinates": [ [ [ [ -6.8555326, 33.9610473 ], [ -6.8555034, 33.9610247 ], [ -6.8554881, 33.9610383 ], [ -6.8555172, 33.9610609 ], [ -6.8555326, 33.9610473 ] ] ] ] } },
{ "type": "Feature", "properties": { "full_id": "w1278752429", "osm_id": "1278752429", "osm_type": "way", "leisure": "garden", "opening_date": null, "fee": null, "access": null, "wikimedia_commons": null, "wikidata": null, "barrier": null, "name": null, "landuse": null }, "geometry": { "type": "MultiPolygon", "coordinates": [ [ [ [ -6.8556062, 33.9609865 ], [ -6.8555753, 33.9609628 ], [ -6.855558, 33.9609784 ], [ -6.8555888, 33.9610021 ], [ -6.8556062, 33.9609865 ] ] ] ] } },
{ "type": "Feature", "properties": { "full_id": "w1278752431", "osm_id": "1278752431", "osm_type": "way", "leisure": "garden", "opening_date": null, "fee": null, "access": null, "wikimedia_commons": null, "wikidata": null, "barrier": null, "name": null, "landuse": null }, "geometry": { "type": "MultiPolygon", "coordinates": [ [ [ [ -6.8546348, 33.9618313 ], [ -6.8546053, 33.96181 ], [ -6.8545917, 33.9618229 ], [ -6.8546211, 33.9618443 ], [ -6.8546348, 33.9618313 ] ] ] ] } },
{ "type": "Feature", "properties": { "full_id": "w1278752432", "osm_id": "1278752432", "osm_type": "way", "leisure": "garden", "opening_date": null, "fee": null, "access": null, "wikimedia_commons": null, "wikidata": null, "barrier": null, "name": null, "landuse": null }, "geometry": { "type": "MultiPolygon", "coordinates": [ [ [ [ -6.8547005, 33.9617777 ], [ -6.8546696, 33.9617511 ], [ -6.8546565, 33.9617616 ], [ -6.8546874, 33.9617883 ], [ -6.8547005, 33.9617777 ] ] ] ] } },
{ "type": "Feature", "properties": { "full_id": "w1278752452", "osm_id": "1278752452", "osm_type": "way", "leisure": "garden", "opening_date": null, "fee": null, "access": null, "wikimedia_commons": null, "wikidata": null, "barrier": null, "name": null, "landuse": null }, "geometry": { "type": "MultiPolygon", "coordinates": [ [ [ [ -6.8609812, 33.9562973 ], [ -6.8609364, 33.9562621 ], [ -6.8609077, 33.9562873 ], [ -6.8609525, 33.9563224 ], [ -6.8609812, 33.9562973 ] ] ] ] } },
{ "type": "Feature", "properties": { "full_id": "w1278752453", "osm_id": "1278752453", "osm_type": "way", "leisure": "garden", "opening_date": null, "fee": null, "access": null, "wikimedia_commons": null, "wikidata": null, "barrier": null, "name": null, "landuse": null }, "geometry": { "type": "MultiPolygon", "coordinates": [ [ [ [ -6.8612417, 33.9560724 ], [ -6.8611983, 33.9560381 ], [ -6.8611696, 33.956063 ], [ -6.861213, 33.9560973 ], [ -6.8612417, 33.9560724 ] ] ] ] } },
{ "type": "Feature", "properties": { "full_id": "w1278752456", "osm_id": "1278752456", "osm_type": "way", "leisure": "garden", "opening_date": null, "fee": null, "access": null, "wikimedia_commons": null, "wikidata": null, "barrier": null, "name": null, "landuse": null }, "geometry": { "type": "MultiPolygon", "coordinates": [ [ [ [ -6.8620554, 33.9553681 ], [ -6.8620109, 33.9553307 ], [ -6.8619956, 33.9553433 ], [ -6.8620401, 33.9553807 ], [ -6.8620554, 33.9553681 ] ] ] ] } },
{ "type": "Feature", "properties": { "full_id": "w1278752459", "osm_id": "1278752459", "osm_type": "way", "leisure": "garden", "opening_date": null, "fee": null, "access": null, "wikimedia_commons": null, "wikidata": null, "barrier": null, "name": null, "landuse": null }, "geometry": { "type": "MultiPolygon", "coordinates": [ [ [ [ -6.8618042, 33.9555862 ], [ -6.861759, 33.9555491 ], [ -6.8617444, 33.9555614 ], [ -6.8617895, 33.9555985 ], [ -6.8618042, 33.9555862 ] ] ] ] } },
{ "type": "Feature", "properties": { "full_id": "w1278752466", "osm_id": "1278752466", "osm_type": "way", "leisure": "garden", "opening_date": null, "fee": null, "access": null, "wikimedia_commons": null, "wikidata": null, "barrier": null, "name": null, "landuse": null }, "geometry": { "type": "MultiPolygon", "coordinates": [ [ [ [ -6.8631141, 33.9544435 ], [ -6.8630669, 33.9544066 ], [ -6.8630478, 33.9544234 ], [ -6.863095, 33.9544603 ], [ -6.8631141, 33.9544435 ] ] ] ] } },
{ "type": "Feature", "properties": { "full_id": "w1278752470", "osm_id": "1278752470", "osm_type": "way", "leisure": "garden", "opening_date": null, "fee": null, "access": null, "wikimedia_commons": null, "wikidata": null, "barrier": null, "name": null, "landuse": null }, "geometry": { "type": "MultiPolygon", "coordinates": [ [ [ [ -6.8633497, 33.954239 ], [ -6.8633142, 33.9542118 ], [ -6.8633367, 33.9541915 ], [ -6.8633723, 33.9542187 ], [ -6.8633497, 33.954239 ] ] ] ] } },
{ "type": "Feature", "properties": { "full_id": "w1278752472", "osm_id": "1278752472", "osm_type": "way", "leisure": "garden", "opening_date": null, "fee": null, "access": null, "wikimedia_commons": null, "wikidata": null, "barrier": null, "name": null, "landuse": null }, "geometry": { "type": "MultiPolygon", "coordinates": [ [ [ [ -6.867754, 33.9503895 ], [ -6.867704, 33.9503512 ], [ -6.8676898, 33.950364 ], [ -6.8677398, 33.9504023 ], [ -6.867754, 33.9503895 ] ] ] ] } },
{ "type": "Feature", "properties": { "full_id": "w1278752473", "osm_id": "1278752473", "osm_type": "way", "leisure": "garden", "opening_date": null, "fee": null, "access": null, "wikimedia_commons": null, "wikidata": null, "barrier": null, "name": null, "landuse": null }, "geometry": { "type": "MultiPolygon", "coordinates": [ [ [ [ -6.8678216, 33.9503334 ], [ -6.8677719, 33.9502937 ], [ -6.8677581, 33.9503055 ], [ -6.8678078, 33.9503453 ], [ -6.8678216, 33.9503334 ] ] ] ] } },
{ "type": "Feature", "properties": { "full_id": "w1278752474", "osm_id": "1278752474", "osm_type": "way", "leisure": "garden", "opening_date": null, "fee": null, "access": null, "wikimedia_commons": null, "wikidata": null, "barrier": null, "name": null, "landuse": null }, "geometry": { "type": "MultiPolygon", "coordinates": [ [ [ [ -6.8700451, 33.9483953 ], [ -6.8700004, 33.9483591 ], [ -6.8699811, 33.9483755 ], [ -6.8700259, 33.9484117 ], [ -6.8700451, 33.9483953 ] ] ] ] } },
{ "type": "Feature", "properties": { "full_id": "w1278752475", "osm_id": "1278752475", "osm_type": "way", "leisure": "garden", "opening_date": null, "fee": null, "access": null, "wikimedia_commons": null, "wikidata": null, "barrier": null, "name": null, "landuse": null }, "geometry": { "type": "MultiPolygon", "coordinates": [ [ [ [ -6.870115, 33.948335 ], [ -6.8700675, 33.9482986 ], [ -6.8700509, 33.9483136 ], [ -6.8700984, 33.94835 ], [ -6.870115, 33.948335 ] ] ] ] } },
{ "type": "Feature", "properties": { "full_id": "w1278752479", "osm_id": "1278752479", "osm_type": "way", "leisure": "garden", "opening_date": null, "fee": null, "access": null, "wikimedia_commons": null, "wikidata": null, "barrier": null, "name": null, "landuse": null }, "geometry": { "type": "MultiPolygon", "coordinates": [ [ [ [ -6.869308, 33.9490381 ], [ -6.8693346, 33.9490142 ], [ -6.8692872, 33.9489778 ], [ -6.8692606, 33.9490017 ], [ -6.869308, 33.9490381 ] ] ] ] } },
{ "type": "Feature", "properties": { "full_id": "w1278752480", "osm_id": "1278752480", "osm_type": "way", "leisure": "garden", "opening_date": null, "fee": null, "access": null, "wikimedia_commons": null, "wikidata": null, "barrier": null, "name": null, "landuse": null }, "geometry": { "type": "MultiPolygon", "coordinates": [ [ [ [ -6.8694137, 33.948946 ], [ -6.8693672, 33.9489089 ], [ -6.869342, 33.9489307 ], [ -6.8693885, 33.9489678 ], [ -6.8694137, 33.948946 ] ] ] ] } },
{ "type": "Feature", "properties": { "full_id": "w1278752484", "osm_id": "1278752484", "osm_type": "way", "leisure": "garden", "opening_date": null, "fee": null, "access": null, "wikimedia_commons": null, "wikidata": null, "barrier": null, "name": null, "landuse": null }, "geometry": { "type": "MultiPolygon", "coordinates": [ [ [ [ -6.8684173, 33.9498149 ], [ -6.8683682, 33.9497762 ], [ -6.8683848, 33.9497616 ], [ -6.8684339, 33.9498003 ], [ -6.8684173, 33.9498149 ] ] ] ] } },
{ "type": "Feature", "properties": { "full_id": "w1278752485", "osm_id": "1278752485", "osm_type": "way", "leisure": "garden", "opening_date": null, "fee": null, "access": null, "wikimedia_commons": null, "wikidata": null, "barrier": null, "name": null, "landuse": null }, "geometry": { "type": "MultiPolygon", "coordinates": [ [ [ [ -6.8684993, 33.9497432 ], [ -6.8684514, 33.9497044 ], [ -6.8684345, 33.9497188 ], [ -6.8684824, 33.9497576 ], [ -6.8684993, 33.9497432 ] ] ] ] } },
{ "type": "Feature", "properties": { "full_id": "w1278752489", "osm_id": "1278752489", "osm_type": "way", "leisure": "garden", "opening_date": null, "fee": null, "access": null, "wikimedia_commons": null, "wikidata": null, "barrier": null, "name": null, "landuse": null }, "geometry": { "type": "MultiPolygon", "coordinates": [ [ [ [ -6.8647734, 33.9530008 ], [ -6.8647924, 33.9529846 ], [ -6.8647429, 33.9529447 ], [ -6.8647239, 33.9529609 ], [ -6.8647734, 33.9530008 ] ] ] ] } },
{ "type": "Feature", "properties": { "full_id": "w1278752490", "osm_id": "1278752490", "osm_type": "way", "leisure": "garden", "opening_date": null, "fee": null, "access": null, "wikimedia_commons": null, "wikidata": null, "barrier": null, "name": null, "landuse": null }, "geometry": { "type": "MultiPolygon", "coordinates": [ [ [ [ -6.8650375, 33.9527658 ], [ -6.8649912, 33.9527297 ], [ -6.8649774, 33.9527419 ], [ -6.8650237, 33.952778 ], [ -6.8650375, 33.9527658 ] ] ] ] } },
{ "type": "Feature", "properties": { "full_id": "w1278752491", "osm_id": "1278752491", "osm_type": "way", "leisure": "garden", "opening_date": null, "fee": null, "access": null, "wikimedia_commons": null, "wikidata": null, "barrier": null, "name": null, "landuse": null }, "geometry": { "type": "MultiPolygon", "coordinates": [ [ [ [ -6.8659682, 33.9519528 ], [ -6.8659208, 33.9519166 ], [ -6.8659029, 33.9519327 ], [ -6.8659504, 33.9519689 ], [ -6.8659682, 33.9519528 ] ] ] ] } },
{ "type": "Feature", "properties": { "full_id": "w1278752492", "osm_id": "1278752492", "osm_type": "way", "leisure": "garden", "opening_date": null, "fee": null, "access": null, "wikimedia_commons": null, "wikidata": null, "barrier": null, "name": null, "landuse": null }, "geometry": { "type": "MultiPolygon", "coordinates": [ [ [ [ -6.8662142, 33.9517384 ], [ -6.8661694, 33.9517012 ], [ -6.8661513, 33.9517161 ], [ -6.8661961, 33.9517533 ], [ -6.8662142, 33.9517384 ] ] ] ] } },
{ "type": "Feature", "properties": { "full_id": "w1278752493", "osm_id": "1278752493", "osm_type": "way", "leisure": "garden", "opening_date": null, "fee": null, "access": null, "wikimedia_commons": null, "wikidata": null, "barrier": null, "name": null, "landuse": null }, "geometry": { "type": "MultiPolygon", "coordinates": [ [ [ [ -6.8670443, 33.951008 ], [ -6.8669982, 33.9509739 ], [ -6.8670346, 33.9509399 ], [ -6.8670808, 33.9509739 ], [ -6.8670443, 33.951008 ] ] ] ] } },
{ "type": "Feature", "properties": { "full_id": "w1278752494", "osm_id": "1278752494", "osm_type": "way", "leisure": "garden", "opening_date": null, "fee": null, "access": null, "wikimedia_commons": null, "wikidata": null, "barrier": null, "name": null, "landuse": null }, "geometry": { "type": "MultiPolygon", "coordinates": [ [ [ [ -6.8673173, 33.9507682 ], [ -6.8672745, 33.9507338 ], [ -6.8672979, 33.9507137 ], [ -6.8673407, 33.9507482 ], [ -6.8673173, 33.9507682 ] ] ] ] } },
{ "type": "Feature", "properties": { "full_id": "w1278753558", "osm_id": "1278753558", "osm_type": "way", "leisure": "garden", "opening_date": null, "fee": null, "access": null, "wikimedia_commons": null, "wikidata": null, "barrier": null, "name": null, "landuse": null }, "geometry": { "type": "MultiPolygon", "coordinates": [ [ [ [ -6.8536592, 33.9627053 ], [ -6.8536062, 33.9626641 ], [ -6.8534978, 33.9627598 ], [ -6.8535507, 33.962801 ], [ -6.8536592, 33.9627053 ] ] ] ] } },
{ "type": "Feature", "properties": { "full_id": "w1278753559", "osm_id": "1278753559", "osm_type": "way", "leisure": "garden", "opening_date": null, "fee": null, "access": null, "wikimedia_commons": null, "wikidata": null, "barrier": null, "name": null, "landuse": null }, "geometry": { "type": "MultiPolygon", "coordinates": [ [ [ [ -6.8546216, 33.9618712 ], [ -6.8545588, 33.9618218 ], [ -6.8536585, 33.9626097 ], [ -6.8537166, 33.9626603 ], [ -6.8546216, 33.9618712 ] ] ] ] } },
{ "type": "Feature", "properties": { "full_id": "w1278753560", "osm_id": "1278753560", "osm_type": "way", "leisure": "garden", "opening_date": null, "fee": null, "access": null, "wikimedia_commons": null, "wikidata": null, "barrier": null, "name": null, "landuse": null }, "geometry": { "type": "MultiPolygon", "coordinates": [ [ [ [ -6.8555181, 33.961091 ], [ -6.8554547, 33.9610407 ], [ -6.8546684, 33.9617228 ], [ -6.8547318, 33.9617731 ], [ -6.8555181, 33.961091 ] ] ] ] } },
{ "type": "Feature", "properties": { "full_id": "w1278753561", "osm_id": "1278753561", "osm_type": "way", "leisure": "garden", "opening_date": null, "fee": null, "access": null, "wikimedia_commons": null, "wikidata": null, "barrier": null, "name": null, "landuse": null }, "geometry": { "type": "MultiPolygon", "coordinates": [ [ [ [ -6.8566757, 33.9600718 ], [ -6.8566167, 33.9600268 ], [ -6.8555734, 33.9609334 ], [ -6.855631, 33.9609856 ], [ -6.8566757, 33.9600718 ] ] ] ] } },
{ "type": "Feature", "properties": { "full_id": "w1278753562", "osm_id": "1278753562", "osm_type": "way", "leisure": "garden", "opening_date": null, "fee": null, "access": null, "wikimedia_commons": null, "wikidata": null, "barrier": null, "name": null, "landuse": null }, "geometry": { "type": "MultiPolygon", "coordinates": [ [ [ [ -6.8567991, 33.9599567 ], [ -6.8567428, 33.9599133 ], [ -6.8567877, 33.959875 ], [ -6.8568021, 33.9598725 ], [ -6.8568166, 33.9598744 ], [ -6.8568299, 33.9598807 ], [ -6.8568395, 33.9598906 ], [ -6.8568441, 33.9599028 ], [ -6.8568434, 33.9599167 ], [ -6.8567991, 33.9599567 ] ] ] ] } },
{ "type": "Feature", "properties": { "full_id": "w1278753563", "osm_id": "1278753563", "osm_type": "way", "leisure": "garden", "opening_date": null, "fee": null, "access": null, "wikimedia_commons": null, "wikidata": null, "barrier": null, "name": null, "landuse": null }, "geometry": { "type": "MultiPolygon", "coordinates": [ [ [ [ -6.8570412, 33.9597437 ], [ -6.8569741, 33.959687 ], [ -6.8569265, 33.959727 ], [ -6.8569244, 33.9597395 ], [ -6.8569265, 33.959752 ], [ -6.8569355, 33.9597671 ], [ -6.8569504, 33.9597785 ], [ -6.8569693, 33.9597847 ], [ -6.8569943, 33.9597849 ], [ -6.8570412, 33.9597437 ] ] ] ] } },
{ "type": "Feature", "properties": { "full_id": "w1278753564", "osm_id": "1278753564", "osm_type": "way", "leisure": "garden", "opening_date": null, "fee": null, "access": null, "wikimedia_commons": null, "wikidata": null, "barrier": null, "name": null, "landuse": null }, "geometry": { "type": "MultiPolygon", "coordinates": [ [ [ [ -6.8579537, 33.9589596 ], [ -6.8578743, 33.9588972 ], [ -6.8570809, 33.9595909 ], [ -6.8571602, 33.9596533 ], [ -6.8579537, 33.9589596 ] ] ] ] } },
{ "type": "Feature", "properties": { "full_id": "w1278753565", "osm_id": "1278753565", "osm_type": "way", "leisure": "garden", "opening_date": null, "fee": null, "access": null, "wikimedia_commons": null, "wikidata": null, "barrier": null, "name": null, "landuse": null }, "geometry": { "type": "MultiPolygon", "coordinates": [ [ [ [ -6.8589025, 33.9581332 ], [ -6.8588199, 33.9580686 ], [ -6.8579348, 33.9588478 ], [ -6.8580174, 33.9589123 ], [ -6.8589025, 33.9581332 ] ] ] ] } },
{ "type": "Feature", "properties": { "full_id": "w1278753566", "osm_id": "1278753566", "osm_type": "way", "leisure": "garden", "opening_date": null, "fee": null, "access": null, "wikimedia_commons": null, "wikidata": null, "barrier": null, "name": null, "landuse": null }, "geometry": { "type": "MultiPolygon", "coordinates": [ [ [ [ -6.8594528, 33.9576584 ], [ -6.8593686, 33.9575922 ], [ -6.8588797, 33.9580207 ], [ -6.8589639, 33.9580868 ], [ -6.8594528, 33.9576584 ] ] ] ] } },
{ "type": "Feature", "properties": { "full_id": "w1278753567", "osm_id": "1278753567", "osm_type": "way", "leisure": "garden", "opening_date": null, "fee": null, "access": null, "wikimedia_commons": null, "wikidata": null, "barrier": null, "name": null, "landuse": null }, "geometry": { "type": "MultiPolygon", "coordinates": [ [ [ [ -6.8595109, 33.9576059 ], [ -6.859573, 33.9575502 ], [ -6.859496, 33.957491 ], [ -6.8594339, 33.9575467 ], [ -6.8595109, 33.9576059 ] ] ] ] } },
{ "type": "Feature", "properties": { "full_id": "w1278753568", "osm_id": "1278753568", "osm_type": "way", "leisure": "garden", "opening_date": null, "fee": null, "access": null, "wikimedia_commons": null, "wikidata": null, "barrier": null, "name": null, "landuse": null }, "geometry": { "type": "MultiPolygon", "coordinates": [ [ [ [ -6.8596543, 33.9572192 ], [ -6.8596215, 33.9572433 ], [ -6.8595974, 33.9572736 ], [ -6.8595836, 33.957308 ], [ -6.859581, 33.9573442 ], [ -6.8595898, 33.9573798 ], [ -6.8596094, 33.9574122 ], [ -6.8596384, 33.9574394 ], [ -6.859675, 33.9574594 ], [ -6.8597165, 33.9574708 ], [ -6.8597602, 33.957473 ], [ -6.859803, 33.9574657 ], [ -6.8598422, 33.9574495 ], [ -6.8598749, 33.9574254 ], [ -6.859899, 33.9573951 ], [ -6.8599128, 33.9573606 ], [ -6.8599154, 33.9573244 ], [ -6.8599066, 33.9572888 ], [ -6.859887, 33.9572564 ], [ -6.859858, 33.9572292 ], [ -6.8598215, 33.9572092 ], [ -6.8597799, 33.9571978 ], [ -6.8597363, 33.9571956 ], [ -6.8596934, 33.9572029 ], [ -6.8596543, 33.9572192 ] ] ] ] } },
{ "type": "Feature", "properties": { "full_id": "w1278753569", "osm_id": "1278753569", "osm_type": "way", "leisure": "garden", "opening_date": null, "fee": null, "access": null, "wikimedia_commons": null, "wikidata": null, "barrier": null, "name": null, "landuse": null }, "geometry": { "type": "MultiPolygon", "coordinates": [ [ [ [ -6.8600455, 33.9571358 ], [ -6.859971, 33.9570771 ], [ -6.8599287, 33.957114 ], [ -6.8600032, 33.9571727 ], [ -6.8600455, 33.9571358 ] ] ] ] } },
{ "type": "Feature", "properties": { "full_id": "w1278753570", "osm_id": "1278753570", "osm_type": "way", "leisure": "garden", "opening_date": null, "fee": null, "access": null, "wikimedia_commons": null, "wikidata": null, "barrier": null, "name": null, "landuse": null }, "geometry": { "type": "MultiPolygon", "coordinates": [ [ [ [ -6.860956, 33.9563486 ], [ -6.8608786, 33.9562871 ], [ -6.8600267, 33.9570255 ], [ -6.8601041, 33.957087 ], [ -6.860956, 33.9563486 ] ] ] ] } },
{ "type": "Feature", "properties": { "full_id": "w1278753571", "osm_id": "1278753571", "osm_type": "way", "leisure": "garden", "opening_date": null, "fee": null, "access": null, "wikimedia_commons": null, "wikidata": null, "barrier": null, "name": null, "landuse": null }, "geometry": { "type": "MultiPolygon", "coordinates": [ [ [ [ -6.8611752, 33.9561609 ], [ -6.8610944, 33.9560953 ], [ -6.8609712, 33.9561998 ], [ -6.8610521, 33.9562654 ], [ -6.8611752, 33.9561609 ] ] ] ] } },
{ "type": "Feature", "properties": { "full_id": "w1278753572", "osm_id": "1278753572", "osm_type": "way", "leisure": "garden", "opening_date": null, "fee": null, "access": null, "wikimedia_commons": null, "wikidata": null, "barrier": null, "name": null, "landuse": null }, "geometry": { "type": "MultiPolygon", "coordinates": [ [ [ [ -6.8617964, 33.9556209 ], [ -6.8617163, 33.9555572 ], [ -6.861193, 33.9560097 ], [ -6.861273, 33.9560734 ], [ -6.8617964, 33.9556209 ] ] ] ] } },
{ "type": "Feature", "properties": { "full_id": "w1278753573", "osm_id": "1278753573", "osm_type": "way", "leisure": "garden", "opening_date": null, "fee": null, "access": null, "wikimedia_commons": null, "wikidata": null, "barrier": null, "name": null, "landuse": null }, "geometry": { "type": "MultiPolygon", "coordinates": [ [ [ [ -6.8620031, 33.9554416 ], [ -6.8619221, 33.9553763 ], [ -6.8617963, 33.9554838 ], [ -6.8618772, 33.9555491 ], [ -6.8620031, 33.9554416 ] ] ] ] } },
{ "type": "Feature", "properties": { "full_id": "w1278753574", "osm_id": "1278753574", "osm_type": "way", "leisure": "garden", "opening_date": null, "fee": null, "access": null, "wikimedia_commons": null, "wikidata": null, "barrier": null, "name": null, "landuse": null }, "geometry": { "type": "MultiPolygon", "coordinates": [ [ [ [ -6.863097, 33.9544811 ], [ -6.8630199, 33.9544203 ], [ -6.8620079, 33.9553038 ], [ -6.8620851, 33.9553646 ], [ -6.863097, 33.9544811 ] ] ] ] } },
{ "type": "Feature", "properties": { "full_id": "w1278753575", "osm_id": "1278753575", "osm_type": "way", "leisure": "garden", "opening_date": null, "fee": null, "access": null, "wikimedia_commons": null, "wikidata": null, "barrier": null, "name": null, "landuse": null }, "geometry": { "type": "MultiPolygon", "coordinates": [ [ [ [ -6.8633105, 33.9543001 ], [ -6.8632302, 33.9542348 ], [ -6.8631044, 33.9543413 ], [ -6.8631846, 33.9544065 ], [ -6.8633105, 33.9543001 ] ] ] ] } },
{ "type": "Feature", "properties": { "full_id": "w1278753576", "osm_id": "1278753576", "osm_type": "way", "leisure": "garden", "opening_date": null, "fee": null, "access": null, "wikimedia_commons": null, "wikidata": null, "barrier": null, "name": null, "landuse": null }, "geometry": { "type": "MultiPolygon", "coordinates": [ [ [ [ -6.8639032, 33.9537774 ], [ -6.8638259, 33.9537159 ], [ -6.863322, 33.9541517 ], [ -6.8633994, 33.9542132 ], [ -6.8639032, 33.9537774 ] ] ] ] } },
{ "type": "Feature", "properties": { "full_id": "w1278753577", "osm_id": "1278753577", "osm_type": "way", "leisure": "garden", "opening_date": null, "fee": null, "access": null, "wikimedia_commons": null, "wikidata": null, "barrier": null, "name": null, "landuse": null }, "geometry": { "type": "MultiPolygon", "coordinates": [ [ [ [ -6.8639522, 33.9537315 ], [ -6.8640478, 33.9536439 ], [ -6.863971, 33.9535863 ], [ -6.8638755, 33.9536739 ], [ -6.8639522, 33.9537315 ] ] ] ] } },
{ "type": "Feature", "properties": { "full_id": "w1278753578", "osm_id": "1278753578", "osm_type": "way", "leisure": "garden", "opening_date": null, "fee": null, "access": null, "wikimedia_commons": null, "wikidata": null, "barrier": null, "name": null, "landuse": null }, "geometry": { "type": "MultiPolygon", "coordinates": [ [ [ [ -6.8643047, 33.9534265 ], [ -6.8643898, 33.9533507 ], [ -6.8643153, 33.9532931 ], [ -6.8642301, 33.9533689 ], [ -6.8643047, 33.9534265 ] ] ] ] } },
{ "type": "Feature", "properties": { "full_id": "w1278753579", "osm_id": "1278753579", "osm_type": "way", "leisure": "garden", "opening_date": null, "fee": null, "access": null, "wikimedia_commons": null, "wikidata": null, "barrier": null, "name": null, "landuse": null }, "geometry": { "type": "MultiPolygon", "coordinates": [ [ [ [ -6.8647743, 33.9530236 ], [ -6.8646964, 33.952962 ], [ -6.864365, 33.9532505 ], [ -6.8644429, 33.9533121 ], [ -6.8647743, 33.9530236 ] ] ] ] } },
{ "type": "Feature", "properties": { "full_id": "w1278753580", "osm_id": "1278753580", "osm_type": "way", "leisure": "garden", "opening_date": null, "fee": null, "access": null, "wikimedia_commons": null, "wikidata": null, "barrier": null, "name": null, "landuse": null }, "geometry": { "type": "MultiPolygon", "coordinates": [ [ [ [ -6.8648596, 33.9529465 ], [ -6.8649851, 33.9528386 ], [ -6.864906, 33.9527753 ], [ -6.8647805, 33.9528831 ], [ -6.8648596, 33.9529465 ] ] ] ] } },
{ "type": "Feature", "properties": { "full_id": "w1278753581", "osm_id": "1278753581", "osm_type": "way", "leisure": "garden", "opening_date": null, "fee": null, "access": null, "wikimedia_commons": null, "wikidata": null, "barrier": null, "name": null, "landuse": null }, "geometry": { "type": "MultiPolygon", "coordinates": [ [ [ [ -6.8659491, 33.95199 ], [ -6.865871, 33.9519285 ], [ -6.8649869, 33.9527008 ], [ -6.8650651, 33.9527623 ], [ -6.8659491, 33.95199 ] ] ] ] } },
{ "type": "Feature", "properties": { "full_id": "w1278753582", "osm_id": "1278753582", "osm_type": "way", "leisure": "garden", "opening_date": null, "fee": null, "access": null, "wikimedia_commons": null, "wikidata": null, "barrier": null, "name": null, "landuse": null }, "geometry": { "type": "MultiPolygon", "coordinates": [ [ [ [ -6.8660344, 33.9519164 ], [ -6.8661572, 33.9518133 ], [ -6.8660759, 33.9517468 ], [ -6.8659532, 33.9518499 ], [ -6.8660344, 33.9519164 ] ] ] ] } },
{ "type": "Feature", "properties": { "full_id": "w1278753583", "osm_id": "1278753583", "osm_type": "way", "leisure": "garden", "opening_date": null, "fee": null, "access": null, "wikimedia_commons": null, "wikidata": null, "barrier": null, "name": null, "landuse": null }, "geometry": { "type": "MultiPolygon", "coordinates": [ [ [ [ -6.8662422, 33.9517319 ], [ -6.86705, 33.9510339 ], [ -6.8669739, 33.9509733 ], [ -6.8661661, 33.9516713 ], [ -6.8662422, 33.9517319 ] ] ] ] } },
{ "type": "Feature", "properties": { "full_id": "w1278753584", "osm_id": "1278753584", "osm_type": "way", "leisure": "garden", "opening_date": null, "fee": null, "access": null, "wikimedia_commons": null, "wikidata": null, "barrier": null, "name": null, "landuse": null }, "geometry": { "type": "MultiPolygon", "coordinates": [ [ [ [ -6.8671537, 33.95094 ], [ -6.8672776, 33.9508296 ], [ -6.8671954, 33.9507661 ], [ -6.8670715, 33.9508764 ], [ -6.8671537, 33.95094 ] ] ] ] } },
{ "type": "Feature", "properties": { "full_id": "w1278753585", "osm_id": "1278753585", "osm_type": "way", "leisure": "garden", "opening_date": null, "fee": null, "access": null, "wikimedia_commons": null, "wikidata": null, "barrier": null, "name": null, "landuse": null }, "geometry": { "type": "MultiPolygon", "coordinates": [ [ [ [ -6.8673751, 33.9507436 ], [ -6.8677357, 33.950427 ], [ -6.8676567, 33.9503651 ], [ -6.8672961, 33.9506817 ], [ -6.8673751, 33.9507436 ] ] ] ] } },
{ "type": "Feature", "properties": { "full_id": "w1278753586", "osm_id": "1278753586", "osm_type": "way", "leisure": "garden", "opening_date": null, "fee": null, "access": null, "wikimedia_commons": null, "wikidata": null, "barrier": null, "name": null, "landuse": null }, "geometry": { "type": "MultiPolygon", "coordinates": [ [ [ [ -6.8678415, 33.9503245 ], [ -6.8679051, 33.9502713 ], [ -6.8678378, 33.9502161 ], [ -6.8677743, 33.9502693 ], [ -6.8678415, 33.9503245 ] ] ] ] } },
{ "type": "Feature", "properties": { "full_id": "w1278753587", "osm_id": "1278753587", "osm_type": "way", "leisure": "garden", "opening_date": null, "fee": null, "access": null, "wikimedia_commons": null, "wikidata": null, "barrier": null, "name": null, "landuse": null }, "geometry": { "type": "MultiPolygon", "coordinates": [ [ [ [ -6.8679799, 33.9499572 ], [ -6.8679544, 33.9499847 ], [ -6.8679384, 33.9500168 ], [ -6.867933, 33.9500512 ], [ -6.8679384, 33.9500856 ], [ -6.8679544, 33.9501177 ], [ -6.8679799, 33.9501452 ], [ -6.8680131, 33.9501663 ], [ -6.8680518, 33.9501796 ], [ -6.8680932, 33.9501842 ], [ -6.8681347, 33.9501796 ], [ -6.8681734, 33.9501663 ], [ -6.8682066, 33.9501452 ], [ -6.868232, 33.9501177 ], [ -6.868248, 33.9500856 ], [ -6.8682535, 33.9500512 ], [ -6.868248, 33.9500168 ], [ -6.868232, 33.9499847 ], [ -6.8682066, 33.9499572 ], [ -6.8681734, 33.9499361 ], [ -6.8681347, 33.9499228 ], [ -6.8680932, 33.9499183 ], [ -6.8680518, 33.9499228 ], [ -6.8680131, 33.9499361 ], [ -6.8679799, 33.9499572 ] ] ] ] } },
{ "type": "Feature", "properties": { "full_id": "w1278753588", "osm_id": "1278753588", "osm_type": "way", "leisure": "garden", "opening_date": null, "fee": null, "access": null, "wikimedia_commons": null, "wikidata": null, "barrier": null, "name": null, "landuse": null }, "geometry": { "type": "MultiPolygon", "coordinates": [ [ [ [ -6.8683418, 33.9498908 ], [ -6.8684073, 33.9498308 ], [ -6.8683389, 33.9497794 ], [ -6.8682734, 33.9498395 ], [ -6.8683418, 33.9498908 ] ] ] ] } },
{ "type": "Feature", "properties": { "full_id": "w1278753589", "osm_id": "1278753589", "osm_type": "way", "leisure": "garden", "opening_date": null, "fee": null, "access": null, "wikimedia_commons": null, "wikidata": null, "barrier": null, "name": null, "landuse": null }, "geometry": { "type": "MultiPolygon", "coordinates": [ [ [ [ -6.8685284, 33.949741 ], [ -6.8693094, 33.9490639 ], [ -6.8692272, 33.9489986 ], [ -6.8684462, 33.9496758 ], [ -6.8685284, 33.949741 ] ] ] ] } },
{ "type": "Feature", "properties": { "full_id": "w1278753590", "osm_id": "1278753590", "osm_type": "way", "leisure": "garden", "opening_date": null, "fee": null, "access": null, "wikimedia_commons": null, "wikidata": null, "barrier": null, "name": null, "landuse": null }, "geometry": { "type": "MultiPolygon", "coordinates": [ [ [ [ -6.869448, 33.9489408 ], [ -6.8700319, 33.9484344 ], [ -6.8699496, 33.948369 ], [ -6.8693657, 33.9488754 ], [ -6.869448, 33.9489408 ] ] ] ] } },
{ "type": "Feature", "properties": { "full_id": "w1278753591", "osm_id": "1278753591", "osm_type": "way", "leisure": "garden", "opening_date": null, "fee": null, "access": null, "wikimedia_commons": null, "wikidata": null, "barrier": null, "name": null, "landuse": null }, "geometry": { "type": "MultiPolygon", "coordinates": [ [ [ [ -6.87083, 33.9477398 ], [ -6.8701452, 33.9483358 ], [ -6.8700617, 33.9482698 ], [ -6.8707465, 33.9476738 ], [ -6.87083, 33.9477398 ] ] ] ] } },
{ "type": "Feature", "properties": { "full_id": "w1278753592", "osm_id": "1278753592", "osm_type": "way", "leisure": "garden", "opening_date": null, "fee": null, "access": null, "wikimedia_commons": null, "wikidata": null, "barrier": null, "name": null, "landuse": null }, "geometry": { "type": "MultiPolygon", "coordinates": [ [ [ [ -6.8708552, 33.9477116 ], [ -6.8710725, 33.9475464 ], [ -6.870925, 33.9475042 ], [ -6.8707694, 33.9476505 ], [ -6.8708552, 33.9477116 ] ] ] ] } },
{ "type": "Feature", "properties": { "full_id": "w1278782250", "osm_id": "1278782250", "osm_type": "way", "leisure": "garden", "opening_date": null, "fee": null, "access": null, "wikimedia_commons": null, "wikidata": null, "barrier": null, "name": null, "landuse": null }, "geometry": { "type": "MultiPolygon", "coordinates": [ [ [ [ -6.841011, 34.008634 ], [ -6.8411, 34.0085319 ], [ -6.8411228, 34.0085456 ], [ -6.8410336, 34.0086478 ], [ -6.841011, 34.008634 ] ] ] ] } },
{ "type": "Feature", "properties": { "full_id": "w1278782252", "osm_id": "1278782252", "osm_type": "way", "leisure": "garden", "opening_date": null, "fee": null, "access": null, "wikimedia_commons": null, "wikidata": null, "barrier": null, "name": null, "landuse": null }, "geometry": { "type": "MultiPolygon", "coordinates": [ [ [ [ -6.8411439, 34.0084806 ], [ -6.8415163, 34.0080485 ], [ -6.84154, 34.0080623 ], [ -6.8411668, 34.0084944 ], [ -6.8411439, 34.0084806 ] ] ] ] } },
{ "type": "Feature", "properties": { "full_id": "w1278782253", "osm_id": "1278782253", "osm_type": "way", "leisure": "garden", "opening_date": null, "fee": null, "access": null, "wikimedia_commons": null, "wikidata": null, "barrier": null, "name": null, "landuse": null }, "geometry": { "type": "MultiPolygon", "coordinates": [ [ [ [ -6.8410534, 34.008504 ], [ -6.8409526, 34.0084437 ], [ -6.8408572, 34.0085536 ], [ -6.8409544, 34.0086167 ], [ -6.8410534, 34.008504 ] ] ] ] } },
{ "type": "Feature", "properties": { "full_id": "w1278782255", "osm_id": "1278782255", "osm_type": "way", "leisure": "garden", "opening_date": null, "fee": null, "access": null, "wikimedia_commons": null, "wikidata": null, "barrier": null, "name": null, "landuse": null }, "geometry": { "type": "MultiPolygon", "coordinates": [ [ [ [ -6.8407661, 34.0082766 ], [ -6.8407433, 34.0082983 ], [ -6.8408547, 34.0083706 ], [ -6.8407482, 34.0084828 ], [ -6.8408358, 34.0085397 ], [ -6.8409622, 34.0083941 ], [ -6.8407661, 34.0082766 ] ] ] ] } },
{ "type": "Feature", "properties": { "full_id": "w1278782256", "osm_id": "1278782256", "osm_type": "way", "leisure": "garden", "opening_date": null, "fee": null, "access": null, "wikimedia_commons": null, "wikidata": null, "barrier": null, "name": null, "landuse": null }, "geometry": { "type": "MultiPolygon", "coordinates": [ [ [ [ -6.8415478, 34.008012 ], [ -6.8415714, 34.0080258 ], [ -6.8418906, 34.0076551 ], [ -6.8418675, 34.0076411 ], [ -6.8415478, 34.008012 ] ] ] ] } },
{ "type": "Feature", "properties": { "full_id": "w1278782257", "osm_id": "1278782257", "osm_type": "way", "leisure": "garden", "opening_date": null, "fee": null, "access": null, "wikimedia_commons": null, "wikidata": null, "barrier": null, "name": null, "landuse": null }, "geometry": { "type": "MultiPolygon", "coordinates": [ [ [ [ -6.8416374, 34.0080644 ], [ -6.8418039, 34.0081617 ], [ -6.8421192, 34.007794 ], [ -6.8419553, 34.0076944 ], [ -6.8416374, 34.0080644 ] ] ] ] } },
{ "type": "Feature", "properties": { "full_id": "w1278782258", "osm_id": "1278782258", "osm_type": "way", "leisure": "garden", "opening_date": null, "fee": null, "access": null, "wikimedia_commons": null, "wikidata": null, "barrier": null, "name": null, "landuse": null }, "geometry": { "type": "MultiPolygon", "coordinates": [ [ [ [ -6.8418615, 34.0082504 ], [ -6.8418365, 34.0082357 ], [ -6.8414999, 34.0086314 ], [ -6.8415243, 34.0086462 ], [ -6.8418615, 34.0082504 ] ] ] ] } },
{ "type": "Feature", "properties": { "full_id": "w1278782259", "osm_id": "1278782259", "osm_type": "way", "leisure": "garden", "opening_date": null, "fee": null, "access": null, "wikimedia_commons": null, "wikidata": null, "barrier": null, "name": null, "landuse": null }, "geometry": { "type": "MultiPolygon", "coordinates": [ [ [ [ -6.8415067, 34.0079879 ], [ -6.8416479, 34.0078271 ], [ -6.8415891, 34.0077893 ], [ -6.8415711, 34.0077978 ], [ -6.841551, 34.0078021 ], [ -6.8415303, 34.0078019 ], [ -6.8415103, 34.0077973 ], [ -6.8414004, 34.0079257 ], [ -6.8415067, 34.0079879 ] ] ] ] } },
{ "type": "Feature", "properties": { "full_id": "w1278782260", "osm_id": "1278782260", "osm_type": "way", "leisure": "garden", "opening_date": null, "fee": null, "access": null, "wikimedia_commons": null, "wikidata": null, "barrier": null, "name": null, "landuse": null }, "geometry": { "type": "MultiPolygon", "coordinates": [ [ [ [ -6.8418677, 34.008199 ], [ -6.8418927, 34.0082137 ], [ -6.8422055, 34.0078465 ], [ -6.8421806, 34.0078313 ], [ -6.8418677, 34.008199 ] ] ] ] } },
{ "type": "Feature", "properties": { "full_id": "w1278782261", "osm_id": "1278782261", "osm_type": "way", "leisure": "garden", "opening_date": null, "fee": null, "access": null, "wikimedia_commons": null, "wikidata": null, "barrier": null, "name": null, "landuse": null }, "geometry": { "type": "MultiPolygon", "coordinates": [ [ [ [ -6.8419804, 34.0076652 ], [ -6.8423476, 34.0072378 ], [ -6.8424082, 34.00727 ], [ -6.8424131, 34.0072779 ], [ -6.8423741, 34.0072806 ], [ -6.8423489, 34.0073054 ], [ -6.8423522, 34.0073377 ], [ -6.8423821, 34.0073586 ], [ -6.8424211, 34.0073559 ], [ -6.8424463, 34.0073311 ], [ -6.842442, 34.0072955 ], [ -6.8424515, 34.0072947 ], [ -6.8425131, 34.0073346 ], [ -6.8421443, 34.0077647 ], [ -6.8419804, 34.0076652 ] ] ] ] } },
{ "type": "Feature", "properties": { "full_id": "w1278782262", "osm_id": "1278782262", "osm_type": "way", "leisure": "garden", "opening_date": null, "fee": null, "access": null, "wikimedia_commons": null, "wikidata": null, "barrier": null, "name": null, "landuse": null }, "geometry": { "type": "MultiPolygon", "coordinates": [ [ [ [ -6.8418927, 34.0076119 ], [ -6.8422379, 34.0072114 ], [ -6.8422609, 34.0072251 ], [ -6.8419158, 34.0076259 ], [ -6.8418927, 34.0076119 ] ] ] ] } },
{ "type": "Feature", "properties": { "full_id": "w1278782264", "osm_id": "1278782264", "osm_type": "way", "leisure": "garden", "opening_date": null, "fee": null, "access": null, "wikimedia_commons": null, "wikidata": null, "barrier": null, "name": null, "landuse": null }, "geometry": { "type": "MultiPolygon", "coordinates": [ [ [ [ -6.8417725, 34.0081983 ], [ -6.841432, 34.0085955 ], [ -6.8413895, 34.0085731 ], [ -6.8413975, 34.008561 ], [ -6.8414007, 34.0085475 ], [ -6.8413988, 34.0085338 ], [ -6.841392, 34.0085213 ], [ -6.8413808, 34.008511 ], [ -6.84139, 34.0084997 ], [ -6.8413807, 34.0084944 ], [ -6.8413715, 34.0085056 ], [ -6.8413542, 34.0085004 ], [ -6.8413359, 34.0084998 ], [ -6.8413182, 34.0085039 ], [ -6.8413028, 34.0085122 ], [ -6.8412913, 34.008524 ], [ -6.8412604, 34.0085032 ], [ -6.841606, 34.0081009 ], [ -6.8417725, 34.0081983 ] ] ] ] } },
{ "type": "Feature", "properties": { "full_id": "w1278782270", "osm_id": "1278782270", "osm_type": "way", "leisure": "garden", "opening_date": null, "fee": null, "access": null, "wikimedia_commons": null, "wikidata": null, "barrier": null, "name": null, "landuse": null }, "geometry": { "type": "MultiPolygon", "coordinates": [ [ [ [ -6.8412647, 34.00879 ], [ -6.8411008, 34.0086901 ], [ -6.8411916, 34.0085876 ], [ -6.8413533, 34.0086862 ], [ -6.8412647, 34.00879 ] ] ] ] } },
{ "type": "Feature", "properties": { "full_id": "w1278782271", "osm_id": "1278782271", "osm_type": "way", "leisure": "garden", "opening_date": null, "fee": null, "access": null, "wikimedia_commons": null, "wikidata": null, "barrier": null, "name": null, "landuse": null }, "geometry": { "type": "MultiPolygon", "coordinates": [ [ [ [ -6.8414456, 34.0087379 ], [ -6.8413559, 34.0088436 ], [ -6.8413306, 34.0088277 ], [ -6.841421, 34.0087233 ], [ -6.8414456, 34.0087379 ] ] ] ] } },
{ "type": "Feature", "properties": { "full_id": "w1278782272", "osm_id": "1278782272", "osm_type": "way", "leisure": "garden", "opening_date": null, "fee": null, "access": null, "wikimedia_commons": null, "wikidata": null, "barrier": null, "name": null, "landuse": null }, "geometry": { "type": "MultiPolygon", "coordinates": [ [ [ [ -6.8410834, 34.0087097 ], [ -6.8412477, 34.0088098 ], [ -6.8412295, 34.0088266 ], [ -6.8412066, 34.0088387 ], [ -6.8411806, 34.0088454 ], [ -6.8411534, 34.0088462 ], [ -6.841127, 34.008841 ], [ -6.8411031, 34.0088302 ], [ -6.8410835, 34.0088145 ], [ -6.8410696, 34.0087952 ], [ -6.8410624, 34.0087734 ], [ -6.8410624, 34.0087509 ], [ -6.8410695, 34.0087291 ], [ -6.8410834, 34.0087097 ] ] ] ] } },
{ "type": "Feature", "properties": { "full_id": "w1278782273", "osm_id": "1278782273", "osm_type": "way", "leisure": "garden", "opening_date": null, "fee": null, "access": null, "wikimedia_commons": null, "wikidata": null, "barrier": null, "name": null, "landuse": null }, "geometry": { "type": "MultiPolygon", "coordinates": [ [ [ [ -6.8409933, 34.0086543 ], [ -6.8410159, 34.0086681 ], [ -6.8409951, 34.0086959 ], [ -6.8409823, 34.0087265 ], [ -6.8409776, 34.0087586 ], [ -6.8409811, 34.0087908 ], [ -6.8409928, 34.0088217 ], [ -6.8410119, 34.0088499 ], [ -6.8410378, 34.0088741 ], [ -6.8410693, 34.0088933 ], [ -6.8411049, 34.0089065 ], [ -6.8411431, 34.0089133 ], [ -6.8411821, 34.0089133 ], [ -6.8412203, 34.0089064 ], [ -6.8412559, 34.0088931 ], [ -6.8412873, 34.0088739 ], [ -6.8413115, 34.0088497 ], [ -6.8413373, 34.0088651 ], [ -6.8413097, 34.008891 ], [ -6.8412761, 34.0089112 ], [ -6.8412384, 34.0089258 ], [ -6.841198, 34.0089341 ], [ -6.8411563, 34.0089357 ], [ -6.8411149, 34.0089306 ], [ -6.8410755, 34.0089189 ], [ -6.8410396, 34.0089011 ], [ -6.8410085, 34.0088778 ], [ -6.8409835, 34.00885 ], [ -6.8409655, 34.0088187 ], [ -6.8409552, 34.0087851 ], [ -6.8409529, 34.0087505 ], [ -6.8409588, 34.0087163 ], [ -6.8409725, 34.0086837 ], [ -6.8409933, 34.0086543 ] ] ] ] } },
{ "type": "Feature", "properties": { "full_id": "w1278782274", "osm_id": "1278782274", "osm_type": "way", "leisure": "garden", "opening_date": null, "fee": null, "access": null, "wikimedia_commons": null, "wikidata": null, "barrier": null, "name": null, "landuse": null }, "geometry": { "type": "MultiPolygon", "coordinates": [ [ [ [ -6.8409969, 34.0083927 ], [ -6.8411487, 34.008218 ], [ -6.8411705, 34.008223 ], [ -6.8411931, 34.0082226 ], [ -6.8412147, 34.008217 ], [ -6.8412335, 34.0082066 ], [ -6.8412872, 34.0082378 ], [ -6.841098, 34.0084532 ], [ -6.8409969, 34.0083927 ] ] ] ] } },
{ "type": "Feature", "properties": { "full_id": "w1278782275", "osm_id": "1278782275", "osm_type": "way", "leisure": "garden", "opening_date": null, "fee": null, "access": null, "wikimedia_commons": null, "wikidata": null, "barrier": null, "name": null, "landuse": null }, "geometry": { "type": "MultiPolygon", "coordinates": [ [ [ [ -6.8422056, 34.0078019 ], [ -6.8427337, 34.0071812 ], [ -6.8426647, 34.007141 ], [ -6.8427299, 34.0070644 ], [ -6.8425622, 34.0069663 ], [ -6.842455, 34.0070923 ], [ -6.8426139, 34.0071853 ], [ -6.8426409, 34.0071535 ], [ -6.8426878, 34.007181 ], [ -6.8426289, 34.0072502 ], [ -6.8423909, 34.0071111 ], [ -6.842301, 34.0072158 ], [ -6.8422204, 34.0071683 ], [ -6.8420416, 34.0073764 ], [ -6.8420061, 34.0073557 ], [ -6.8419768, 34.0073417 ], [ -6.841944, 34.0073351 ], [ -6.8419102, 34.0073363 ], [ -6.8418782, 34.0073452 ], [ -6.8418504, 34.0073611 ], [ -6.8418291, 34.0073829 ], [ -6.8417213, 34.0075102 ], [ -6.8416269, 34.0074563 ], [ -6.8417053, 34.007379 ], [ -6.8417738, 34.0073052 ], [ -6.8418385, 34.0072291 ], [ -6.8418994, 34.0071509 ], [ -6.8419563, 34.0070706 ], [ -6.8420091, 34.0069884 ], [ -6.8420689, 34.0068928 ], [ -6.842082, 34.0068641 ], [ -6.8421264, 34.0068781 ], [ -6.8423207, 34.0069392 ], [ -6.8424007, 34.0068336 ], [ -6.8428945, 34.0070376 ], [ -6.8422305, 34.0078171 ], [ -6.8422056, 34.0078019 ] ] ] ] } },
{ "type": "Feature", "properties": { "full_id": "w1278782276", "osm_id": "1278782276", "osm_type": "way", "leisure": "garden", "opening_date": null, "fee": null, "access": null, "wikimedia_commons": null, "wikidata": null, "barrier": null, "name": null, "landuse": null }, "geometry": { "type": "MultiPolygon", "coordinates": [ [ [ [ -6.841598, 34.0076911 ], [ -6.8416113, 34.0077061 ], [ -6.8416189, 34.0077236 ], [ -6.8416203, 34.0077422 ], [ -6.8416153, 34.0077604 ], [ -6.8416734, 34.007798 ], [ -6.8418249, 34.0076239 ], [ -6.8417119, 34.0075594 ], [ -6.841598, 34.0076911 ] ] ] ] } },
{ "type": "Feature", "properties": { "full_id": "w1278782278", "osm_id": "1278782278", "osm_type": "way", "leisure": "garden", "opening_date": null, "fee": null, "access": null, "wikimedia_commons": null, "wikidata": null, "barrier": null, "name": null, "landuse": null }, "geometry": { "type": "MultiPolygon", "coordinates": [ [ [ [ -6.8414748, 34.0080242 ], [ -6.8413063, 34.0082161 ], [ -6.8412522, 34.0081843 ], [ -6.8412583, 34.0081663 ], [ -6.8412581, 34.0081476 ], [ -6.8412516, 34.0081297 ], [ -6.8412392, 34.008114 ], [ -6.841369, 34.0079623 ], [ -6.8414748, 34.0080242 ] ] ] ] } },
{ "type": "Feature", "properties": { "full_id": "w1278782279", "osm_id": "1278782279", "osm_type": "way", "leisure": "garden", "opening_date": null, "fee": null, "access": null, "wikimedia_commons": null, "wikidata": null, "barrier": null, "name": null, "landuse": null }, "geometry": { "type": "MultiPolygon", "coordinates": [ [ [ [ -6.8417434, 34.0075228 ], [ -6.8418559, 34.0073927 ], [ -6.841874, 34.0073783 ], [ -6.841896, 34.0073683 ], [ -6.8419204, 34.0073633 ], [ -6.8419455, 34.0073638 ], [ -6.8419696, 34.0073697 ], [ -6.841991, 34.0073806 ], [ -6.84202, 34.0073998 ], [ -6.8418566, 34.0075875 ], [ -6.8417434, 34.0075228 ] ] ] ] } },
{ "type": "Feature", "properties": { "full_id": "w1278782281", "osm_id": "1278782281", "osm_type": "way", "leisure": "garden", "opening_date": null, "fee": null, "access": null, "wikimedia_commons": null, "wikidata": null, "barrier": null, "name": null, "landuse": null }, "geometry": { "type": "MultiPolygon", "coordinates": [ [ [ [ -6.8407802, 34.0082631 ], [ -6.8415911, 34.0074904 ], [ -6.8416901, 34.0075469 ], [ -6.8415783, 34.0076789 ], [ -6.841555, 34.0076723 ], [ -6.8415305, 34.007672 ], [ -6.8415069, 34.0076779 ], [ -6.8414868, 34.0076895 ], [ -6.8414718, 34.0077057 ], [ -6.8414636, 34.0077249 ], [ -6.8414629, 34.0077452 ], [ -6.8414697, 34.0077648 ], [ -6.8414835, 34.0077817 ], [ -6.8412129, 34.0080979 ], [ -6.8411891, 34.0080924 ], [ -6.8411645, 34.0080932 ], [ -6.8411413, 34.0081003 ], [ -6.841122, 34.008113 ], [ -6.8411082, 34.00813 ], [ -6.8411015, 34.0081497 ], [ -6.8411024, 34.0081701 ], [ -6.8411109, 34.0081893 ], [ -6.8411261, 34.0082054 ], [ -6.8409749, 34.0083795 ], [ -6.8407802, 34.0082631 ] ] ] ] } },
{ "type": "Feature", "properties": { "full_id": "w1278782297", "osm_id": "1278782297", "osm_type": "way", "leisure": "garden", "opening_date": null, "fee": null, "access": null, "wikimedia_commons": null, "wikidata": null, "barrier": null, "name": null, "landuse": null }, "geometry": { "type": "MultiPolygon", "coordinates": [ [ [ [ -6.8428789, 34.0072146 ], [ -6.8428151, 34.0071773 ], [ -6.8413807, 34.0088843 ], [ -6.8413449, 34.0089154 ], [ -6.8413049, 34.0089403 ], [ -6.8412597, 34.0089579 ], [ -6.8412112, 34.0089675 ], [ -6.8411612, 34.0089688 ], [ -6.8411121, 34.0089616 ], [ -6.8410657, 34.0089462 ], [ -6.841024, 34.0089234 ], [ -6.8409888, 34.008894 ], [ -6.8409616, 34.0088593 ], [ -6.8409434, 34.0088207 ], [ -6.8409412, 34.0088139 ], [ -6.8409361, 34.0088082 ], [ -6.8409292, 34.0088049 ], [ -6.8409241, 34.0087999 ], [ -6.8409214, 34.0087937 ], [ -6.8409214, 34.0087871 ], [ -6.8409202, 34.0087815 ], [ -6.8409165, 34.0087767 ], [ -6.840911, 34.0087735 ], [ -6.8409043, 34.0087722 ], [ -6.8408976, 34.0087731 ], [ -6.8408894, 34.0087723 ], [ -6.8408817, 34.0087698 ], [ -6.8408751, 34.0087657 ], [ -6.8407522, 34.00869 ], [ -6.8407128, 34.0087347 ], [ -6.8407314, 34.0087456 ], [ -6.8407494, 34.0087231 ], [ -6.8407559, 34.0087179 ], [ -6.8407647, 34.0087165 ], [ -6.8407732, 34.0087192 ], [ -6.8408698, 34.008776 ], [ -6.8408777, 34.0087822 ], [ -6.8408824, 34.0087903 ], [ -6.8408834, 34.0087993 ], [ -6.8408845, 34.0088123 ], [ -6.840877, 34.0088238 ], [ -6.8408686, 34.0088282 ], [ -6.8408589, 34.0088297 ], [ -6.8407408, 34.0088415 ], [ -6.8407241, 34.0088428 ], [ -6.8407086, 34.0088373 ], [ -6.8406981, 34.0088264 ], [ -6.840695, 34.0088127 ], [ -6.8406929, 34.0088035 ], [ -6.8406931, 34.0087947 ], [ -6.8406965, 34.0087863 ], [ -6.840719, 34.0087602 ], [ -6.8407001, 34.0087491 ], [ -6.8406337, 34.008823 ], [ -6.8406638, 34.0088838 ], [ -6.8408003, 34.0088688 ], [ -6.8411905, 34.0090418 ], [ -6.8413094, 34.0089983 ], [ -6.8413373, 34.0089881 ], [ -6.8413615, 34.0089773 ], [ -6.8413836, 34.0089638 ], [ -6.8414024, 34.0089489 ], [ -6.8414174, 34.008958 ], [ -6.8415815, 34.0087718 ], [ -6.8415576, 34.0087567 ], [ -6.8428789, 34.0072146 ] ] ] ] } },
{ "type": "Feature", "properties": { "full_id": "w1278785876", "osm_id": "1278785876", "osm_type": "way", "leisure": "garden", "opening_date": null, "fee": null, "access": null, "wikimedia_commons": null, "wikidata": null, "barrier": null, "name": null, "landuse": null }, "geometry": { "type": "MultiPolygon", "coordinates": [ [ [ [ -6.8744151, 33.9604824 ], [ -6.8744608, 33.9604228 ], [ -6.8745232, 33.9604573 ], [ -6.8745332, 33.9604751 ], [ -6.8745345, 33.9604883 ], [ -6.8745312, 33.9605012 ], [ -6.8745144, 33.9605134 ], [ -6.8744958, 33.9605186 ], [ -6.8744762, 33.9605179 ], [ -6.8744151, 33.9604824 ] ] ] ] } },
{ "type": "Feature", "properties": { "full_id": "w1278785877", "osm_id": "1278785877", "osm_type": "way", "leisure": "garden", "opening_date": null, "fee": null, "access": null, "wikimedia_commons": null, "wikidata": null, "barrier": null, "name": null, "landuse": null }, "geometry": { "type": "MultiPolygon", "coordinates": [ [ [ [ -6.8738701, 33.960235 ], [ -6.8739186, 33.960165 ], [ -6.8743746, 33.9603822 ], [ -6.8743261, 33.9604523 ], [ -6.8738701, 33.960235 ] ] ] ] } },
{ "type": "Feature", "properties": { "full_id": "w1278785878", "osm_id": "1278785878", "osm_type": "way", "leisure": "garden", "opening_date": null, "fee": null, "access": null, "wikimedia_commons": null, "wikidata": null, "barrier": null, "name": null, "landuse": null }, "geometry": { "type": "MultiPolygon", "coordinates": [ [ [ [ -6.8737939, 33.9601884 ], [ -6.8738405, 33.9601308 ], [ -6.8738134, 33.9601155 ], [ -6.873802, 33.9601139 ], [ -6.8737906, 33.9601147 ], [ -6.8737761, 33.9601196 ], [ -6.8737644, 33.9601283 ], [ -6.873755, 33.9601391 ], [ -6.8737524, 33.9601503 ], [ -6.8737551, 33.9601614 ], [ -6.8737628, 33.9601708 ], [ -6.8737939, 33.9601884 ] ] ] ] } },
{ "type": "Feature", "properties": { "full_id": "w1278785879", "osm_id": "1278785879", "osm_type": "way", "leisure": "garden", "opening_date": null, "fee": null, "access": null, "wikimedia_commons": null, "wikidata": null, "barrier": null, "name": null, "landuse": null }, "geometry": { "type": "MultiPolygon", "coordinates": [ [ [ [ -6.8733914, 33.9599903 ], [ -6.8734328, 33.9599334 ], [ -6.8734965, 33.9599639 ], [ -6.8735019, 33.9599784 ], [ -6.8735015, 33.9599948 ], [ -6.8734945, 33.9600101 ], [ -6.8734818, 33.960019 ], [ -6.8734685, 33.9600218 ], [ -6.873455, 33.9600201 ], [ -6.8733914, 33.9599903 ] ] ] ] } },
{ "type": "Feature", "properties": { "full_id": "w1278785880", "osm_id": "1278785880", "osm_type": "way", "leisure": "garden", "opening_date": null, "fee": null, "access": null, "wikimedia_commons": null, "wikidata": null, "barrier": null, "name": null, "landuse": null }, "geometry": { "type": "MultiPolygon", "coordinates": [ [ [ [ -6.8721681, 33.9594167 ], [ -6.8722188, 33.9593436 ], [ -6.8733532, 33.9598861 ], [ -6.8733024, 33.9599591 ], [ -6.8721681, 33.9594167 ] ] ] ] } },
{ "type": "Feature", "properties": { "full_id": "w1278785881", "osm_id": "1278785881", "osm_type": "way", "leisure": "garden", "opening_date": null, "fee": null, "access": null, "wikimedia_commons": null, "wikidata": null, "barrier": null, "name": null, "landuse": null }, "geometry": { "type": "MultiPolygon", "coordinates": [ [ [ [ -6.8721412, 33.9593053 ], [ -6.8713707, 33.9589268 ], [ -6.8713167, 33.9590024 ], [ -6.8720873, 33.9593809 ], [ -6.8721412, 33.9593053 ] ] ] ] } },
{ "type": "Feature", "properties": { "full_id": "w1278785882", "osm_id": "1278785882", "osm_type": "way", "leisure": "garden", "opening_date": null, "fee": null, "access": null, "wikimedia_commons": null, "wikidata": null, "barrier": null, "name": null, "landuse": null }, "geometry": { "type": "MultiPolygon", "coordinates": [ [ [ [ -6.8704449, 33.9585457 ], [ -6.8704992, 33.9584823 ], [ -6.8704874, 33.958473 ], [ -6.8704724, 33.9584678 ], [ -6.8704538, 33.9584678 ], [ -6.8704368, 33.9584739 ], [ -6.8704147, 33.9584895 ], [ -6.8704095, 33.9584979 ], [ -6.870408, 33.9585073 ], [ -6.8704112, 33.9585183 ], [ -6.8704194, 33.9585273 ], [ -6.8704449, 33.9585457 ] ] ] ] } },
{ "type": "Feature", "properties": { "full_id": "w1278785883", "osm_id": "1278785883", "osm_type": "way", "leisure": "garden", "opening_date": null, "fee": null, "access": null, "wikimedia_commons": null, "wikidata": null, "barrier": null, "name": null, "landuse": null }, "geometry": { "type": "MultiPolygon", "coordinates": [ [ [ [ -6.8713072, 33.9589 ], [ -6.8705803, 33.9585207 ], [ -6.8705213, 33.9585907 ], [ -6.8708056, 33.9587531 ], [ -6.8712536, 33.9589689 ], [ -6.8713072, 33.9589 ] ] ] ] } },
{ "type": "Feature", "properties": { "full_id": "w1278785884", "osm_id": "1278785884", "osm_type": "way", "leisure": "garden", "opening_date": null, "fee": null, "access": null, "wikimedia_commons": null, "wikidata": null, "barrier": null, "name": null, "landuse": null }, "geometry": { "type": "MultiPolygon", "coordinates": [ [ [ [ -6.8618678, 33.9520781 ], [ -6.8615191, 33.9517794 ], [ -6.8615942, 33.9517283 ], [ -6.8619208, 33.9519986 ], [ -6.861926, 33.9520096 ], [ -6.8619268, 33.9520214 ], [ -6.8619234, 33.9520326 ], [ -6.861916, 33.9520423 ], [ -6.8618678, 33.9520781 ] ] ] ] } },
{ "type": "Feature", "properties": { "full_id": "w1278785885", "osm_id": "1278785885", "osm_type": "way", "leisure": "garden", "opening_date": null, "fee": null, "access": null, "wikimedia_commons": null, "wikidata": null, "barrier": null, "name": null, "landuse": null }, "geometry": { "type": "MultiPolygon", "coordinates": [ [ [ [ -6.8614523, 33.9517149 ], [ -6.861078, 33.9514042 ], [ -6.8611411, 33.9513519 ], [ -6.8615154, 33.9516626 ], [ -6.8614523, 33.9517149 ] ] ] ] } },
{ "type": "Feature", "properties": { "full_id": "w1278785886", "osm_id": "1278785886", "osm_type": "way", "leisure": "garden", "opening_date": null, "fee": null, "access": null, "wikimedia_commons": null, "wikidata": null, "barrier": null, "name": null, "landuse": null }, "geometry": { "type": "MultiPolygon", "coordinates": [ [ [ [ -6.8610282, 33.9513979 ], [ -6.8611399, 33.9513194 ], [ -6.8605298, 33.9507228 ], [ -6.8604182, 33.9508014 ], [ -6.8610282, 33.9513979 ] ] ] ] } },
{ "type": "Feature", "properties": { "full_id": "w1278785888", "osm_id": "1278785888", "osm_type": "way", "leisure": "garden", "opening_date": null, "fee": null, "access": null, "wikimedia_commons": null, "wikidata": null, "barrier": null, "name": null, "landuse": null }, "geometry": { "type": "MultiPolygon", "coordinates": [ [ [ [ -6.8603115, 33.9507065 ], [ -6.8604375, 33.9506102 ], [ -6.8604382, 33.9505952 ], [ -6.8604315, 33.9505724 ], [ -6.8600567, 33.9500607 ], [ -6.86003, 33.9500391 ], [ -6.8599983, 33.9500228 ], [ -6.8599594, 33.9500121 ], [ -6.8599185, 33.9500095 ], [ -6.8598397, 33.9500062 ], [ -6.8597382, 33.9500217 ], [ -6.8595806, 33.9500673 ], [ -6.8603115, 33.9507065 ] ] ] ] } },
{ "type": "Feature", "properties": { "full_id": "w1278785904", "osm_id": "1278785904", "osm_type": "way", "leisure": "garden", "opening_date": null, "fee": null, "access": null, "wikimedia_commons": null, "wikidata": null, "barrier": null, "name": null, "landuse": null }, "geometry": { "type": "MultiPolygon", "coordinates": [ [ [ [ -6.8671759, 33.9559811 ], [ -6.867239, 33.9559266 ], [ -6.8672316, 33.9559182 ], [ -6.8672215, 33.9559121 ], [ -6.8672083, 33.9559089 ], [ -6.8671945, 33.9559096 ], [ -6.867182, 33.9559143 ], [ -6.8671713, 33.9559198 ], [ -6.8671625, 33.9559271 ], [ -6.8671532, 33.9559426 ], [ -6.8671518, 33.9559599 ], [ -6.8671622, 33.9559716 ], [ -6.8671759, 33.9559811 ] ] ] ] } },
{ "type": "Feature", "properties": { "full_id": "w1278785905", "osm_id": "1278785905", "osm_type": "way", "leisure": "garden", "opening_date": null, "fee": null, "access": null, "wikimedia_commons": null, "wikidata": null, "barrier": null, "name": null, "landuse": null }, "geometry": { "type": "MultiPolygon", "coordinates": [ [ [ [ -6.8678031, 33.9563714 ], [ -6.8673025, 33.9559746 ], [ -6.8672337, 33.9560343 ], [ -6.8677343, 33.9564311 ], [ -6.8678031, 33.9563714 ] ] ] ] } },
{ "type": "Feature", "properties": { "full_id": "w1278785906", "osm_id": "1278785906", "osm_type": "way", "leisure": "garden", "opening_date": null, "fee": null, "access": null, "wikimedia_commons": null, "wikidata": null, "barrier": null, "name": null, "landuse": null }, "geometry": { "type": "MultiPolygon", "coordinates": [ [ [ [ -6.868151, 33.9566534 ], [ -6.8678615, 33.9564204 ], [ -6.8677927, 33.9564793 ], [ -6.8680822, 33.9567122 ], [ -6.868151, 33.9566534 ] ] ] ] } },
{ "type": "Feature", "properties": { "full_id": "w1278785907", "osm_id": "1278785907", "osm_type": "way", "leisure": "garden", "opening_date": null, "fee": null, "access": null, "wikimedia_commons": null, "wikidata": null, "barrier": null, "name": null, "landuse": null }, "geometry": { "type": "MultiPolygon", "coordinates": [ [ [ [ -6.8685256, 33.956956 ], [ -6.8682191, 33.9567068 ], [ -6.8681514, 33.9567641 ], [ -6.8684579, 33.9570133 ], [ -6.8685256, 33.956956 ] ] ] ] } },
{ "type": "Feature", "properties": { "full_id": "w1278785908", "osm_id": "1278785908", "osm_type": "way", "leisure": "garden", "opening_date": null, "fee": null, "access": null, "wikimedia_commons": null, "wikidata": null, "barrier": null, "name": null, "landuse": null }, "geometry": { "type": "MultiPolygon", "coordinates": [ [ [ [ -6.8691783, 33.9574736 ], [ -6.8685809, 33.9569968 ], [ -6.868516, 33.9570528 ], [ -6.8691134, 33.9575295 ], [ -6.8691783, 33.9574736 ] ] ] ] } },
{ "type": "Feature", "properties": { "full_id": "w1278785909", "osm_id": "1278785909", "osm_type": "way", "leisure": "garden", "opening_date": null, "fee": null, "access": null, "wikimedia_commons": null, "wikidata": null, "barrier": null, "name": null, "landuse": null }, "geometry": { "type": "MultiPolygon", "coordinates": [ [ [ [ -6.8692094, 33.9576048 ], [ -6.8692675, 33.9575556 ], [ -6.8692356, 33.9575298 ], [ -6.8691776, 33.957579 ], [ -6.8692094, 33.9576048 ] ] ] ] } },
{ "type": "Feature", "properties": { "full_id": "w1278785911", "osm_id": "1278785911", "osm_type": "way", "leisure": "garden", "opening_date": null, "fee": null, "access": null, "wikimedia_commons": null, "wikidata": null, "barrier": null, "name": null, "landuse": null }, "geometry": { "type": "MultiPolygon", "coordinates": [ [ [ [ -6.870199, 33.9582216 ], [ -6.8701603, 33.9582092 ], [ -6.8701281, 33.9582027 ], [ -6.8700967, 33.9581928 ], [ -6.8700458, 33.9581525 ], [ -6.8699785, 33.9582117 ], [ -6.8700282, 33.9582524 ], [ -6.8700403, 33.9582645 ], [ -6.8700493, 33.9582779 ], [ -6.8700554, 33.9582924 ], [ -6.8700737, 33.9583403 ], [ -6.8700969, 33.9583688 ], [ -6.8701249, 33.9583942 ], [ -6.8701638, 33.9584196 ], [ -6.8702047, 33.9584346 ], [ -6.8702314, 33.9584367 ], [ -6.87025, 33.9584349 ], [ -6.8702801, 33.9584254 ], [ -6.8703052, 33.9584087 ], [ -6.8703228, 33.9583864 ], [ -6.8703326, 33.9583697 ], [ -6.870337, 33.9583515 ], [ -6.8703353, 33.9583309 ], [ -6.8703268, 33.9583114 ], [ -6.870312, 33.9582947 ], [ -6.8702875, 33.9582703 ], [ -6.8702577, 33.9582502 ], [ -6.8702284, 33.9582336 ], [ -6.870199, 33.9582216 ] ] ] ] } },
{ "type": "Feature", "properties": { "full_id": "w1278785912", "osm_id": "1278785912", "osm_type": "way", "leisure": "garden", "opening_date": null, "fee": null, "access": null, "wikimedia_commons": null, "wikidata": null, "barrier": null, "name": null, "landuse": null }, "geometry": { "type": "MultiPolygon", "coordinates": [ [ [ [ -6.8694434, 33.9578253 ], [ -6.8694907, 33.9578365 ], [ -6.8695126, 33.9578471 ], [ -6.8695322, 33.9578605 ], [ -6.8695758, 33.9578922 ], [ -6.8696395, 33.9578332 ], [ -6.869604, 33.9578082 ], [ -6.8695929, 33.9577954 ], [ -6.869585, 33.9577815 ], [ -6.8695802, 33.9577667 ], [ -6.8695604, 33.9577209 ], [ -6.8695396, 33.9576911 ], [ -6.8695138, 33.9576641 ], [ -6.8694772, 33.9576365 ], [ -6.8694353, 33.9576146 ], [ -6.8694168, 33.9576125 ], [ -6.8693981, 33.9576132 ], [ -6.8693673, 33.957621 ], [ -6.8693409, 33.9576362 ], [ -6.8693214, 33.9576575 ], [ -6.8693102, 33.9576735 ], [ -6.8693043, 33.9576914 ], [ -6.8693042, 33.9577121 ], [ -6.8693111, 33.957732 ], [ -6.8693244, 33.9577495 ], [ -6.8693469, 33.9577753 ], [ -6.8693749, 33.9577971 ], [ -6.8694075, 33.9578139 ], [ -6.8694434, 33.9578253 ] ] ] ] } },
{ "type": "Feature", "properties": { "full_id": "w1278785922", "osm_id": "1278785922", "osm_type": "way", "leisure": "garden", "opening_date": null, "fee": null, "access": null, "wikimedia_commons": null, "wikidata": null, "barrier": null, "name": null, "landuse": null }, "geometry": { "type": "MultiPolygon", "coordinates": [ [ [ [ -6.8667589, 33.955453 ], [ -6.8667083, 33.9554779 ], [ -6.866665, 33.9555109 ], [ -6.866631, 33.9555507 ], [ -6.8666077, 33.9555955 ], [ -6.8665961, 33.9556433 ], [ -6.8665967, 33.9556921 ], [ -6.8666096, 33.9557397 ], [ -6.8666341, 33.9557841 ], [ -6.8666692, 33.9558232 ], [ -6.8667134, 33.9558555 ], [ -6.8667646, 33.9558794 ], [ -6.8668207, 33.9558939 ], [ -6.8668793, 33.9558985 ], [ -6.8669377, 33.9558929 ], [ -6.8669935, 33.9558773 ], [ -6.8670441, 33.9558524 ], [ -6.8670873, 33.9558194 ], [ -6.8671214, 33.9557796 ], [ -6.8671447, 33.9557348 ], [ -6.8671563, 33.955687 ], [ -6.8671556, 33.9556382 ], [ -6.8671428, 33.9555906 ], [ -6.8671182, 33.9555463 ], [ -6.8670832, 33.9555071 ], [ -6.867039, 33.9554749 ], [ -6.8669878, 33.9554509 ], [ -6.8669316, 33.9554364 ], [ -6.8668731, 33.9554318 ], [ -6.8668147, 33.9554375 ], [ -6.8667589, 33.955453 ] ] ] ] } },
{ "type": "Feature", "properties": { "full_id": "w1278785923", "osm_id": "1278785923", "osm_type": "way", "leisure": "garden", "opening_date": null, "fee": null, "access": null, "wikimedia_commons": null, "wikidata": null, "barrier": null, "name": null, "landuse": null }, "geometry": { "type": "MultiPolygon", "coordinates": [ [ [ [ -6.8664628, 33.9553106 ], [ -6.8660245, 33.9549538 ], [ -6.8659552, 33.9550124 ], [ -6.8663934, 33.9553692 ], [ -6.8664628, 33.9553106 ] ] ] ] } },
{ "type": "Feature", "properties": { "full_id": "w1278785924", "osm_id": "1278785924", "osm_type": "way", "leisure": "garden", "opening_date": null, "fee": null, "access": null, "wikimedia_commons": null, "wikidata": null, "barrier": null, "name": null, "landuse": null }, "geometry": { "type": "MultiPolygon", "coordinates": [ [ [ [ -6.8654462, 33.954602 ], [ -6.8655109, 33.9545502 ], [ -6.8654912, 33.9545386 ], [ -6.8654745, 33.9545384 ], [ -6.865459, 33.9545433 ], [ -6.8654464, 33.9545528 ], [ -6.865439, 33.9545656 ], [ -6.8654379, 33.9545797 ], [ -6.8654395, 33.9545917 ], [ -6.8654462, 33.954602 ] ] ] ] } },
{ "type": "Feature", "properties": { "full_id": "w1278785925", "osm_id": "1278785925", "osm_type": "way", "leisure": "garden", "opening_date": null, "fee": null, "access": null, "wikimedia_commons": null, "wikidata": null, "barrier": null, "name": null, "landuse": null }, "geometry": { "type": "MultiPolygon", "coordinates": [ [ [ [ -6.8659653, 33.9549026 ], [ -6.8655709, 33.9545895 ], [ -6.8654985, 33.9546523 ], [ -6.8658928, 33.9549654 ], [ -6.8659653, 33.9549026 ] ] ] ] } },
{ "type": "Feature", "properties": { "full_id": "w1278785926", "osm_id": "1278785926", "osm_type": "way", "leisure": "garden", "opening_date": null, "fee": null, "access": null, "wikimedia_commons": null, "wikidata": null, "barrier": null, "name": null, "landuse": null }, "geometry": { "type": "MultiPolygon", "coordinates": [ [ [ [ -6.8651586, 33.9543731 ], [ -6.8652209, 33.9543225 ], [ -6.865234, 33.9543386 ], [ -6.865239, 33.9543553 ], [ -6.8652342, 33.9543681 ], [ -6.8652241, 33.9543787 ], [ -6.8652102, 33.9543856 ], [ -6.8651913, 33.9543879 ], [ -6.865173, 33.9543834 ], [ -6.8651586, 33.9543731 ] ] ] ] } },
{ "type": "Feature", "properties": { "full_id": "w1278785927", "osm_id": "1278785927", "osm_type": "way", "leisure": "garden", "opening_date": null, "fee": null, "access": null, "wikimedia_commons": null, "wikidata": null, "barrier": null, "name": null, "landuse": null }, "geometry": { "type": "MultiPolygon", "coordinates": [ [ [ [ -6.8643609, 33.953635 ], [ -6.8643066, 33.9535933 ], [ -6.8642925, 33.953588 ], [ -6.8642771, 33.9535872 ], [ -6.8642602, 33.9535917 ], [ -6.8642469, 33.9536015 ], [ -6.8642394, 33.9536149 ], [ -6.8642389, 33.9536297 ], [ -6.8642456, 33.9536433 ], [ -6.8643006, 33.9536901 ], [ -6.8643609, 33.953635 ] ] ] ] } },
{ "type": "Feature", "properties": { "full_id": "w1278785928", "osm_id": "1278785928", "osm_type": "way", "leisure": "garden", "opening_date": null, "fee": null, "access": null, "wikimedia_commons": null, "wikidata": null, "barrier": null, "name": null, "landuse": null }, "geometry": { "type": "MultiPolygon", "coordinates": [ [ [ [ -6.8651724, 33.9542772 ], [ -6.8644179, 33.9536726 ], [ -6.8643474, 33.9537331 ], [ -6.8651019, 33.9543377 ], [ -6.8651724, 33.9542772 ] ] ] ] } },
{ "type": "Feature", "properties": { "full_id": "w1278785939", "osm_id": "1278785939", "osm_type": "way", "leisure": "garden", "opening_date": null, "fee": null, "access": null, "wikimedia_commons": null, "wikidata": null, "barrier": null, "name": null, "landuse": null }, "geometry": { "type": "MultiPolygon", "coordinates": [ [ [ [ -6.8603191, 33.9499987 ], [ -6.8602462, 33.9498803 ], [ -6.8601506, 33.9499207 ], [ -6.8602235, 33.9500392 ], [ -6.8603191, 33.9499987 ] ] ] ] } },
{ "type": "Feature", "properties": { "full_id": "w1278785940", "osm_id": "1278785940", "osm_type": "way", "leisure": "garden", "opening_date": null, "fee": null, "access": null, "wikimedia_commons": null, "wikidata": null, "barrier": null, "name": null, "landuse": null }, "geometry": { "type": "MultiPolygon", "coordinates": [ [ [ [ -6.8608224, 33.9506514 ], [ -6.860626, 33.9504172 ], [ -6.8605593, 33.9503364 ], [ -6.8604952, 33.9502542 ], [ -6.8604216, 33.9501539 ], [ -6.8603517, 33.9500518 ], [ -6.8602632, 33.9500935 ], [ -6.8603567, 33.9502248 ], [ -6.8604536, 33.9503544 ], [ -6.860592, 33.9505294 ], [ -6.8607366, 33.9507009 ], [ -6.8608224, 33.9506514 ] ] ] ] } },
{ "type": "Feature", "properties": { "full_id": "w1278785941", "osm_id": "1278785941", "osm_type": "way", "leisure": "garden", "opening_date": null, "fee": null, "access": null, "wikimedia_commons": null, "wikidata": null, "barrier": null, "name": null, "landuse": null }, "geometry": { "type": "MultiPolygon", "coordinates": [ [ [ [ -6.8620274, 33.9517661 ], [ -6.8615359, 33.9513689 ], [ -6.8614142, 33.9512629 ], [ -6.8612959, 33.9511542 ], [ -6.861153, 33.9510154 ], [ -6.8610156, 33.9508728 ], [ -6.8608667, 33.9506981 ], [ -6.8607809, 33.9507526 ], [ -6.8609136, 33.9509028 ], [ -6.8611403, 33.9511275 ], [ -6.8613048, 33.951283 ], [ -6.8614729, 33.9514357 ], [ -6.8619517, 33.9518273 ], [ -6.8620274, 33.9517661 ] ] ] ] } },
{ "type": "Feature", "properties": { "full_id": "w1278785942", "osm_id": "1278785942", "osm_type": "way", "leisure": "garden", "opening_date": null, "fee": null, "access": null, "wikimedia_commons": null, "wikidata": null, "barrier": null, "name": null, "landuse": null }, "geometry": { "type": "MultiPolygon", "coordinates": [ [ [ [ -6.8620878, 33.9518323 ], [ -6.8620254, 33.9518773 ], [ -6.8620449, 33.9518946 ], [ -6.8620697, 33.9518979 ], [ -6.862084, 33.9518916 ], [ -6.8620951, 33.9518818 ], [ -6.8621034, 33.9518644 ], [ -6.8621017, 33.9518457 ], [ -6.8620878, 33.9518323 ] ] ] ] } },
{ "type": "Feature", "properties": { "full_id": "w1278785943", "osm_id": "1278785943", "osm_type": "way", "leisure": "garden", "opening_date": null, "fee": null, "access": null, "wikimedia_commons": null, "wikidata": null, "barrier": null, "name": null, "landuse": null }, "geometry": { "type": "MultiPolygon", "coordinates": [ [ [ [ -6.8623413, 33.9521348 ], [ -6.8624088, 33.9520771 ], [ -6.8630054, 33.9525571 ], [ -6.8629379, 33.9526148 ], [ -6.8623413, 33.9521348 ] ] ] ] } },
{ "type": "Feature", "properties": { "full_id": "w1278785944", "osm_id": "1278785944", "osm_type": "way", "leisure": "garden", "opening_date": null, "fee": null, "access": null, "wikimedia_commons": null, "wikidata": null, "barrier": null, "name": null, "landuse": null }, "geometry": { "type": "MultiPolygon", "coordinates": [ [ [ [ -6.8622983, 33.9520896 ], [ -6.8623473, 33.9520479 ], [ -6.8623184, 33.9520256 ], [ -6.8623033, 33.9520227 ], [ -6.8622882, 33.9520256 ], [ -6.8622772, 33.9520328 ], [ -6.8622706, 33.9520431 ], [ -6.8622695, 33.9520547 ], [ -6.8622742, 33.9520657 ], [ -6.8622983, 33.9520896 ] ] ] ] } },
{ "type": "Feature", "properties": { "full_id": "w1278785945", "osm_id": "1278785945", "osm_type": "way", "leisure": "garden", "opening_date": null, "fee": null, "access": null, "wikimedia_commons": null, "wikidata": null, "barrier": null, "name": null, "landuse": null }, "geometry": { "type": "MultiPolygon", "coordinates": [ [ [ [ -6.8630034, 33.9526611 ], [ -6.8630587, 33.9526116 ], [ -6.8630755, 33.9526255 ], [ -6.8630765, 33.952643 ], [ -6.8630698, 33.9526581 ], [ -6.8630568, 33.9526701 ], [ -6.8630393, 33.9526772 ], [ -6.8630235, 33.9526741 ], [ -6.8630034, 33.9526611 ] ] ] ] } },
{ "type": "Feature", "properties": { "full_id": "w1278785946", "osm_id": "1278785946", "osm_type": "way", "leisure": "garden", "opening_date": null, "fee": null, "access": null, "wikimedia_commons": null, "wikidata": null, "barrier": null, "name": null, "landuse": null }, "geometry": { "type": "MultiPolygon", "coordinates": [ [ [ [ -6.8633283, 33.9529075 ], [ -6.8633819, 33.9528635 ], [ -6.863337, 33.9528318 ], [ -6.8633219, 33.9528289 ], [ -6.8633068, 33.9528318 ], [ -6.8632958, 33.952839 ], [ -6.8632892, 33.9528493 ], [ -6.8632881, 33.9528609 ], [ -6.8632928, 33.9528719 ], [ -6.8633283, 33.9529075 ] ] ] ] } },
{ "type": "Feature", "properties": { "full_id": "w1278785947", "osm_id": "1278785947", "osm_type": "way", "leisure": "garden", "opening_date": null, "fee": null, "access": null, "wikimedia_commons": null, "wikidata": null, "barrier": null, "name": null, "landuse": null }, "geometry": { "type": "MultiPolygon", "coordinates": [ [ [ [ -6.8639134, 33.953378 ], [ -6.8639687, 33.9533285 ], [ -6.8639854, 33.9533424 ], [ -6.8639864, 33.9533599 ], [ -6.8639797, 33.9533751 ], [ -6.8639667, 33.9533871 ], [ -6.8639492, 33.9533942 ], [ -6.8639335, 33.9533911 ], [ -6.8639134, 33.953378 ] ] ] ] } },
{ "type": "Feature", "properties": { "full_id": "w1278785948", "osm_id": "1278785948", "osm_type": "way", "leisure": "garden", "opening_date": null, "fee": null, "access": null, "wikimedia_commons": null, "wikidata": null, "barrier": null, "name": null, "landuse": null }, "geometry": { "type": "MultiPolygon", "coordinates": [ [ [ [ -6.8639108, 33.9532698 ], [ -6.8634319, 33.9528928 ], [ -6.8633607, 33.952955 ], [ -6.8638396, 33.953332 ], [ -6.8639108, 33.9532698 ] ] ] ] } },
{ "type": "Feature", "properties": { "full_id": "w1278789375", "osm_id": "1278789375", "osm_type": "way", "leisure": "garden", "opening_date": null, "fee": null, "access": null, "wikimedia_commons": null, "wikidata": null, "barrier": null, "name": null, "landuse": null }, "geometry": { "type": "MultiPolygon", "coordinates": [ [ [ [ -6.8325442, 34.0156248 ], [ -6.8325071, 34.0155804 ], [ -6.8325779, 34.0155397 ], [ -6.832621, 34.0155911 ], [ -6.8326017, 34.0156022 ], [ -6.8325958, 34.0155951 ], [ -6.8325442, 34.0156248 ] ] ] ] } },
{ "type": "Feature", "properties": { "full_id": "w1278789376", "osm_id": "1278789376", "osm_type": "way", "leisure": "garden", "opening_date": null, "fee": null, "access": null, "wikimedia_commons": null, "wikidata": null, "barrier": null, "name": null, "landuse": null }, "geometry": { "type": "MultiPolygon", "coordinates": [ [ [ [ -6.8323953, 34.015435 ], [ -6.8324245, 34.0154197 ], [ -6.8324048, 34.0153939 ], [ -6.8324474, 34.0153716 ], [ -6.8323668, 34.0152661 ], [ -6.8324282, 34.0152364 ], [ -6.8325902, 34.0151488 ], [ -6.8325552, 34.015103 ], [ -6.8322006, 34.0152915 ], [ -6.8323344, 34.0154669 ], [ -6.8323953, 34.015435 ] ] ] ] } },
{ "type": "Feature", "properties": { "full_id": "w1278789383", "osm_id": "1278789383", "osm_type": "way", "leisure": "garden", "opening_date": null, "fee": null, "access": null, "wikimedia_commons": null, "wikidata": null, "barrier": null, "name": null, "landuse": null }, "geometry": { "type": "MultiPolygon", "coordinates": [ [ [ [ -6.8333368, 34.0149527 ], [ -6.8333741, 34.0149324 ], [ -6.8333473, 34.0148985 ], [ -6.83331, 34.0149188 ], [ -6.8333368, 34.0149527 ] ] ] ] } },
{ "type": "Feature", "properties": { "full_id": "w1278789384", "osm_id": "1278789384", "osm_type": "way", "leisure": "garden", "opening_date": null, "fee": null, "access": null, "wikimedia_commons": null, "wikidata": null, "barrier": null, "name": null, "landuse": null }, "geometry": { "type": "MultiPolygon", "coordinates": [ [ [ [ -6.83321, 34.014792 ], [ -6.8332517, 34.0147696 ], [ -6.8332248, 34.0147353 ], [ -6.8331832, 34.0147577 ], [ -6.83321, 34.014792 ] ] ] ] } },
{ "type": "Feature", "properties": { "full_id": "w1278789385", "osm_id": "1278789385", "osm_type": "way", "leisure": "garden", "opening_date": null, "fee": null, "access": null, "wikimedia_commons": null, "wikidata": null, "barrier": null, "name": null, "landuse": null }, "geometry": { "type": "MultiPolygon", "coordinates": [ [ [ [ -6.8332751, 34.0148744 ], [ -6.8333144, 34.014853 ], [ -6.8332874, 34.0148189 ], [ -6.8332481, 34.0148402 ], [ -6.8332751, 34.0148744 ] ] ] ] } },
{ "type": "Feature", "properties": { "full_id": "w1278789386", "osm_id": "1278789386", "osm_type": "way", "leisure": "garden", "opening_date": null, "fee": null, "access": null, "wikimedia_commons": null, "wikidata": null, "barrier": null, "name": null, "landuse": null }, "geometry": { "type": "MultiPolygon", "coordinates": [ [ [ [ -6.8328967, 34.0149884 ], [ -6.832855, 34.0149353 ], [ -6.8331342, 34.0147844 ], [ -6.8332477, 34.0149286 ], [ -6.8331478, 34.0149826 ], [ -6.8330761, 34.0148914 ], [ -6.8328967, 34.0149884 ] ] ] ] } },
{ "type": "Feature", "properties": { "full_id": "w1278789387", "osm_id": "1278789387", "osm_type": "way", "leisure": "garden", "opening_date": null, "fee": null, "access": null, "wikimedia_commons": null, "wikidata": null, "barrier": null, "name": null, "landuse": null }, "geometry": { "type": "MultiPolygon", "coordinates": [ [ [ [ -6.8333018, 34.0151763 ], [ -6.8334022, 34.015124 ], [ -6.8334179, 34.0152249 ], [ -6.8333642, 34.0152557 ], [ -6.8333546, 34.0152435 ], [ -6.8333018, 34.0151763 ] ] ] ] } },
{ "type": "Feature", "properties": { "full_id": "w1278802647", "osm_id": "1278802647", "osm_type": "way", "leisure": "garden", "opening_date": null, "fee": null, "access": null, "wikimedia_commons": null, "wikidata": null, "barrier": null, "name": null, "landuse": null }, "geometry": { "type": "MultiPolygon", "coordinates": [ [ [ [ -6.840516, 34.0089001 ], [ -6.8402061, 34.0089343 ], [ -6.8401023, 34.0089754 ], [ -6.8400084, 34.0090561 ], [ -6.8399199, 34.0091408 ], [ -6.8398368, 34.0092292 ], [ -6.8397594, 34.0093211 ], [ -6.8396748, 34.0094351 ], [ -6.839599, 34.0095533 ], [ -6.8395323, 34.0096752 ], [ -6.8394749, 34.0098003 ], [ -6.8394271, 34.0099282 ], [ -6.8393967, 34.0100093 ], [ -6.839376, 34.0100776 ], [ -6.8393471, 34.0102025 ], [ -6.839434, 34.0102491 ], [ -6.8394102, 34.0102272 ], [ -6.8393926, 34.0102017 ], [ -6.8393827, 34.0101735 ], [ -6.8393808, 34.0101442 ], [ -6.8393871, 34.0101153 ], [ -6.8394012, 34.0100884 ], [ -6.8394645, 34.01001 ], [ -6.8394249, 34.0099938 ], [ -6.8395786, 34.0098032 ], [ -6.8395153, 34.0097674 ], [ -6.8398626, 34.009325 ], [ -6.8398854, 34.0092961 ], [ -6.8399536, 34.0093329 ], [ -6.8400691, 34.009192 ], [ -6.8401002, 34.0092096 ], [ -6.8401423, 34.0091583 ], [ -6.8401623, 34.0091367 ], [ -6.8401871, 34.009119 ], [ -6.8402162, 34.0091065 ], [ -6.840248, 34.0091 ], [ -6.8402808, 34.0090998 ], [ -6.8403127, 34.009106 ], [ -6.8403486, 34.0091252 ], [ -6.8403657, 34.0091021 ], [ -6.840516, 34.0089001 ] ] ] ] } },
{ "type": "Feature", "properties": { "full_id": "w1278802660", "osm_id": "1278802660", "osm_type": "way", "leisure": "garden", "opening_date": null, "fee": null, "access": null, "wikimedia_commons": null, "wikidata": null, "barrier": null, "name": null, "landuse": null }, "geometry": { "type": "MultiPolygon", "coordinates": [ [ [ [ -6.8406561, 34.0103106 ], [ -6.8406875, 34.010328 ], [ -6.8407762, 34.0103772 ], [ -6.840649, 34.0105349 ], [ -6.8405681, 34.0104899 ], [ -6.8404791, 34.0105999 ], [ -6.8404163, 34.0106774 ], [ -6.84039, 34.01071 ], [ -6.8403122, 34.0107255 ], [ -6.8403134, 34.0107392 ], [ -6.8402903, 34.0107479 ], [ -6.8402714, 34.010762 ], [ -6.8402586, 34.0107802 ], [ -6.840253, 34.0108007 ], [ -6.8402552, 34.0108217 ], [ -6.8402649, 34.0108411 ], [ -6.8402813, 34.0108572 ], [ -6.8403027, 34.0108683 ], [ -6.8403273, 34.0108736 ], [ -6.8403525, 34.0108725 ], [ -6.8403762, 34.0108651 ], [ -6.8403961, 34.0108521 ], [ -6.8404104, 34.0108348 ], [ -6.8404169, 34.0108117 ], [ -6.8404344, 34.0108224 ], [ -6.8403205, 34.010971 ], [ -6.8401503, 34.010823 ], [ -6.8402513, 34.0106877 ], [ -6.8402307, 34.0106767 ], [ -6.8402351, 34.0106711 ], [ -6.8402575, 34.0106814 ], [ -6.8402824, 34.0106868 ], [ -6.8403081, 34.0106869 ], [ -6.840333, 34.0106817 ], [ -6.8403556, 34.0106714 ], [ -6.8403761, 34.0106559 ], [ -6.8406561, 34.0103106 ] ] ] ] } },
{ "type": "Feature", "properties": { "full_id": "w1278802667", "osm_id": "1278802667", "osm_type": "way", "leisure": "garden", "opening_date": null, "fee": null, "access": null, "wikimedia_commons": null, "wikidata": null, "barrier": null, "name": null, "landuse": null }, "geometry": { "type": "MultiPolygon", "coordinates": [ [ [ [ -6.8390041, 34.0117898 ], [ -6.839199, 34.0118114 ], [ -6.8392179, 34.0118139 ], [ -6.8390157, 34.0119724 ], [ -6.839006, 34.0119797 ], [ -6.8389932, 34.0119822 ], [ -6.8389806, 34.0119793 ], [ -6.8389711, 34.011972 ], [ -6.8389676, 34.0119613 ], [ -6.8389692, 34.0119501 ], [ -6.8390041, 34.0117898 ] ] ] ] } },
{ "type": "Feature", "properties": { "full_id": "w1278802668", "osm_id": "1278802668", "osm_type": "way", "leisure": "garden", "opening_date": null, "fee": null, "access": null, "wikimedia_commons": null, "wikidata": null, "barrier": null, "name": null, "landuse": null }, "geometry": { "type": "MultiPolygon", "coordinates": [ [ [ [ -6.8394318, 34.0116473 ], [ -6.8392981, 34.011751 ], [ -6.8393141, 34.0116583 ], [ -6.8393763, 34.0116647 ], [ -6.8393798, 34.0116344 ], [ -6.8394318, 34.0116473 ] ] ] ] } },
{ "type": "Feature", "properties": { "full_id": "w1278802671", "osm_id": "1278802671", "osm_type": "way", "leisure": "garden", "opening_date": null, "fee": null, "access": null, "wikimedia_commons": null, "wikidata": null, "barrier": null, "name": null, "landuse": null }, "geometry": { "type": "MultiPolygon", "coordinates": [ [ [ [ -6.8391738, 34.0110102 ], [ -6.8391231, 34.011243 ], [ -6.8392794, 34.0112601 ], [ -6.8395524, 34.0110625 ], [ -6.8391738, 34.0110102 ] ] ] ] } },
{ "type": "Feature", "properties": { "full_id": "w1278802672", "osm_id": "1278802672", "osm_type": "way", "leisure": "garden", "opening_date": null, "fee": null, "access": null, "wikimedia_commons": null, "wikidata": null, "barrier": null, "name": null, "landuse": null }, "geometry": { "type": "MultiPolygon", "coordinates": [ [ [ [ -6.8395946, 34.0115244 ], [ -6.8396378, 34.0114918 ], [ -6.8396202, 34.0114752 ], [ -6.8394704, 34.0113343 ], [ -6.8394449, 34.0113104 ], [ -6.8393962, 34.011344 ], [ -6.8395946, 34.0115244 ] ] ] ] } },
{ "type": "Feature", "properties": { "full_id": "w1278808523", "osm_id": "1278808523", "osm_type": "way", "leisure": "garden", "opening_date": null, "fee": null, "access": null, "wikimedia_commons": null, "wikidata": null, "barrier": null, "name": null, "landuse": null }, "geometry": { "type": "MultiPolygon", "coordinates": [ [ [ [ -6.8235892, 34.0241382 ], [ -6.8235788, 34.0241323 ], [ -6.823566, 34.0241278 ], [ -6.8235525, 34.0241259 ], [ -6.8235389, 34.0241263 ], [ -6.823511, 34.0240702 ], [ -6.8236584, 34.0240155 ], [ -6.8237026, 34.024097 ], [ -6.8235892, 34.0241382 ] ] ] ] } },
{ "type": "Feature", "properties": { "full_id": "w1278808524", "osm_id": "1278808524", "osm_type": "way", "leisure": "garden", "opening_date": null, "fee": null, "access": null, "wikimedia_commons": null, "wikidata": null, "barrier": null, "name": null, "landuse": null }, "geometry": { "type": "MultiPolygon", "coordinates": [ [ [ [ -6.8236099, 34.0241651 ], [ -6.823612, 34.0241786 ], [ -6.8236102, 34.0241911 ], [ -6.8236049, 34.0242029 ], [ -6.8235942, 34.0242167 ], [ -6.8236129, 34.0242518 ], [ -6.8237565, 34.024198 ], [ -6.8237158, 34.0241252 ], [ -6.8236099, 34.0241651 ] ] ] ] } },
{ "type": "Feature", "properties": { "full_id": "w1278808525", "osm_id": "1278808525", "osm_type": "way", "leisure": "garden", "opening_date": null, "fee": null, "access": null, "wikimedia_commons": null, "wikidata": null, "barrier": null, "name": null, "landuse": null }, "geometry": { "type": "MultiPolygon", "coordinates": [ [ [ [ -6.8235727, 34.0242276 ], [ -6.8235907, 34.0242617 ], [ -6.823459, 34.0243094 ], [ -6.8234198, 34.024236 ], [ -6.823496, 34.0242093 ], [ -6.8235093, 34.0242208 ], [ -6.8235286, 34.0242291 ], [ -6.8235504, 34.0242316 ], [ -6.8235727, 34.0242276 ] ] ] ] } },
{ "type": "Feature", "properties": { "full_id": "w1278808526", "osm_id": "1278808526", "osm_type": "way", "leisure": "garden", "opening_date": null, "fee": null, "access": null, "wikimedia_commons": null, "wikidata": null, "barrier": null, "name": null, "landuse": null }, "geometry": { "type": "MultiPolygon", "coordinates": [ [ [ [ -6.8224334, 34.0246779 ], [ -6.8223487, 34.0245231 ], [ -6.8227521, 34.0243715 ], [ -6.8228368, 34.0245263 ], [ -6.8224334, 34.0246779 ] ] ] ] } },
{ "type": "Feature", "properties": { "full_id": "w1278808527", "osm_id": "1278808527", "osm_type": "way", "leisure": "garden", "opening_date": null, "fee": null, "access": null, "wikimedia_commons": null, "wikidata": null, "barrier": null, "name": null, "landuse": null }, "geometry": { "type": "MultiPolygon", "coordinates": [ [ [ [ -6.8231802, 34.0245331 ], [ -6.8233862, 34.0244544 ], [ -6.8233492, 34.0243878 ], [ -6.8231065, 34.0244805 ], [ -6.8231541, 34.0245662 ], [ -6.8231909, 34.0245522 ], [ -6.8231802, 34.0245331 ] ] ] ] } },
{ "type": "Feature", "properties": { "full_id": "w1278808528", "osm_id": "1278808528", "osm_type": "way", "leisure": "garden", "opening_date": null, "fee": null, "access": null, "wikimedia_commons": null, "wikidata": null, "barrier": null, "name": null, "landuse": null }, "geometry": { "type": "MultiPolygon", "coordinates": [ [ [ [ -6.8227654, 34.0247229 ], [ -6.8227496, 34.0246951 ], [ -6.822927, 34.024626 ], [ -6.8228843, 34.0245506 ], [ -6.8225636, 34.0246754 ], [ -6.8226165, 34.0247688 ], [ -6.8226533, 34.0247545 ], [ -6.8226589, 34.0247644 ], [ -6.8227654, 34.0247229 ] ] ] ] } },
{ "type": "Feature", "properties": { "full_id": "w1278808529", "osm_id": "1278808529", "osm_type": "way", "leisure": "garden", "opening_date": null, "fee": null, "access": null, "wikimedia_commons": null, "wikidata": null, "barrier": null, "name": null, "landuse": null }, "geometry": { "type": "MultiPolygon", "coordinates": [ [ [ [ -6.822107, 34.0245765 ], [ -6.8222165, 34.0245466 ], [ -6.8222405, 34.0245851 ], [ -6.8223225, 34.0245529 ], [ -6.8223841, 34.0246629 ], [ -6.8224008, 34.0246791 ], [ -6.8224223, 34.0246908 ], [ -6.8224469, 34.0246971 ], [ -6.8224726, 34.0246975 ], [ -6.8225116, 34.0246853 ], [ -6.8225243, 34.0246816 ], [ -6.8225375, 34.0246834 ], [ -6.8225482, 34.0246901 ], [ -6.8225782, 34.0247395 ], [ -6.822581, 34.0247495 ], [ -6.8225812, 34.0247577 ], [ -6.8225833, 34.0247681 ], [ -6.8226008, 34.0247889 ], [ -6.8226154, 34.0247975 ], [ -6.8226324, 34.0248019 ], [ -6.8226503, 34.0248018 ], [ -6.8226673, 34.0247972 ], [ -6.8227833, 34.0247536 ], [ -6.8227984, 34.0247812 ], [ -6.8229281, 34.0247323 ], [ -6.8229141, 34.0247069 ], [ -6.8229691, 34.0246862 ], [ -6.8230193, 34.0247776 ], [ -6.8229979, 34.0247857 ], [ -6.8230088, 34.0248055 ], [ -6.8229063, 34.0248441 ], [ -6.8229254, 34.0248789 ], [ -6.8230827, 34.0248162 ], [ -6.8231076, 34.024862 ], [ -6.8231129, 34.0248775 ], [ -6.8231161, 34.0248934 ], [ -6.8231165, 34.0249094 ], [ -6.8231114, 34.024919 ], [ -6.8231018, 34.0249233 ], [ -6.8230914, 34.0249237 ], [ -6.8225404, 34.024784 ], [ -6.8224361, 34.0247553 ], [ -6.8223362, 34.0247173 ], [ -6.8222419, 34.0246705 ], [ -6.8221544, 34.0246154 ], [ -6.822107, 34.0245765 ] ] ] ] } },
{ "type": "Feature", "properties": { "full_id": "w1278808530", "osm_id": "1278808530", "osm_type": "way", "leisure": "garden", "opening_date": null, "fee": null, "access": null, "wikimedia_commons": null, "wikidata": null, "barrier": null, "name": null, "landuse": null }, "geometry": { "type": "MultiPolygon", "coordinates": [ [ [ [ -6.8232387, 34.024842 ], [ -6.8232617, 34.0248339 ], [ -6.8232333, 34.0247786 ], [ -6.8232103, 34.0247867 ], [ -6.8232387, 34.024842 ] ] ] ] } },
{ "type": "Feature", "properties": { "full_id": "w1278808531", "osm_id": "1278808531", "osm_type": "way", "leisure": "garden", "opening_date": null, "fee": null, "access": null, "wikimedia_commons": null, "wikidata": null, "barrier": null, "name": null, "landuse": null }, "geometry": { "type": "MultiPolygon", "coordinates": [ [ [ [ -6.8231773, 34.0247236 ], [ -6.8231987, 34.0247149 ], [ -6.823165, 34.0246578 ], [ -6.8231435, 34.0246665 ], [ -6.8231773, 34.0247236 ] ] ] ] } },
{ "type": "Feature", "properties": { "full_id": "w1278808532", "osm_id": "1278808532", "osm_type": "way", "leisure": "garden", "opening_date": null, "fee": null, "access": null, "wikimedia_commons": null, "wikidata": null, "barrier": null, "name": null, "landuse": null }, "geometry": { "type": "MultiPolygon", "coordinates": [ [ [ [ -6.8232249, 34.0246252 ], [ -6.8234356, 34.0245395 ], [ -6.823479, 34.024616 ], [ -6.8232332, 34.024716 ], [ -6.8231723, 34.02461 ], [ -6.8232074, 34.0245957 ], [ -6.8232249, 34.0246252 ] ] ] ] } },
{ "type": "Feature", "properties": { "full_id": "w1278808533", "osm_id": "1278808533", "osm_type": "way", "leisure": "garden", "opening_date": null, "fee": null, "access": null, "wikimedia_commons": null, "wikidata": null, "barrier": null, "name": null, "landuse": null }, "geometry": { "type": "MultiPolygon", "coordinates": [ [ [ [ -6.8237129, 34.0246764 ], [ -6.823668, 34.0245976 ], [ -6.8237388, 34.0245699 ], [ -6.82382, 34.0247123 ], [ -6.8237056, 34.0247571 ], [ -6.8236693, 34.0246934 ], [ -6.8237129, 34.0246764 ] ] ] ] } },
{ "type": "Feature", "properties": { "full_id": "w1278808534", "osm_id": "1278808534", "osm_type": "way", "leisure": "garden", "opening_date": null, "fee": null, "access": null, "wikimedia_commons": null, "wikidata": null, "barrier": null, "name": null, "landuse": null }, "geometry": { "type": "MultiPolygon", "coordinates": [ [ [ [ -6.8232903, 34.0248285 ], [ -6.8234246, 34.0247775 ], [ -6.823388, 34.0247113 ], [ -6.82328, 34.0247523 ], [ -6.8232894, 34.0247693 ], [ -6.823263, 34.0247793 ], [ -6.8232903, 34.0248285 ] ] ] ] } },
{ "type": "Feature", "properties": { "full_id": "w1278808535", "osm_id": "1278808535", "osm_type": "way", "leisure": "garden", "opening_date": null, "fee": null, "access": null, "wikimedia_commons": null, "wikidata": null, "barrier": null, "name": null, "landuse": null }, "geometry": { "type": "MultiPolygon", "coordinates": [ [ [ [ -6.823586, 34.0248025 ], [ -6.8235726, 34.0247787 ], [ -6.8234923, 34.0248098 ], [ -6.8235056, 34.0248335 ], [ -6.823586, 34.0248025 ] ] ] ] } },
{ "type": "Feature", "properties": { "full_id": "w1278808536", "osm_id": "1278808536", "osm_type": "way", "leisure": "garden", "opening_date": null, "fee": null, "access": null, "wikimedia_commons": null, "wikidata": null, "barrier": null, "name": null, "landuse": null }, "geometry": { "type": "MultiPolygon", "coordinates": [ [ [ [ -6.8235403, 34.0249079 ], [ -6.8235203, 34.0248689 ], [ -6.8234767, 34.0248843 ], [ -6.8234976, 34.0249229 ], [ -6.8235403, 34.0249079 ] ] ] ] } },
{ "type": "Feature", "properties": { "full_id": "w1278808537", "osm_id": "1278808537", "osm_type": "way", "leisure": "garden", "opening_date": null, "fee": null, "access": null, "wikimedia_commons": null, "wikidata": null, "barrier": null, "name": null, "landuse": null }, "geometry": { "type": "MultiPolygon", "coordinates": [ [ [ [ -6.8235629, 34.0248995 ], [ -6.8235432, 34.0248621 ], [ -6.8235953, 34.0248432 ], [ -6.8236148, 34.0248803 ], [ -6.8235629, 34.0248995 ] ] ] ] } },
{ "type": "Feature", "properties": { "full_id": "w1278808538", "osm_id": "1278808538", "osm_type": "way", "leisure": "garden", "opening_date": null, "fee": null, "access": null, "wikimedia_commons": null, "wikidata": null, "barrier": null, "name": null, "landuse": null }, "geometry": { "type": "MultiPolygon", "coordinates": [ [ [ [ -6.8233299, 34.0248898 ], [ -6.8233075, 34.0248436 ], [ -6.8234307, 34.0247994 ], [ -6.8234767, 34.0248843 ], [ -6.8234976, 34.0249229 ], [ -6.8235403, 34.0249079 ], [ -6.8235629, 34.0248995 ], [ -6.8236148, 34.0248803 ], [ -6.8236903, 34.0250113 ], [ -6.8237025, 34.0250215 ], [ -6.8237205, 34.0250278 ], [ -6.8237484, 34.0250299 ], [ -6.8237753, 34.0250235 ], [ -6.8238046, 34.0250054 ], [ -6.8238195, 34.0249857 ], [ -6.8238274, 34.0249807 ], [ -6.8242436, 34.0248241 ], [ -6.8245029, 34.0252852 ], [ -6.8245472, 34.0252831 ], [ -6.8245978, 34.0252806 ], [ -6.8245275, 34.0251544 ], [ -6.8245796, 34.0251358 ], [ -6.8246091, 34.0251252 ], [ -6.8238384, 34.023726 ], [ -6.8239033, 34.0237003 ], [ -6.8239433, 34.0236845 ], [ -6.8248097, 34.0252439 ], [ -6.8246374, 34.025301 ], [ -6.8246007, 34.0253063 ], [ -6.8245635, 34.0253079 ], [ -6.8245189, 34.025305 ], [ -6.8244751, 34.0252968 ], [ -6.8233936, 34.0250109 ], [ -6.8233215, 34.0248929 ], [ -6.8233299, 34.0248898 ] ] ] ] } },
{ "type": "Feature", "properties": { "full_id": "w1278808539", "osm_id": "1278808539", "osm_type": "way", "leisure": "garden", "opening_date": null, "fee": null, "access": null, "wikimedia_commons": null, "wikidata": null, "barrier": null, "name": null, "landuse": null }, "geometry": { "type": "MultiPolygon", "coordinates": [ [ [ [ -6.8238248, 34.0249476 ], [ -6.8237369, 34.0247881 ], [ -6.8238288, 34.0247533 ], [ -6.8239168, 34.0249127 ], [ -6.8238248, 34.0249476 ] ] ] ] } },
{ "type": "Feature", "properties": { "full_id": "w1278808540", "osm_id": "1278808540", "osm_type": "way", "leisure": "garden", "opening_date": null, "fee": null, "access": null, "wikimedia_commons": null, "wikidata": null, "barrier": null, "name": null, "landuse": null }, "geometry": { "type": "MultiPolygon", "coordinates": [ [ [ [ -6.8236523, 34.0245666 ], [ -6.823725, 34.0245404 ], [ -6.8236639, 34.024424 ], [ -6.8235912, 34.0244502 ], [ -6.8236523, 34.0245666 ] ] ] ] } },
{ "type": "Feature", "properties": { "full_id": "w1278808544", "osm_id": "1278808544", "osm_type": "way", "leisure": "garden", "opening_date": null, "fee": null, "access": null, "wikimedia_commons": null, "wikidata": null, "barrier": null, "name": null, "landuse": null }, "geometry": { "type": "MultiPolygon", "coordinates": [ [ [ [ -6.8235214, 34.0241313 ], [ -6.8234914, 34.0240775 ], [ -6.8233613, 34.0241276 ], [ -6.8234052, 34.0242066 ], [ -6.8234839, 34.0241748 ], [ -6.8234876, 34.0241613 ], [ -6.8234955, 34.0241488 ], [ -6.8235071, 34.0241386 ], [ -6.8235214, 34.0241313 ] ] ] ] } },
{ "type": "Feature", "properties": { "full_id": "w1278808545", "osm_id": "1278808545", "osm_type": "way", "leisure": "garden", "opening_date": null, "fee": null, "access": null, "wikimedia_commons": null, "wikidata": null, "barrier": null, "name": null, "landuse": null }, "geometry": { "type": "MultiPolygon", "coordinates": [ [ [ [ -6.8233742, 34.0242898 ], [ -6.8232988, 34.0241573 ], [ -6.8229949, 34.0242761 ], [ -6.8230703, 34.0244086 ], [ -6.8233742, 34.0242898 ] ] ] ] } },
{ "type": "Feature", "properties": { "full_id": "w1278996418", "osm_id": "1278996418", "osm_type": "way", "leisure": "garden", "opening_date": null, "fee": null, "access": null, "wikimedia_commons": null, "wikidata": null, "barrier": null, "name": null, "landuse": null }, "geometry": { "type": "MultiPolygon", "coordinates": [ [ [ [ -6.8230373, 34.0247753 ], [ -6.8230593, 34.0247665 ], [ -6.8230373, 34.0247284 ], [ -6.8230153, 34.0247371 ], [ -6.8230373, 34.0247753 ] ] ] ] } },
{ "type": "Feature", "properties": { "full_id": "w1278996419", "osm_id": "1278996419", "osm_type": "way", "leisure": "garden", "opening_date": null, "fee": null, "access": null, "wikimedia_commons": null, "wikidata": null, "barrier": null, "name": null, "landuse": null }, "geometry": { "type": "MultiPolygon", "coordinates": [ [ [ [ -6.8235146, 34.0247848 ], [ -6.8235006, 34.0247598 ], [ -6.8234703, 34.0247715 ], [ -6.8234313, 34.0247023 ], [ -6.8235103, 34.0246718 ], [ -6.8235633, 34.024766 ], [ -6.8235146, 34.0247848 ] ] ] ] } },
{ "type": "Feature", "properties": { "full_id": "w1278996420", "osm_id": "1278996420", "osm_type": "way", "leisure": "garden", "opening_date": null, "fee": null, "access": null, "wikimedia_commons": null, "wikidata": null, "barrier": null, "name": null, "landuse": null }, "geometry": { "type": "MultiPolygon", "coordinates": [ [ [ [ -6.8238652, 34.0245301 ], [ -6.8238041, 34.024416 ], [ -6.8237635, 34.0244309 ], [ -6.8238246, 34.024545 ], [ -6.8238652, 34.0245301 ] ] ] ] } },
{ "type": "Feature", "properties": { "full_id": "w1278996421", "osm_id": "1278996421", "osm_type": "way", "leisure": "garden", "opening_date": null, "fee": null, "access": null, "wikimedia_commons": null, "wikidata": null, "barrier": null, "name": null, "landuse": null }, "geometry": { "type": "MultiPolygon", "coordinates": [ [ [ [ -6.8239663, 34.0248486 ], [ -6.8240277, 34.0248257 ], [ -6.8239699, 34.0247196 ], [ -6.8239085, 34.0247426 ], [ -6.8239663, 34.0248486 ] ] ] ] } },
{ "type": "Feature", "properties": { "full_id": "w1278996425", "osm_id": "1278996425", "osm_type": "way", "leisure": "garden", "opening_date": null, "fee": null, "access": null, "wikimedia_commons": null, "wikidata": null, "barrier": null, "name": null, "landuse": null }, "geometry": { "type": "MultiPolygon", "coordinates": [ [ [ [ -6.8232193, 34.0228239 ], [ -6.8232572, 34.0228101 ], [ -6.8231746, 34.0226545 ], [ -6.8231366, 34.0226683 ], [ -6.8232193, 34.0228239 ] ] ] ] } },
{ "type": "Feature", "properties": { "full_id": "w1278996426", "osm_id": "1278996426", "osm_type": "way", "leisure": "garden", "opening_date": null, "fee": null, "access": null, "wikimedia_commons": null, "wikidata": null, "barrier": null, "name": null, "landuse": null }, "geometry": { "type": "MultiPolygon", "coordinates": [ [ [ [ -6.8231348, 34.022908 ], [ -6.8232178, 34.0228748 ], [ -6.8230877, 34.0226512 ], [ -6.8230047, 34.0226844 ], [ -6.8231348, 34.022908 ] ] ] ] } },
{ "type": "Feature", "properties": { "full_id": "w1278996427", "osm_id": "1278996427", "osm_type": "way", "leisure": "garden", "opening_date": null, "fee": null, "access": null, "wikimedia_commons": null, "wikidata": null, "barrier": null, "name": null, "landuse": null }, "geometry": { "type": "MultiPolygon", "coordinates": [ [ [ [ -6.8233179, 34.0228341 ], [ -6.8234108, 34.0227988 ], [ -6.8232949, 34.0225865 ], [ -6.8232005, 34.0226225 ], [ -6.8233179, 34.0228341 ] ] ] ] } },
{ "type": "Feature", "properties": { "full_id": "w1278996428", "osm_id": "1278996428", "osm_type": "way", "leisure": "garden", "opening_date": null, "fee": null, "access": null, "wikimedia_commons": null, "wikidata": null, "barrier": null, "name": null, "landuse": null }, "geometry": { "type": "MultiPolygon", "coordinates": [ [ [ [ -6.8234554, 34.0230972 ], [ -6.8235534, 34.0230601 ], [ -6.8234335, 34.0228405 ], [ -6.8233345, 34.022878 ], [ -6.8234554, 34.0230972 ] ] ] ] } },
{ "type": "Feature", "properties": { "full_id": "w1278996429", "osm_id": "1278996429", "osm_type": "way", "leisure": "garden", "opening_date": null, "fee": null, "access": null, "wikimedia_commons": null, "wikidata": null, "barrier": null, "name": null, "landuse": null }, "geometry": { "type": "MultiPolygon", "coordinates": [ [ [ [ -6.8233654, 34.0230849 ], [ -6.823407, 34.0230686 ], [ -6.82332, 34.0229156 ], [ -6.8232785, 34.0229318 ], [ -6.8233654, 34.0230849 ] ] ] ] } },
{ "type": "Feature", "properties": { "full_id": "w1278996430", "osm_id": "1278996430", "osm_type": "way", "leisure": "garden", "opening_date": null, "fee": null, "access": null, "wikimedia_commons": null, "wikidata": null, "barrier": null, "name": null, "landuse": null }, "geometry": { "type": "MultiPolygon", "coordinates": [ [ [ [ -6.8232761, 34.0231653 ], [ -6.8233632, 34.0231294 ], [ -6.8232404, 34.0229181 ], [ -6.8231538, 34.0229527 ], [ -6.8232761, 34.0231653 ] ] ] ] } },
{ "type": "Feature", "properties": { "full_id": "w1278996431", "osm_id": "1278996431", "osm_type": "way", "leisure": "garden", "opening_date": null, "fee": null, "access": null, "wikimedia_commons": null, "wikidata": null, "barrier": null, "name": null, "landuse": null }, "geometry": { "type": "MultiPolygon", "coordinates": [ [ [ [ -6.8236026, 34.0233521 ], [ -6.8236934, 34.0233167 ], [ -6.8235794, 34.0231078 ], [ -6.8234846, 34.0231448 ], [ -6.8236026, 34.0233521 ] ] ] ] } },
{ "type": "Feature", "properties": { "full_id": "w1278996432", "osm_id": "1278996432", "osm_type": "way", "leisure": "garden", "opening_date": null, "fee": null, "access": null, "wikimedia_commons": null, "wikidata": null, "barrier": null, "name": null, "landuse": null }, "geometry": { "type": "MultiPolygon", "coordinates": [ [ [ [ -6.8235152, 34.023352 ], [ -6.8235577, 34.0233356 ], [ -6.8234692, 34.0231779 ], [ -6.8234267, 34.0231942 ], [ -6.8235152, 34.023352 ] ] ] ] } },
{ "type": "Feature", "properties": { "full_id": "w1278996433", "osm_id": "1278996433", "osm_type": "way", "leisure": "garden", "opening_date": null, "fee": null, "access": null, "wikimedia_commons": null, "wikidata": null, "barrier": null, "name": null, "landuse": null }, "geometry": { "type": "MultiPolygon", "coordinates": [ [ [ [ -6.8234306, 34.0234291 ], [ -6.8235115, 34.0233964 ], [ -6.8233833, 34.0231783 ], [ -6.8233023, 34.023211 ], [ -6.8234306, 34.0234291 ] ] ] ] } },
{ "type": "Feature", "properties": { "full_id": "w1278996434", "osm_id": "1278996434", "osm_type": "way", "leisure": "garden", "opening_date": null, "fee": null, "access": null, "wikimedia_commons": null, "wikidata": null, "barrier": null, "name": null, "landuse": null }, "geometry": { "type": "MultiPolygon", "coordinates": [ [ [ [ -6.8236554, 34.023674 ], [ -6.8235753, 34.023705 ], [ -6.823445, 34.0234716 ], [ -6.8235249, 34.0234404 ], [ -6.8236554, 34.023674 ] ] ] ] } },
{ "type": "Feature", "properties": { "full_id": "w1278996435", "osm_id": "1278996435", "osm_type": "way", "leisure": "garden", "opening_date": null, "fee": null, "access": null, "wikimedia_commons": null, "wikidata": null, "barrier": null, "name": null, "landuse": null }, "geometry": { "type": "MultiPolygon", "coordinates": [ [ [ [ -6.82368, 34.0236649 ], [ -6.8237286, 34.0236461 ], [ -6.8236065, 34.0234298 ], [ -6.8235578, 34.0234487 ], [ -6.82368, 34.0236649 ] ] ] ] } },
{ "type": "Feature", "properties": { "full_id": "w1278996436", "osm_id": "1278996436", "osm_type": "way", "leisure": "garden", "opening_date": null, "fee": null, "access": null, "wikimedia_commons": null, "wikidata": null, "barrier": null, "name": null, "landuse": null }, "geometry": { "type": "MultiPolygon", "coordinates": [ [ [ [ -6.8237616, 34.0236363 ], [ -6.8238492, 34.0236022 ], [ -6.8237187, 34.023363 ], [ -6.8236269, 34.0233987 ], [ -6.8237616, 34.0236363 ] ] ] ] } },
{ "type": "Feature", "properties": { "full_id": "w1279036796", "osm_id": "1279036796", "osm_type": "way", "leisure": "garden", "opening_date": null, "fee": null, "access": null, "wikimedia_commons": null, "wikidata": null, "barrier": null, "name": null, "landuse": null }, "geometry": { "type": "MultiPolygon", "coordinates": [ [ [ [ -6.8700251, 33.9579276 ], [ -6.8701606, 33.9577971 ], [ -6.8703141, 33.9576419 ], [ -6.8704127, 33.957534 ], [ -6.8705159, 33.9573966 ], [ -6.8705454, 33.9574305 ], [ -6.8705944, 33.9573922 ], [ -6.8705629, 33.9573527 ], [ -6.8706159, 33.9572798 ], [ -6.8706628, 33.9573137 ], [ -6.8706963, 33.957282 ], [ -6.8706514, 33.9572442 ], [ -6.8707124, 33.9571652 ], [ -6.8707741, 33.9572092 ], [ -6.870811, 33.9571713 ], [ -6.870748, 33.9571252 ], [ -6.870817, 33.9570479 ], [ -6.8708861, 33.9570996 ], [ -6.8709263, 33.9570618 ], [ -6.8708653, 33.9570095 ], [ -6.8710305, 33.9568741 ], [ -6.8708526, 33.9567242 ], [ -6.8707815, 33.9567887 ], [ -6.8707603, 33.9567753 ], [ -6.8707506, 33.9567859 ], [ -6.8707372, 33.9567776 ], [ -6.8697511, 33.9577243 ], [ -6.8700251, 33.9579276 ] ] ] ] } },
{ "type": "Feature", "properties": { "full_id": "w1279036797", "osm_id": "1279036797", "osm_type": "way", "leisure": "garden", "opening_date": null, "fee": null, "access": null, "wikimedia_commons": null, "wikidata": null, "barrier": null, "name": null, "landuse": null }, "geometry": { "type": "MultiPolygon", "coordinates": [ [ [ [ -6.8702209, 33.9578537 ], [ -6.8702744, 33.9578029 ], [ -6.8702403, 33.9577783 ], [ -6.8701869, 33.957829 ], [ -6.8702209, 33.9578537 ] ] ] ] } },
{ "type": "Feature", "properties": { "full_id": "w1279036798", "osm_id": "1279036798", "osm_type": "way", "leisure": "garden", "opening_date": null, "fee": null, "access": null, "wikimedia_commons": null, "wikidata": null, "barrier": null, "name": null, "landuse": null }, "geometry": { "type": "MultiPolygon", "coordinates": [ [ [ [ -6.8702984, 33.9577775 ], [ -6.8705028, 33.9575826 ], [ -6.8704706, 33.9575594 ], [ -6.8702662, 33.9577543 ], [ -6.8702984, 33.9577775 ] ] ] ] } },
{ "type": "Feature", "properties": { "full_id": "w1279036799", "osm_id": "1279036799", "osm_type": "way", "leisure": "garden", "opening_date": null, "fee": null, "access": null, "wikimedia_commons": null, "wikidata": null, "barrier": null, "name": null, "landuse": null }, "geometry": { "type": "MultiPolygon", "coordinates": [ [ [ [ -6.8705273, 33.9575557 ], [ -6.8707333, 33.9573603 ], [ -6.8707017, 33.9573373 ], [ -6.8704957, 33.9575327 ], [ -6.8705273, 33.9575557 ] ] ] ] } },
{ "type": "Feature", "properties": { "full_id": "w1279036800", "osm_id": "1279036800", "osm_type": "way", "leisure": "garden", "opening_date": null, "fee": null, "access": null, "wikimedia_commons": null, "wikidata": null, "barrier": null, "name": null, "landuse": null }, "geometry": { "type": "MultiPolygon", "coordinates": [ [ [ [ -6.8707604, 33.9573295 ], [ -6.8709579, 33.9571397 ], [ -6.8709273, 33.9571177 ], [ -6.8707298, 33.9573076 ], [ -6.8707604, 33.9573295 ] ] ] ] } },
{ "type": "Feature", "properties": { "full_id": "w1279036801", "osm_id": "1279036801", "osm_type": "way", "leisure": "garden", "opening_date": null, "fee": null, "access": null, "wikimedia_commons": null, "wikidata": null, "barrier": null, "name": null, "landuse": null }, "geometry": { "type": "MultiPolygon", "coordinates": [ [ [ [ -6.870996, 33.9571169 ], [ -6.8710974, 33.9570179 ], [ -6.8710608, 33.9569922 ], [ -6.8709594, 33.9570912 ], [ -6.870996, 33.9571169 ] ] ] ] } },
{ "type": "Feature", "properties": { "full_id": "w1279036837", "osm_id": "1279036837", "osm_type": "way", "leisure": "garden", "opening_date": null, "fee": null, "access": null, "wikimedia_commons": null, "wikidata": null, "barrier": null, "name": null, "landuse": null }, "geometry": { "type": "MultiPolygon", "coordinates": [ [ [ [ -6.8753204, 33.9609267 ], [ -6.8753701, 33.9608652 ], [ -6.8753245, 33.9608438 ], [ -6.8753119, 33.9608437 ], [ -6.8752997, 33.960846 ], [ -6.8752844, 33.9608529 ], [ -6.8752725, 33.9608633 ], [ -6.8752708, 33.9608791 ], [ -6.8752751, 33.9608935 ], [ -6.8752846, 33.9609061 ], [ -6.8753204, 33.9609267 ] ] ] ] } },
{ "type": "Feature", "properties": { "full_id": "w1279036838", "osm_id": "1279036838", "osm_type": "way", "leisure": "garden", "opening_date": null, "fee": null, "access": null, "wikimedia_commons": null, "wikidata": null, "barrier": null, "name": null, "landuse": null }, "geometry": { "type": "MultiPolygon", "coordinates": [ [ [ [ -6.8761314, 33.9612268 ], [ -6.8754495, 33.9609005 ], [ -6.8754, 33.9609717 ], [ -6.8760819, 33.961298 ], [ -6.8761314, 33.9612268 ] ] ] ] } },
{ "type": "Feature", "properties": { "full_id": "w1279036839", "osm_id": "1279036839", "osm_type": "way", "leisure": "garden", "opening_date": null, "fee": null, "access": null, "wikimedia_commons": null, "wikidata": null, "barrier": null, "name": null, "landuse": null }, "geometry": { "type": "MultiPolygon", "coordinates": [ [ [ [ -6.8773295, 33.9618929 ], [ -6.877377, 33.9618242 ], [ -6.8762169, 33.9612711 ], [ -6.8761694, 33.9613397 ], [ -6.8773295, 33.9618929 ] ] ] ] } },
{ "type": "Feature", "properties": { "full_id": "w1279036840", "osm_id": "1279036840", "osm_type": "way", "leisure": "garden", "opening_date": null, "fee": null, "access": null, "wikimedia_commons": null, "wikidata": null, "barrier": null, "name": null, "landuse": null }, "geometry": { "type": "MultiPolygon", "coordinates": [ [ [ [ -6.8774253, 33.961935 ], [ -6.8774655, 33.9618722 ], [ -6.877485, 33.9618861 ], [ -6.8774904, 33.9618988 ], [ -6.8774897, 33.9619122 ], [ -6.8774831, 33.9619244 ], [ -6.8774716, 33.9619337 ], [ -6.8774568, 33.9619389 ], [ -6.8774253, 33.961935 ] ] ] ] } },
{ "type": "Feature", "properties": { "full_id": "w1279036841", "osm_id": "1279036841", "osm_type": "way", "leisure": "garden", "opening_date": null, "fee": null, "access": null, "wikimedia_commons": null, "wikidata": null, "barrier": null, "name": null, "landuse": null }, "geometry": { "type": "MultiPolygon", "coordinates": [ [ [ [ -6.8776828, 33.9620651 ], [ -6.8777284, 33.9620034 ], [ -6.8777023, 33.9619973 ], [ -6.8776876, 33.9619979 ], [ -6.8776741, 33.9620029 ], [ -6.8776642, 33.9620106 ], [ -6.877658, 33.9620207 ], [ -6.877658, 33.9620357 ], [ -6.8776658, 33.9620542 ], [ -6.8776828, 33.9620651 ] ] ] ] } },
{ "type": "Feature", "properties": { "full_id": "w1279036842", "osm_id": "1279036842", "osm_type": "way", "leisure": "garden", "opening_date": null, "fee": null, "access": null, "wikimedia_commons": null, "wikidata": null, "barrier": null, "name": null, "landuse": null }, "geometry": { "type": "MultiPolygon", "coordinates": [ [ [ [ -6.8785194, 33.9623823 ], [ -6.87781, 33.9620391 ], [ -6.8777619, 33.9621075 ], [ -6.8784712, 33.9624508 ], [ -6.8785194, 33.9623823 ] ] ] ] } },
{ "type": "Feature", "properties": { "full_id": "w1279036843", "osm_id": "1279036843", "osm_type": "way", "leisure": "garden", "opening_date": null, "fee": null, "access": null, "wikimedia_commons": null, "wikidata": null, "barrier": null, "name": null, "landuse": null }, "geometry": { "type": "MultiPolygon", "coordinates": [ [ [ [ -6.8788395, 33.9625405 ], [ -6.8785953, 33.9624189 ], [ -6.8785455, 33.9624877 ], [ -6.8787897, 33.9626093 ], [ -6.8788395, 33.9625405 ] ] ] ] } },
{ "type": "Feature", "properties": { "full_id": "w1279036844", "osm_id": "1279036844", "osm_type": "way", "leisure": "garden", "opening_date": null, "fee": null, "access": null, "wikimedia_commons": null, "wikidata": null, "barrier": null, "name": null, "landuse": null }, "geometry": { "type": "MultiPolygon", "coordinates": [ [ [ [ -6.8795871, 33.9628923 ], [ -6.8789194, 33.9625723 ], [ -6.8788701, 33.9626431 ], [ -6.8795377, 33.9629631 ], [ -6.8795871, 33.9628923 ] ] ] ] } },
{ "type": "Feature", "properties": { "full_id": "w1279036845", "osm_id": "1279036845", "osm_type": "way", "leisure": "garden", "opening_date": null, "fee": null, "access": null, "wikimedia_commons": null, "wikidata": null, "barrier": null, "name": null, "landuse": null }, "geometry": { "type": "MultiPolygon", "coordinates": [ [ [ [ -6.8796187, 33.9629945 ], [ -6.8796616, 33.9629339 ], [ -6.8797689, 33.9629856 ], [ -6.8797739, 33.9629992 ], [ -6.8797729, 33.9630134 ], [ -6.8797657, 33.9630269 ], [ -6.879753, 33.9630374 ], [ -6.8797367, 33.9630434 ], [ -6.8796187, 33.9629945 ] ] ] ] } },
{ "type": "Feature", "properties": { "full_id": "w1279036846", "osm_id": "1279036846", "osm_type": "way", "leisure": "garden", "opening_date": null, "fee": null, "access": null, "wikimedia_commons": null, "wikidata": null, "barrier": null, "name": null, "landuse": null }, "geometry": { "type": "MultiPolygon", "coordinates": [ [ [ [ -6.8801665, 33.9632598 ], [ -6.8802162, 33.9631964 ], [ -6.8801048, 33.9631424 ], [ -6.8800904, 33.9631428 ], [ -6.8800767, 33.9631463 ], [ -6.8800617, 33.9631548 ], [ -6.880051, 33.963167 ], [ -6.8800457, 33.9631813 ], [ -6.8800465, 33.9631964 ], [ -6.8801665, 33.9632598 ] ] ] ] } },
{ "type": "Feature", "properties": { "full_id": "w1279036847", "osm_id": "1279036847", "osm_type": "way", "leisure": "garden", "opening_date": null, "fee": null, "access": null, "wikimedia_commons": null, "wikidata": null, "barrier": null, "name": null, "landuse": null }, "geometry": { "type": "MultiPolygon", "coordinates": [ [ [ [ -6.8812795, 33.9637093 ], [ -6.8803035, 33.9632321 ], [ -6.8802531, 33.963303 ], [ -6.8812292, 33.9637801 ], [ -6.8812795, 33.9637093 ] ] ] ] } },
{ "type": "Feature", "properties": { "full_id": "w1279036848", "osm_id": "1279036848", "osm_type": "way", "leisure": "garden", "opening_date": null, "fee": null, "access": null, "wikimedia_commons": null, "wikidata": null, "barrier": null, "name": null, "landuse": null }, "geometry": { "type": "MultiPolygon", "coordinates": [ [ [ [ -6.8813266, 33.9638248 ], [ -6.8813695, 33.9637564 ], [ -6.8814359, 33.9637876 ], [ -6.8814457, 33.9637985 ], [ -6.8814506, 33.9638115 ], [ -6.8814489, 33.9638297 ], [ -6.8814379, 33.9638456 ], [ -6.8814118, 33.9638582 ], [ -6.8813266, 33.9638248 ] ] ] ] } },
{ "type": "Feature", "properties": { "full_id": "w1279071651", "osm_id": "1279071651", "osm_type": "way", "leisure": "garden", "opening_date": null, "fee": null, "access": null, "wikimedia_commons": null, "wikidata": null, "barrier": null, "name": null, "landuse": null }, "geometry": { "type": "MultiPolygon", "coordinates": [ [ [ [ -6.8383438, 34.0149766 ], [ -6.8383461, 34.0149958 ], [ -6.8383408, 34.0150146 ], [ -6.8383284, 34.0150309 ], [ -6.8383103, 34.015043 ], [ -6.8382592, 34.0150639 ], [ -6.8382371, 34.0149921 ], [ -6.8382895, 34.0149811 ], [ -6.8382722, 34.014925 ], [ -6.8382198, 34.014936 ], [ -6.8381317, 34.0146492 ], [ -6.8381738, 34.0146403 ], [ -6.8381585, 34.0145905 ], [ -6.8381142, 34.0145998 ], [ -6.8380258, 34.014312 ], [ -6.8380661, 34.0143035 ], [ -6.8380533, 34.0142617 ], [ -6.8380136, 34.0142701 ], [ -6.8379665, 34.0141168 ], [ -6.837922, 34.0139719 ], [ -6.8379728, 34.0139612 ], [ -6.8379557, 34.0139052 ], [ -6.8379056, 34.0139158 ], [ -6.8378152, 34.0136217 ], [ -6.8378574, 34.0136128 ], [ -6.837844, 34.0135694 ], [ -6.8378013, 34.0135784 ], [ -6.8377202, 34.0133145 ], [ -6.837794, 34.0132938 ], [ -6.8378165, 34.0133539 ], [ -6.8378428, 34.0134062 ], [ -6.8378713, 34.0134463 ], [ -6.8378977, 34.0134753 ], [ -6.837989, 34.0135828 ], [ -6.838009, 34.0136079 ], [ -6.8380215, 34.0136362 ], [ -6.838025, 34.0136637 ], [ -6.8380319, 34.0137378 ], [ -6.838039, 34.0137807 ], [ -6.8380507, 34.0138203 ], [ -6.8380634, 34.0138549 ], [ -6.838104, 34.0139623 ], [ -6.8381193, 34.0140128 ], [ -6.8381335, 34.0140688 ], [ -6.8381381, 34.0141051 ], [ -6.8381426, 34.014148 ], [ -6.8381381, 34.0143035 ], [ -6.838131, 34.0143473 ], [ -6.8381315, 34.0143818 ], [ -6.8381345, 34.0144041 ], [ -6.8381421, 34.0144286 ], [ -6.8383438, 34.0149766 ] ] ] ] } },
{ "type": "Feature", "properties": { "full_id": "w1279071653", "osm_id": "1279071653", "osm_type": "way", "leisure": "garden", "opening_date": null, "fee": null, "access": null, "wikimedia_commons": null, "wikidata": null, "barrier": null, "name": null, "landuse": null }, "geometry": { "type": "MultiPolygon", "coordinates": [ [ [ [ -6.8380676, 34.0137558 ], [ -6.8380679, 34.0137281 ], [ -6.8380834, 34.0137036 ], [ -6.8381106, 34.0136876 ], [ -6.8381437, 34.0136837 ], [ -6.8381752, 34.0136927 ], [ -6.8381984, 34.0137126 ], [ -6.838433, 34.0139685 ], [ -6.838417, 34.0140229 ], [ -6.8383932, 34.0141293 ], [ -6.8383607, 34.0143317 ], [ -6.8383562, 34.0144179 ], [ -6.8383651, 34.0145109 ], [ -6.8383723, 34.014592 ], [ -6.8383988, 34.0148987 ], [ -6.8383962, 34.0149189 ], [ -6.8383923, 34.0149468 ], [ -6.838379, 34.0149645 ], [ -6.8381793, 34.0144121 ], [ -6.8381713, 34.0143873 ], [ -6.8381674, 34.0143619 ], [ -6.8381671, 34.0143452 ], [ -6.8381723, 34.0143109 ], [ -6.8381944, 34.0141387 ], [ -6.8381901, 34.0140759 ], [ -6.8381755, 34.0140141 ], [ -6.838151, 34.0139545 ], [ -6.8380676, 34.0137558 ] ] ] ] } },
{ "type": "Feature", "properties": { "full_id": "w1279081064", "osm_id": "1279081064", "osm_type": "way", "leisure": "garden", "opening_date": null, "fee": null, "access": null, "wikimedia_commons": null, "wikidata": null, "barrier": null, "name": null, "landuse": null }, "geometry": { "type": "MultiPolygon", "coordinates": [ [ [ [ -6.8175344, 34.0197229 ], [ -6.8181357, 34.0198145 ], [ -6.8182076, 34.0198217 ], [ -6.81828, 34.0198227 ], [ -6.8183521, 34.0198173 ], [ -6.8184232, 34.0198056 ], [ -6.8184644, 34.019788 ], [ -6.8184962, 34.01976 ], [ -6.818515, 34.019725 ], [ -6.8185188, 34.0196867 ], [ -6.8185071, 34.0196496 ], [ -6.8184522, 34.0195677 ], [ -6.818402, 34.0194837 ], [ -6.8183567, 34.0193979 ], [ -6.8183163, 34.0193104 ], [ -6.8182809, 34.0192214 ], [ -6.8182507, 34.0191312 ], [ -6.8180985, 34.0186343 ], [ -6.8180566, 34.0185409 ], [ -6.8180005, 34.0184529 ], [ -6.8179313, 34.0183715 ], [ -6.8178499, 34.0182982 ], [ -6.8177579, 34.0182342 ], [ -6.8176621, 34.0181858 ], [ -6.8175601, 34.0181472 ], [ -6.8174533, 34.0181189 ], [ -6.8173432, 34.0181013 ], [ -6.8172314, 34.0180946 ], [ -6.8159672, 34.0180853 ], [ -6.8158076, 34.018093 ], [ -6.8156485, 34.0181064 ], [ -6.8154903, 34.0181256 ], [ -6.8153332, 34.0181505 ], [ -6.8153395, 34.0182463 ], [ -6.8155391, 34.018224 ], [ -6.8157405, 34.0182072 ], [ -6.8159438, 34.0181932 ], [ -6.8161784, 34.0181868 ], [ -6.8168056, 34.0181935 ], [ -6.8172178, 34.0181997 ], [ -6.8173741, 34.0182094 ], [ -6.8175018, 34.018232 ], [ -6.8176228, 34.0182742 ], [ -6.8177377, 34.0183443 ], [ -6.8178295, 34.0184244 ], [ -6.8179082, 34.0185071 ], [ -6.8179646, 34.0185917 ], [ -6.8180086, 34.0186966 ], [ -6.8180418, 34.0187944 ], [ -6.8180642, 34.0188948 ], [ -6.8180958, 34.0190429 ], [ -6.8181151, 34.0191551 ], [ -6.8181211, 34.0192686 ], [ -6.8181013, 34.019376 ], [ -6.8180604, 34.0194611 ], [ -6.8180032, 34.0195376 ], [ -6.8179448, 34.0195898 ], [ -6.8178445, 34.0196184 ], [ -6.817767, 34.0196212 ], [ -6.8174937, 34.019609 ], [ -6.8174766, 34.0196256 ], [ -6.8174708, 34.0196445 ], [ -6.8174732, 34.0196699 ], [ -6.8174857, 34.0196931 ], [ -6.817507, 34.0197115 ], [ -6.8175344, 34.0197229 ] ] ] ] } },
{ "type": "Feature", "properties": { "full_id": "w1280136358", "osm_id": "1280136358", "osm_type": "way", "leisure": "garden", "opening_date": null, "fee": null, "access": null, "wikimedia_commons": null, "wikidata": null, "barrier": null, "name": null, "landuse": null }, "geometry": { "type": "MultiPolygon", "coordinates": [ [ [ [ -6.8349922, 34.0321595 ], [ -6.8348732, 34.0320462 ], [ -6.8350193, 34.031932 ], [ -6.8350362, 34.0319445 ], [ -6.835094, 34.0320065 ], [ -6.8351428, 34.0319725 ], [ -6.8351859, 34.0320119 ], [ -6.8351216, 34.0320545 ], [ -6.8349922, 34.0321595 ] ] ] ] } },
{ "type": "Feature", "properties": { "full_id": "w1280136466", "osm_id": "1280136466", "osm_type": "way", "leisure": "garden", "opening_date": null, "fee": null, "access": null, "wikimedia_commons": null, "wikidata": null, "barrier": null, "name": null, "landuse": null }, "geometry": { "type": "MultiPolygon", "coordinates": [ [ [ [ -6.8349528, 34.0324238 ], [ -6.8350472, 34.0324505 ], [ -6.8349873, 34.0326484 ], [ -6.8349025, 34.0327059 ], [ -6.8349528, 34.0324238 ] ] ] ] } },
{ "type": "Feature", "properties": { "full_id": "w1280477084", "osm_id": "1280477084", "osm_type": "way", "leisure": "garden", "opening_date": null, "fee": null, "access": null, "wikimedia_commons": null, "wikidata": null, "barrier": null, "name": null, "landuse": null }, "geometry": { "type": "MultiPolygon", "coordinates": [ [ [ [ -6.8726262, 33.9472516 ], [ -6.8723445, 33.9473095 ], [ -6.8723331, 33.9473121 ], [ -6.8723271, 33.9473206 ], [ -6.8723285, 33.9473279 ], [ -6.8723345, 33.9473334 ], [ -6.8724699, 33.9473924 ], [ -6.8724639, 33.9474102 ], [ -6.8726221, 33.9474552 ], [ -6.8726477, 33.947462 ], [ -6.8726745, 33.9474636 ], [ -6.8727035, 33.9474591 ], [ -6.8727301, 33.9474485 ], [ -6.8729227, 33.9473734 ], [ -6.8731197, 33.9473067 ], [ -6.873285, 33.9472581 ], [ -6.8734526, 33.9472153 ], [ -6.8736222, 33.9471784 ], [ -6.8737936, 33.9471476 ], [ -6.8745339, 33.9470091 ], [ -6.8755712, 33.9468116 ], [ -6.875714, 33.9467712 ], [ -6.8758592, 33.9467375 ], [ -6.8760066, 33.9467106 ], [ -6.8761555, 33.9466906 ], [ -6.8763055, 33.9466776 ], [ -6.8764283, 33.9466721 ], [ -6.8765514, 33.9466714 ], [ -6.8766743, 33.9466753 ], [ -6.8769154, 33.9466948 ], [ -6.8769264, 33.9466553 ], [ -6.8769264, 33.9466486 ], [ -6.8769204, 33.9466431 ], [ -6.8769107, 33.9466406 ], [ -6.8765506, 33.9466125 ], [ -6.8764767, 33.9466094 ], [ -6.8764027, 33.9466091 ], [ -6.8763226, 33.9466122 ], [ -6.8762428, 33.9466186 ], [ -6.8761813, 33.9466266 ], [ -6.8761204, 33.9466372 ], [ -6.8759293, 33.9466753 ], [ -6.8758696, 33.9466851 ], [ -6.8757707, 33.9467004 ], [ -6.8755582, 33.9467424 ], [ -6.8753915, 33.9467763 ], [ -6.8749503, 33.9468611 ], [ -6.8747465, 33.9469017 ], [ -6.8745051, 33.9469579 ], [ -6.8742891, 33.9470124 ], [ -6.8742116, 33.9470331 ], [ -6.8741329, 33.9470508 ], [ -6.8740575, 33.9470647 ], [ -6.8739894, 33.9470742 ], [ -6.8738888, 33.9470875 ], [ -6.873636, 33.9471265 ], [ -6.8734335, 33.9471671 ], [ -6.8733041, 33.9471929 ], [ -6.8731767, 33.9472249 ], [ -6.8730392, 33.9472672 ], [ -6.8729286, 33.9473022 ], [ -6.8728877, 33.9473164 ], [ -6.8728441, 33.9473234 ], [ -6.8728097, 33.9473236 ], [ -6.8727756, 33.9473193 ], [ -6.8727428, 33.9473106 ], [ -6.8726832, 33.9472906 ], [ -6.8726612, 33.947282 ], [ -6.8726423, 33.9472694 ], [ -6.8726262, 33.9472516 ] ] ] ] } },
{ "type": "Feature", "properties": { "full_id": "w1280477085", "osm_id": "1280477085", "osm_type": "way", "leisure": "garden", "opening_date": null, "fee": null, "access": null, "wikimedia_commons": null, "wikidata": null, "barrier": null, "name": null, "landuse": null }, "geometry": { "type": "MultiPolygon", "coordinates": [ [ [ [ -6.8801708, 33.9457979 ], [ -6.8801561, 33.9457803 ], [ -6.8801447, 33.9457759 ], [ -6.8801326, 33.9457746 ], [ -6.8801206, 33.9457764 ], [ -6.8798644, 33.9458237 ], [ -6.8798178, 33.945832 ], [ -6.8797726, 33.9458446 ], [ -6.8797348, 33.9458587 ], [ -6.8796988, 33.9458757 ], [ -6.8795939, 33.945911 ], [ -6.8795131, 33.9459335 ], [ -6.8794309, 33.9459525 ], [ -6.8793488, 33.9459725 ], [ -6.8792852, 33.9459859 ], [ -6.8792204, 33.9459945 ], [ -6.8791589, 33.9459981 ], [ -6.8790973, 33.9459975 ], [ -6.8790425, 33.9459949 ], [ -6.8789877, 33.945997 ], [ -6.8789287, 33.9460045 ], [ -6.878871, 33.9460175 ], [ -6.8787507, 33.9460437 ], [ -6.8786598, 33.9460732 ], [ -6.8785984, 33.9460988 ], [ -6.8785176, 33.9461299 ], [ -6.8784518, 33.9461486 ], [ -6.8783842, 33.9461622 ], [ -6.878285, 33.946178 ], [ -6.8780037, 33.9462359 ], [ -6.8778877, 33.946257 ], [ -6.8777857, 33.9462729 ], [ -6.8776805, 33.9462848 ], [ -6.8775822, 33.9462948 ], [ -6.8775448, 33.9462993 ], [ -6.8775091, 33.9463099 ], [ -6.8774854, 33.9463211 ], [ -6.8774639, 33.9463352 ], [ -6.877426, 33.9463658 ], [ -6.8774011, 33.9463921 ], [ -6.8773801, 33.9464206 ], [ -6.8773428, 33.946469 ], [ -6.8773157, 33.9464968 ], [ -6.8772848, 33.9465218 ], [ -6.8772534, 33.9465423 ], [ -6.8772195, 33.9465599 ], [ -6.8770991, 33.9466155 ], [ -6.8770735, 33.9466272 ], [ -6.8770461, 33.9466358 ], [ -6.8770148, 33.9466416 ], [ -6.8769827, 33.9466433 ], [ -6.8769728, 33.9466422 ], [ -6.8769646, 33.946647 ], [ -6.8769623, 33.9466534 ], [ -6.8769516, 33.946704 ], [ -6.8771162, 33.9467309 ], [ -6.8772785, 33.9467666 ], [ -6.8774187, 33.9468052 ], [ -6.8775561, 33.9468504 ], [ -6.8776901, 33.9469021 ], [ -6.8778203, 33.9469601 ], [ -6.877931, 33.9470169 ], [ -6.8780378, 33.9470787 ], [ -6.8781401, 33.9471454 ], [ -6.8782863, 33.9472383 ], [ -6.8784513, 33.9473707 ], [ -6.8791057, 33.9479692 ], [ -6.879789, 33.9485827 ], [ -6.8798811, 33.9485025 ], [ -6.8797953, 33.9484257 ], [ -6.8786799, 33.9474343 ], [ -6.8785712, 33.9473376 ], [ -6.8784572, 33.9472452 ], [ -6.8783383, 33.9471571 ], [ -6.8782146, 33.9470736 ], [ -6.8780865, 33.9469949 ], [ -6.8779543, 33.9469211 ], [ -6.8778753, 33.946885 ], [ -6.8778752, 33.946877 ], [ -6.8778712, 33.9468697 ], [ -6.8778639, 33.9468645 ], [ -6.877854, 33.9468622 ], [ -6.8778439, 33.9468638 ], [ -6.8778357, 33.9468689 ], [ -6.8774568, 33.9466954 ], [ -6.8774223, 33.9466821 ], [ -6.8773924, 33.9466624 ], [ -6.877369, 33.9466375 ], [ -6.877352, 33.9466055 ], [ -6.8773456, 33.946571 ], [ -6.8773502, 33.9465363 ], [ -6.8773764, 33.9464957 ], [ -6.8774112, 33.9464506 ], [ -6.8774272, 33.9464318 ], [ -6.8774481, 33.9464167 ], [ -6.8774744, 33.9464057 ], [ -6.8775065, 33.9463989 ], [ -6.8779752, 33.9462945 ], [ -6.8788755, 33.9460939 ], [ -6.8797065, 33.9459088 ], [ -6.8801708, 33.9457979 ] ] ] ] } },
{ "type": "Feature", "properties": { "full_id": "w1280477086", "osm_id": "1280477086", "osm_type": "way", "leisure": "garden", "opening_date": null, "fee": null, "access": null, "wikimedia_commons": null, "wikidata": null, "barrier": null, "name": null, "landuse": null }, "geometry": { "type": "MultiPolygon", "coordinates": [ [ [ [ -6.8824301, 33.9507951 ], [ -6.8824001, 33.9508945 ], [ -6.8824746, 33.9509646 ], [ -6.8824986, 33.9509777 ], [ -6.8825264, 33.9509836 ], [ -6.882555, 33.9509818 ], [ -6.8825795, 33.9509733 ], [ -6.8825998, 33.9509592 ], [ -6.882614, 33.9509406 ], [ -6.8828528, 33.9506169 ], [ -6.8833302, 33.9499683 ], [ -6.8834388, 33.9498226 ], [ -6.8835062, 33.9497331 ], [ -6.8835703, 33.9496418 ], [ -6.8836393, 33.9495355 ], [ -6.8837037, 33.9494271 ], [ -6.8837611, 33.949318 ], [ -6.8838123, 33.9492068 ], [ -6.8838831, 33.9490432 ], [ -6.8839491, 33.9488781 ], [ -6.8839875, 33.9487649 ], [ -6.8840208, 33.9486507 ], [ -6.884049, 33.9485355 ], [ -6.8841047, 33.948259 ], [ -6.8841127, 33.9482167 ], [ -6.8841114, 33.9481739 ], [ -6.8841023, 33.948136 ], [ -6.8840859, 33.9480999 ], [ -6.8840423, 33.9480465 ], [ -6.8840216, 33.9480022 ], [ -6.8840088, 33.9479558 ], [ -6.8840042, 33.9479041 ], [ -6.8840095, 33.9478524 ], [ -6.8840202, 33.9478143 ], [ -6.884037, 33.9477778 ], [ -6.8840633, 33.9477384 ], [ -6.8840966, 33.9477027 ], [ -6.8841246, 33.9476729 ], [ -6.8841442, 33.9476388 ], [ -6.8841548, 33.9476006 ], [ -6.884155, 33.9475615 ], [ -6.884153, 33.9474096 ], [ -6.8841442, 33.9472627 ], [ -6.8841338, 33.9471713 ], [ -6.8841194, 33.9470803 ], [ -6.8839981, 33.9464823 ], [ -6.88387, 33.9459856 ], [ -6.8837714, 33.9456329 ], [ -6.883648, 33.9451873 ], [ -6.8836098, 33.9450772 ], [ -6.8835836, 33.9450405 ], [ -6.8835508, 33.9450076 ], [ -6.8835171, 33.9449826 ], [ -6.8834795, 33.9449617 ], [ -6.8834388, 33.9449453 ], [ -6.8833947, 33.9449327 ], [ -6.883349, 33.9449248 ], [ -6.8833053, 33.9449216 ], [ -6.8832615, 33.9449227 ], [ -6.8832182, 33.9449281 ], [ -6.8824853, 33.9450777 ], [ -6.8809752, 33.9454549 ], [ -6.8801799, 33.9456423 ], [ -6.8802156, 33.9457871 ], [ -6.8802284, 33.9457841 ], [ -6.8803535, 33.9457538 ], [ -6.8808713, 33.9456284 ], [ -6.8808813, 33.9456342 ], [ -6.8808934, 33.9456346 ], [ -6.8809041, 33.9456293 ], [ -6.8809095, 33.9456201 ], [ -6.8815452, 33.945461 ], [ -6.8815594, 33.9454681 ], [ -6.881576, 33.9454671 ], [ -6.8815868, 33.9454608 ], [ -6.8815928, 33.945451 ], [ -6.8825008, 33.9452224 ], [ -6.8829232, 33.9451161 ], [ -6.8829344, 33.9451223 ], [ -6.882948, 33.9451222 ], [ -6.8829593, 33.9451157 ], [ -6.8829641, 33.945105 ], [ -6.8830032, 33.9451042 ], [ -6.8830211, 33.9451055 ], [ -6.8832866, 33.9451289 ], [ -6.8832887, 33.9451359 ], [ -6.8832942, 33.9451414 ], [ -6.883302, 33.9451445 ], [ -6.8833103, 33.9451446 ], [ -6.8833179, 33.9451418 ], [ -6.8833235, 33.9451367 ], [ -6.8834462, 33.9451745 ], [ -6.8834738, 33.9451887 ], [ -6.8834958, 33.9452085 ], [ -6.8835088, 33.9452284 ], [ -6.8835159, 33.9452502 ], [ -6.8835515, 33.9453892 ], [ -6.883642, 33.9457425 ], [ -6.8837453, 33.9461052 ], [ -6.8837381, 33.9461125 ], [ -6.8837366, 33.9461218 ], [ -6.8837402, 33.9461295 ], [ -6.8837477, 33.9461349 ], [ -6.8837573, 33.9461369 ], [ -6.8838313, 33.9464183 ], [ -6.8838653, 33.9465574 ], [ -6.8838916, 33.9467275 ], [ -6.8839082, 33.9468984 ], [ -6.8839411, 33.9472244 ], [ -6.8839659, 33.9476199 ], [ -6.8839667, 33.9476754 ], [ -6.8839728, 33.9480854 ], [ -6.883976, 33.9481221 ], [ -6.8839746, 33.9481589 ], [ -6.8839643, 33.9482107 ], [ -6.8839444, 33.9482607 ], [ -6.883927, 33.9483157 ], [ -6.8839158, 33.9483196 ], [ -6.8839082, 33.9483274 ], [ -6.8839059, 33.9483364 ], [ -6.8839085, 33.9483453 ], [ -6.8839156, 33.9483524 ], [ -6.8837996, 33.9487324 ], [ -6.8837611, 33.9488384 ], [ -6.8837097, 33.9489677 ], [ -6.8836609, 33.9490686 ], [ -6.8836192, 33.9491551 ], [ -6.8834522, 33.9494788 ], [ -6.8834406, 33.9494799 ], [ -6.8834321, 33.9494866 ], [ -6.8834303, 33.9494953 ], [ -6.8834347, 33.9495024 ], [ -6.8832584, 33.9497887 ], [ -6.8831917, 33.9498941 ], [ -6.883121, 33.9499978 ], [ -6.8830204, 33.950128 ], [ -6.8829198, 33.9502581 ], [ -6.8825094, 33.9507743 ], [ -6.8824949, 33.9507861 ], [ -6.882477, 33.9507941 ], [ -6.8824571, 33.9507977 ], [ -6.8824301, 33.9507951 ] ] ] ] } },
{ "type": "Feature", "properties": { "full_id": "w1280477087", "osm_id": "1280477087", "osm_type": "way", "leisure": "garden", "opening_date": null, "fee": null, "access": null, "wikimedia_commons": null, "wikidata": null, "barrier": null, "name": null, "landuse": null }, "geometry": { "type": "MultiPolygon", "coordinates": [ [ [ [ -6.8800847, 33.9456607 ], [ -6.8801069, 33.9457542 ], [ -6.8798447, 33.9458009 ], [ -6.8798056, 33.9458079 ], [ -6.8797676, 33.9458181 ], [ -6.8797232, 33.9458348 ], [ -6.8796817, 33.945856 ], [ -6.8795838, 33.9458877 ], [ -6.8795249, 33.9459033 ], [ -6.8794651, 33.9459166 ], [ -6.8793029, 33.9459561 ], [ -6.8792539, 33.9459652 ], [ -6.8792043, 33.9459711 ], [ -6.8791352, 33.9459737 ], [ -6.8790662, 33.94597 ], [ -6.8789803, 33.9459739 ], [ -6.8789286, 33.945981 ], [ -6.8788777, 33.9459917 ], [ -6.8786913, 33.9460345 ], [ -6.8786182, 33.9460584 ], [ -6.8785418, 33.9460913 ], [ -6.87846, 33.9461191 ], [ -6.8784019, 33.9461329 ], [ -6.8783426, 33.9461424 ], [ -6.8782749, 33.9461552 ], [ -6.8779986, 33.9462109 ], [ -6.8778706, 33.9462364 ], [ -6.8777771, 33.9462499 ], [ -6.8776828, 33.9462592 ], [ -6.8775769, 33.9462698 ], [ -6.8775436, 33.9462731 ], [ -6.8775114, 33.9462806 ], [ -6.877481, 33.9462921 ], [ -6.8774449, 33.9463129 ], [ -6.8774146, 33.9463393 ], [ -6.8773529, 33.9464106 ], [ -6.8772999, 33.9464751 ], [ -6.8772516, 33.9465129 ], [ -6.877202, 33.9465424 ], [ -6.877084, 33.9465936 ], [ -6.8770569, 33.9466044 ], [ -6.8770283, 33.9466125 ], [ -6.8769841, 33.9466189 ], [ -6.8769392, 33.9466186 ], [ -6.8766837, 33.9465986 ], [ -6.8765395, 33.9465847 ], [ -6.8764255, 33.9465802 ], [ -6.8763574, 33.9465813 ], [ -6.8762894, 33.9465852 ], [ -6.8762018, 33.946596 ], [ -6.8761157, 33.946613 ], [ -6.8758763, 33.9466581 ], [ -6.8756497, 33.9466965 ], [ -6.8753815, 33.9467543 ], [ -6.8749295, 33.9468372 ], [ -6.8747371, 33.9468773 ], [ -6.874493, 33.9469345 ], [ -6.8742697, 33.9469902 ], [ -6.8741684, 33.9470141 ], [ -6.8740658, 33.9470352 ], [ -6.8738975, 33.9470619 ], [ -6.8736307, 33.947102 ], [ -6.8733148, 33.9471621 ], [ -6.8732197, 33.9471854 ], [ -6.8731257, 33.9472116 ], [ -6.8730284, 33.947242 ], [ -6.8729326, 33.9472755 ], [ -6.8728743, 33.9472944 ], [ -6.8728491, 33.9472995 ], [ -6.8728233, 33.9473011 ], [ -6.8727907, 33.9472981 ], [ -6.8727596, 33.9472894 ], [ -6.8726677, 33.9472566 ], [ -6.8726584, 33.9472494 ], [ -6.8726543, 33.9472399 ], [ -6.8727307, 33.9472292 ], [ -6.8728065, 33.947216 ], [ -6.8729055, 33.947195 ], [ -6.873003, 33.9471698 ], [ -6.87317, 33.9471292 ], [ -6.8734107, 33.947077 ], [ -6.8739029, 33.9469891 ], [ -6.8747109, 33.9468328 ], [ -6.8748464, 33.9467999 ], [ -6.8749134, 33.9467774 ], [ -6.8749818, 33.9467582 ], [ -6.8750415, 33.9467444 ], [ -6.8751019, 33.9467332 ], [ -6.875761, 33.9466025 ], [ -6.8763001, 33.9464923 ], [ -6.8767903, 33.9463905 ], [ -6.8775688, 33.9462253 ], [ -6.8786471, 33.94599 ], [ -6.8793961, 33.9458165 ], [ -6.8800847, 33.9456607 ] ] ] ] } },
{ "type": "Feature", "properties": { "full_id": "w1280477088", "osm_id": "1280477088", "osm_type": "way", "leisure": "garden", "opening_date": null, "fee": null, "access": null, "wikimedia_commons": null, "wikidata": null, "barrier": null, "name": null, "landuse": null }, "geometry": { "type": "MultiPolygon", "coordinates": [ [ [ [ -6.8815876, 33.9471048 ], [ -6.8815409, 33.947069 ], [ -6.8815093, 33.9470973 ], [ -6.881556, 33.9471331 ], [ -6.8815876, 33.9471048 ] ] ] ] } },
{ "type": "Feature", "properties": { "full_id": "w1280477095", "osm_id": "1280477095", "osm_type": "way", "leisure": "garden", "opening_date": null, "fee": null, "access": null, "wikimedia_commons": null, "wikidata": null, "barrier": null, "name": null, "landuse": null }, "geometry": { "type": "MultiPolygon", "coordinates": [ [ [ [ -6.8814884, 33.9471075 ], [ -6.881482, 33.947103 ], [ -6.8813936, 33.9471459 ], [ -6.8813323, 33.9471681 ], [ -6.8812709, 33.9471826 ], [ -6.8812262, 33.9471883 ], [ -6.8811789, 33.9471974 ], [ -6.8811489, 33.9472088 ], [ -6.8811048, 33.9472297 ], [ -6.8810657, 33.9472567 ], [ -6.8810282, 33.9472883 ], [ -6.8809129, 33.9474035 ], [ -6.880642, 33.947671 ], [ -6.8802631, 33.9480732 ], [ -6.879895, 33.9484207 ], [ -6.8802094, 33.9486678 ], [ -6.8804227, 33.9486211 ], [ -6.8806238, 33.9485577 ], [ -6.8806854, 33.9485294 ], [ -6.8807405, 33.9484932 ], [ -6.8807864, 33.9484514 ], [ -6.8808237, 33.9484042 ], [ -6.8808854, 33.9483177 ], [ -6.8809363, 33.9482384 ], [ -6.8809903, 33.9481388 ], [ -6.8810382, 33.9480468 ], [ -6.8810892, 33.9479514 ], [ -6.8812193, 33.9476955 ], [ -6.8813333, 33.9474886 ], [ -6.8813759, 33.9473949 ], [ -6.8814121, 33.9473156 ], [ -6.8814533, 33.9472216 ], [ -6.8814884, 33.9471075 ] ] ] ] } },
{ "type": "Feature", "properties": { "full_id": "w1280477096", "osm_id": "1280477096", "osm_type": "way", "leisure": "garden", "opening_date": null, "fee": null, "access": null, "wikimedia_commons": null, "wikidata": null, "barrier": null, "name": null, "landuse": null }, "geometry": { "type": "MultiPolygon", "coordinates": [ [ [ [ -6.8835877, 33.947681 ], [ -6.8835749, 33.9476442 ], [ -6.8835582, 33.947621 ], [ -6.8835334, 33.9475971 ], [ -6.8834871, 33.9475698 ], [ -6.8833825, 33.9475136 ], [ -6.8833597, 33.9475015 ], [ -6.8833403, 33.9474858 ], [ -6.8833268, 33.9474699 ], [ -6.8833168, 33.9474524 ], [ -6.883302, 33.9474157 ], [ -6.883297, 33.9473869 ], [ -6.8832973, 33.9473579 ], [ -6.8820595, 33.9467515 ], [ -6.8820414, 33.9467771 ], [ -6.882004, 33.9468225 ], [ -6.8819589, 33.9468628 ], [ -6.8819195, 33.9468898 ], [ -6.8818766, 33.9469129 ], [ -6.8818308, 33.9469318 ], [ -6.8817336, 33.9469601 ], [ -6.8816913, 33.9469698 ], [ -6.8816511, 33.9469846 ], [ -6.881617, 33.9470025 ], [ -6.8815861, 33.9470241 ], [ -6.8815566, 33.9470503 ], [ -6.8816049, 33.9470914 ], [ -6.8816873, 33.9470158 ], [ -6.8818208, 33.9471092 ], [ -6.8816545, 33.9472605 ], [ -6.8815284, 33.947171 ], [ -6.8815459, 33.9471476 ], [ -6.8814992, 33.947115 ], [ -6.8814674, 33.9472266 ], [ -6.8814311, 33.9473193 ], [ -6.881395, 33.9474022 ], [ -6.8813494, 33.9474941 ], [ -6.8812361, 33.9477011 ], [ -6.8811087, 33.9479575 ], [ -6.8810651, 33.9480555 ], [ -6.8810145, 33.9481511 ], [ -6.8809571, 33.948244 ], [ -6.8808982, 33.9483272 ], [ -6.8808337, 33.9484075 ], [ -6.8807937, 33.9484609 ], [ -6.8807445, 33.9485088 ], [ -6.8806992, 33.9485425 ], [ -6.8806493, 33.9485716 ], [ -6.8805937, 33.9485922 ], [ -6.8804327, 33.9486367 ], [ -6.8802343, 33.9486901 ], [ -6.8803898, 33.948828 ], [ -6.8804411, 33.9488643 ], [ -6.8804958, 33.948897 ], [ -6.8805457, 33.9489224 ], [ -6.8805977, 33.9489448 ], [ -6.880646, 33.9489599 ], [ -6.8806754, 33.9489632 ], [ -6.880705, 33.948961 ], [ -6.8807354, 33.9489526 ], [ -6.8807625, 33.9489384 ], [ -6.8807848, 33.9489193 ], [ -6.8808009, 33.9488992 ], [ -6.8808994, 33.9487919 ], [ -6.880935, 33.9487624 ], [ -6.8809839, 33.948724 ], [ -6.8810313, 33.9486956 ], [ -6.8810738, 33.9486623 ], [ -6.8811142, 33.9486205 ], [ -6.8811516, 33.9485733 ], [ -6.8813387, 33.9483524 ], [ -6.8813684, 33.9483146 ], [ -6.881395, 33.9482751 ], [ -6.8814303, 33.9482261 ], [ -6.8814719, 33.9481805 ], [ -6.881519, 33.9481388 ], [ -6.8815798, 33.9480963 ], [ -6.8816464, 33.9480604 ], [ -6.8816859, 33.9480447 ], [ -6.8817229, 33.9480254 ], [ -6.8817615, 33.9479993 ], [ -6.8817956, 33.9479693 ], [ -6.8818248, 33.9479358 ], [ -6.8818633, 33.9479014 ], [ -6.8819082, 33.947873 ], [ -6.8819582, 33.9478513 ], [ -6.8820044, 33.9478384 ], [ -6.8820524, 33.9478313 ], [ -6.8821011, 33.9478301 ], [ -6.8821553, 33.9478304 ], [ -6.882209, 33.9478365 ], [ -6.8822613, 33.9478485 ], [ -6.8823204, 33.9478699 ], [ -6.8823747, 33.9478987 ], [ -6.8824229, 33.9479341 ], [ -6.8828709, 33.9482262 ], [ -6.8829286, 33.9482567 ], [ -6.8829909, 33.9482801 ], [ -6.8830536, 33.9482954 ], [ -6.8831069, 33.948299 ], [ -6.8831668, 33.9482914 ], [ -6.8832127, 33.9482737 ], [ -6.8832551, 33.9482507 ], [ -6.8832959, 33.9482204 ], [ -6.8833306, 33.9481852 ], [ -6.8833584, 33.9481461 ], [ -6.8833917, 33.9480558 ], [ -6.8834335, 33.9479681 ], [ -6.8834884, 33.9478758 ], [ -6.8835721, 33.947768 ], [ -6.8835853, 33.9477449 ], [ -6.8835917, 33.94772 ], [ -6.8835918, 33.9477004 ], [ -6.8835877, 33.947681 ] ] ] ] } },
{ "type": "Feature", "properties": { "full_id": "w1280477097", "osm_id": "1280477097", "osm_type": "way", "leisure": "garden", "opening_date": null, "fee": null, "access": null, "wikimedia_commons": null, "wikidata": null, "barrier": null, "name": null, "landuse": null }, "geometry": { "type": "MultiPolygon", "coordinates": [ [ [ [ -6.8800181, 33.9486252 ], [ -6.8806594, 33.9491996 ], [ -6.8820193, 33.9479314 ], [ -6.8831706, 33.9487885 ], [ -6.8817041, 33.950153 ], [ -6.8820199, 33.95043 ], [ -6.8820338, 33.9504289 ], [ -6.8820461, 33.9504345 ], [ -6.8820513, 33.9504416 ], [ -6.8820525, 33.9504499 ], [ -6.8820494, 33.9504578 ], [ -6.8821804, 33.9505777 ], [ -6.8824062, 33.9507843 ], [ -6.8824301, 33.9507951 ], [ -6.8824571, 33.9507977 ], [ -6.882477, 33.9507941 ], [ -6.8824949, 33.9507861 ], [ -6.8825094, 33.9507743 ], [ -6.8829198, 33.9502581 ], [ -6.8830204, 33.950128 ], [ -6.883121, 33.9499978 ], [ -6.8831917, 33.9498941 ], [ -6.8832584, 33.9497887 ], [ -6.8834347, 33.9495024 ], [ -6.8834303, 33.9494953 ], [ -6.8834321, 33.9494866 ], [ -6.8834406, 33.9494799 ], [ -6.8834522, 33.9494788 ], [ -6.8836192, 33.9491551 ], [ -6.8836609, 33.9490686 ], [ -6.8837097, 33.9489677 ], [ -6.8837611, 33.9488384 ], [ -6.8837996, 33.9487324 ], [ -6.8839156, 33.9483524 ], [ -6.8839085, 33.9483453 ], [ -6.8839059, 33.9483364 ], [ -6.8839082, 33.9483274 ], [ -6.8839158, 33.9483196 ], [ -6.883927, 33.9483157 ], [ -6.8839444, 33.9482607 ], [ -6.8839643, 33.9482107 ], [ -6.8839746, 33.9481589 ], [ -6.883976, 33.9481221 ], [ -6.8839728, 33.9480854 ], [ -6.8839667, 33.9476754 ], [ -6.8833269, 33.94737 ], [ -6.8833255, 33.9474031 ], [ -6.8833351, 33.9474352 ], [ -6.883349, 33.9474571 ], [ -6.883368, 33.9474762 ], [ -6.8833912, 33.9474917 ], [ -6.883481, 33.9475389 ], [ -6.8835642, 33.9475865 ], [ -6.8835933, 33.9476084 ], [ -6.883614, 33.9476294 ], [ -6.8836282, 33.9476539 ], [ -6.8836352, 33.9476804 ], [ -6.8836351, 33.9477045 ], [ -6.883629, 33.947728 ], [ -6.8836173, 33.9477499 ], [ -6.8835944, 33.9477828 ], [ -6.8835139, 33.9478824 ], [ -6.8834469, 33.948007 ], [ -6.883416, 33.9480731 ], [ -6.8833879, 33.94814 ], [ -6.8833655, 33.9481802 ], [ -6.8833365, 33.9482173 ], [ -6.8833014, 33.9482507 ], [ -6.8832618, 33.9482788 ], [ -6.883218, 33.9483022 ], [ -6.8831706, 33.9483202 ], [ -6.8831179, 33.94833 ], [ -6.883064, 33.9483313 ], [ -6.8830147, 33.948325 ], [ -6.8829675, 33.9483117 ], [ -6.8829238, 33.9482918 ], [ -6.8828548, 33.9482518 ], [ -6.8823968, 33.9479497 ], [ -6.882353, 33.9479184 ], [ -6.8823044, 33.9478925 ], [ -6.8822519, 33.9478724 ], [ -6.8822003, 33.9478592 ], [ -6.8821471, 33.9478517 ], [ -6.8820932, 33.94785 ], [ -6.8820394, 33.947854 ], [ -6.8820009, 33.9478615 ], [ -6.8819638, 33.9478728 ], [ -6.8819287, 33.947888 ], [ -6.8818957, 33.947907 ], [ -6.8818658, 33.9479294 ], [ -6.8818396, 33.9479547 ], [ -6.8818166, 33.9479803 ], [ -6.8817913, 33.9480042 ], [ -6.8817536, 33.9480336 ], [ -6.8817122, 33.9480593 ], [ -6.8816743, 33.9480743 ], [ -6.8816377, 33.9480916 ], [ -6.8815831, 33.9481231 ], [ -6.8815331, 33.9481594 ], [ -6.8814925, 33.9481965 ], [ -6.8814547, 33.9482356 ], [ -6.8814222, 33.9482736 ], [ -6.8813923, 33.948313 ], [ -6.881342, 33.9483786 ], [ -6.8811797, 33.9485816 ], [ -6.8811516, 33.9486181 ], [ -6.8811194, 33.9486523 ], [ -6.8810851, 33.9486823 ], [ -6.8810476, 33.9487096 ], [ -6.881011, 33.94873 ], [ -6.8809766, 33.9487529 ], [ -6.8809395, 33.9487827 ], [ -6.8809062, 33.9488152 ], [ -6.8808217, 33.9489104 ], [ -6.8807978, 33.9489396 ], [ -6.8807658, 33.9489629 ], [ -6.8807278, 33.9489788 ], [ -6.8806949, 33.9489854 ], [ -6.8806612, 33.9489863 ], [ -6.8806279, 33.9489817 ], [ -6.8805964, 33.9489715 ], [ -6.8805473, 33.9489486 ], [ -6.8804998, 33.9489237 ], [ -6.8804293, 33.9488812 ], [ -6.880363, 33.9488342 ], [ -6.8802175, 33.9487029 ], [ -6.8801196, 33.9486289 ], [ -6.8800586, 33.9485989 ], [ -6.8800181, 33.9486252 ] ] ] ] } },
{ "type": "Feature", "properties": { "full_id": "w1280477098", "osm_id": "1280477098", "osm_type": "way", "leisure": "garden", "opening_date": null, "fee": null, "access": null, "wikimedia_commons": null, "wikidata": null, "barrier": null, "name": null, "landuse": null }, "geometry": { "type": "MultiPolygon", "coordinates": [ [ [ [ -6.8797953, 33.9484257 ], [ -6.8786799, 33.9474343 ], [ -6.8785712, 33.9473376 ], [ -6.8784572, 33.9472452 ], [ -6.8783383, 33.9471571 ], [ -6.8782146, 33.9470736 ], [ -6.8780865, 33.9469949 ], [ -6.8779543, 33.9469211 ], [ -6.8778753, 33.946885 ], [ -6.8778752, 33.946877 ], [ -6.8778712, 33.9468697 ], [ -6.8778639, 33.9468645 ], [ -6.877854, 33.9468622 ], [ -6.8778439, 33.9468638 ], [ -6.8778357, 33.9468689 ], [ -6.8774568, 33.9466954 ], [ -6.8774223, 33.9466821 ], [ -6.8773924, 33.9466624 ], [ -6.877369, 33.9466375 ], [ -6.877352, 33.9466055 ], [ -6.8773456, 33.946571 ], [ -6.8773502, 33.9465363 ], [ -6.8773764, 33.9464957 ], [ -6.8774112, 33.9464506 ], [ -6.8774272, 33.9464318 ], [ -6.8774481, 33.9464167 ], [ -6.8774744, 33.9464057 ], [ -6.8775065, 33.9463989 ], [ -6.8779752, 33.9462945 ], [ -6.8788755, 33.9460939 ], [ -6.8797065, 33.9459088 ], [ -6.8801708, 33.9457979 ], [ -6.8802158, 33.9458499 ], [ -6.8801923, 33.9458595 ], [ -6.8801642, 33.945865 ], [ -6.8801354, 33.9458648 ], [ -6.8800842, 33.9458656 ], [ -6.8800332, 33.9458626 ], [ -6.8799464, 33.9458663 ], [ -6.8798666, 33.9458803 ], [ -6.8797877, 33.9458974 ], [ -6.8796628, 33.9459315 ], [ -6.8795635, 33.9459721 ], [ -6.8794667, 33.9460166 ], [ -6.8793967, 33.9460519 ], [ -6.8793282, 33.9460892 ], [ -6.8791564, 33.9461789 ], [ -6.8789787, 33.9462606 ], [ -6.878816, 33.9463264 ], [ -6.8786495, 33.9463854 ], [ -6.8783516, 33.9464853 ], [ -6.878309, 33.9465011 ], [ -6.878264, 33.9465113 ], [ -6.8782176, 33.9465157 ], [ -6.8781747, 33.9465145 ], [ -6.8781323, 33.9465083 ], [ -6.8780897, 33.9464983 ], [ -6.8780469, 33.9464914 ], [ -6.8780074, 33.9464914 ], [ -6.8779692, 33.9464996 ], [ -6.8779353, 33.9465151 ], [ -6.877907, 33.9465371 ], [ -6.8778861, 33.9465642 ], [ -6.8778539, 33.9466312 ], [ -6.8778419, 33.946663 ], [ -6.8778379, 33.9466961 ], [ -6.8778422, 33.9467293 ], [ -6.8778547, 33.946761 ], [ -6.8778783, 33.9467939 ], [ -6.8779106, 33.9468213 ], [ -6.8779497, 33.9468417 ], [ -6.8781428, 33.9469211 ], [ -6.8781615, 33.9468926 ], [ -6.8779639, 33.9468181 ], [ -6.8779183, 33.9467852 ], [ -6.8779023, 33.9467627 ], [ -6.8778914, 33.9467382 ], [ -6.8778861, 33.9467125 ], [ -6.8778861, 33.9466893 ], [ -6.8778906, 33.9466663 ], [ -6.8778996, 33.9466442 ], [ -6.877925, 33.9465877 ], [ -6.8779363, 33.9465717 ], [ -6.8779515, 33.946558 ], [ -6.8779699, 33.9465474 ], [ -6.8779907, 33.9465403 ], [ -6.8780129, 33.9465371 ], [ -6.8780575, 33.9465337 ], [ -6.8780962, 33.9465364 ], [ -6.8781338, 33.9465443 ], [ -6.87818, 33.9465517 ], [ -6.8782269, 33.946554 ], [ -6.8782738, 33.9465511 ], [ -6.878331, 33.9465404 ], [ -6.8783853, 33.9465219 ], [ -6.8786689, 33.946417 ], [ -6.8788268, 33.9463574 ], [ -6.8789975, 33.9462922 ], [ -6.8790796, 33.9462587 ], [ -6.8791599, 33.9462221 ], [ -6.8792513, 33.9461751 ], [ -6.8793395, 33.946124 ], [ -6.8794719, 33.9460513 ], [ -6.8795555, 33.9460122 ], [ -6.8796418, 33.9459775 ], [ -6.8797232, 33.9459497 ], [ -6.8798065, 33.9459259 ], [ -6.8798798, 33.9459061 ], [ -6.8799374, 33.9458965 ], [ -6.8799958, 33.9458918 ], [ -6.8800459, 33.9458899 ], [ -6.8801056, 33.9458912 ], [ -6.8801649, 33.9458961 ], [ -6.8802192, 33.9458948 ], [ -6.880245, 33.9458912 ], [ -6.8802866, 33.9458913 ], [ -6.8803273, 33.9458986 ], [ -6.8820187, 33.9467343 ], [ -6.8820046, 33.9467692 ], [ -6.8819843, 33.9468019 ], [ -6.8819582, 33.9468316 ], [ -6.8819258, 33.9468586 ], [ -6.8818887, 33.9468811 ], [ -6.8818477, 33.9468983 ], [ -6.881804, 33.9469101 ], [ -6.8816873, 33.9469379 ], [ -6.8816364, 33.9469568 ], [ -6.8815951, 33.9469785 ], [ -6.8815492, 33.9470085 ], [ -6.8814694, 33.9470692 ], [ -6.8814221, 33.9471014 ], [ -6.8813655, 33.9471281 ], [ -6.8813171, 33.9471437 ], [ -6.8812668, 33.947154 ], [ -6.8812153, 33.9471621 ], [ -6.8811616, 33.9471732 ], [ -6.8811107, 33.9471932 ], [ -6.8810542, 33.947224 ], [ -6.8810041, 33.9472616 ], [ -6.880882, 33.9473779 ], [ -6.8806091, 33.9476338 ], [ -6.8802182, 33.9480404 ], [ -6.8797953, 33.9484257 ] ] ] ] } },
{ "type": "Feature", "properties": { "full_id": "w1280477099", "osm_id": "1280477099", "osm_type": "way", "leisure": "garden", "opening_date": null, "fee": null, "access": null, "wikimedia_commons": null, "wikidata": null, "barrier": null, "name": null, "landuse": null }, "geometry": { "type": "MultiPolygon", "coordinates": [ [ [ [ -6.8828195, 33.9453622 ], [ -6.8826324, 33.9456776 ], [ -6.8826024, 33.9457322 ], [ -6.8825721, 33.9457785 ], [ -6.8825381, 33.9458229 ], [ -6.8823749, 33.9460538 ], [ -6.8822118, 33.9462835 ], [ -6.882145, 33.9463889 ], [ -6.8821, 33.9464689 ], [ -6.8820634, 33.946572 ], [ -6.8820382, 33.9466734 ], [ -6.8803528, 33.945844 ], [ -6.8804244, 33.9458061 ], [ -6.8804995, 33.9457732 ], [ -6.8805564, 33.9457525 ], [ -6.8806147, 33.9457347 ], [ -6.8819244, 33.9454169 ], [ -6.8819883, 33.9454029 ], [ -6.8820531, 33.945392 ], [ -6.882118, 33.9453843 ], [ -6.8821833, 33.9453796 ], [ -6.8828195, 33.9453622 ] ] ] ] } },
{ "type": "Feature", "properties": { "full_id": "w1280477100", "osm_id": "1280477100", "osm_type": "way", "leisure": "garden", "opening_date": null, "fee": null, "access": null, "wikimedia_commons": null, "wikidata": null, "barrier": null, "name": null, "landuse": null }, "geometry": { "type": "MultiPolygon", "coordinates": [ [ [ [ -6.8830032, 33.9451042 ], [ -6.8828438, 33.9453262 ], [ -6.8821675, 33.945352 ], [ -6.8821133, 33.9453564 ], [ -6.8820595, 33.9453637 ], [ -6.8819907, 33.9453772 ], [ -6.8819234, 33.9453954 ], [ -6.8806087, 33.9457114 ], [ -6.8805555, 33.9457275 ], [ -6.8804991, 33.9457475 ], [ -6.8804535, 33.9457653 ], [ -6.8804052, 33.9457853 ], [ -6.8803253, 33.9458276 ], [ -6.8802284, 33.9457841 ], [ -6.8803535, 33.9457538 ], [ -6.8808713, 33.9456284 ], [ -6.8808813, 33.9456342 ], [ -6.8808934, 33.9456346 ], [ -6.8809041, 33.9456293 ], [ -6.8809095, 33.9456201 ], [ -6.8815452, 33.945461 ], [ -6.8815594, 33.9454681 ], [ -6.881576, 33.9454671 ], [ -6.8815868, 33.9454608 ], [ -6.8815928, 33.945451 ], [ -6.8825008, 33.9452224 ], [ -6.8829232, 33.9451161 ], [ -6.8829344, 33.9451223 ], [ -6.882948, 33.9451222 ], [ -6.8829593, 33.9451157 ], [ -6.8829641, 33.945105 ], [ -6.8830032, 33.9451042 ] ] ] ] } },
{ "type": "Feature", "properties": { "full_id": "w1280477101", "osm_id": "1280477101", "osm_type": "way", "leisure": "garden", "opening_date": null, "fee": null, "access": null, "wikimedia_commons": null, "wikidata": null, "barrier": null, "name": null, "landuse": null }, "geometry": { "type": "MultiPolygon", "coordinates": [ [ [ [ -6.8820696, 33.9466876 ], [ -6.8820987, 33.9465848 ], [ -6.8821366, 33.946484 ], [ -6.8821743, 33.9464026 ], [ -6.8822178, 33.9463231 ], [ -6.8824048, 33.9460646 ], [ -6.8825611, 33.9458365 ], [ -6.8825986, 33.9457892 ], [ -6.8826328, 33.9457375 ], [ -6.882661, 33.9456896 ], [ -6.8828434, 33.9453625 ], [ -6.8832913, 33.945367 ], [ -6.8833463, 33.9453726 ], [ -6.8833684, 33.9453786 ], [ -6.8833888, 33.9453879 ], [ -6.8834066, 33.9454004 ], [ -6.8834257, 33.9454213 ], [ -6.8834375, 33.9454456 ], [ -6.8834415, 33.9454716 ], [ -6.8834522, 33.9455495 ], [ -6.8834579, 33.9455825 ], [ -6.883467, 33.9456151 ], [ -6.8834871, 33.9456629 ], [ -6.8834968, 33.945709 ], [ -6.8834977, 33.9457557 ], [ -6.8834898, 33.945802 ], [ -6.8834757, 33.9459099 ], [ -6.8834742, 33.9459462 ], [ -6.8834791, 33.9459667 ], [ -6.8834904, 33.9459835 ], [ -6.8835074, 33.9459967 ], [ -6.8835284, 33.9460051 ], [ -6.8836306, 33.9460412 ], [ -6.8836514, 33.9460506 ], [ -6.8836635, 33.9460615 ], [ -6.8836749, 33.9460768 ], [ -6.8836846, 33.9460968 ], [ -6.8836896, 33.946118 ], [ -6.8837848, 33.9464528 ], [ -6.8838237, 33.9466331 ], [ -6.8838281, 33.9466612 ], [ -6.8838277, 33.9466896 ], [ -6.8838224, 33.9467176 ], [ -6.8838119, 33.9467457 ], [ -6.8837966, 33.9467722 ], [ -6.8837768, 33.9467966 ], [ -6.8837366, 33.9468533 ], [ -6.8837203, 33.9468803 ], [ -6.8837095, 33.9469091 ], [ -6.8837044, 33.946939 ], [ -6.8837064, 33.9469774 ], [ -6.8837178, 33.9470147 ], [ -6.8837318, 33.947035 ], [ -6.8837413, 33.9470571 ], [ -6.8837459, 33.9470803 ], [ -6.8837446, 33.9471103 ], [ -6.8837319, 33.9471348 ], [ -6.8836413, 33.9472316 ], [ -6.8836165, 33.9472548 ], [ -6.883585, 33.9472716 ], [ -6.8835496, 33.9472807 ], [ -6.8835126, 33.9472817 ], [ -6.883467, 33.947275 ], [ -6.8834386, 33.947275 ], [ -6.8834107, 33.9472794 ], [ -6.8833753, 33.9472921 ], [ -6.8833449, 33.9473117 ], [ -6.8820696, 33.9466876 ] ] ] ] } },
{ "type": "Feature", "properties": { "full_id": "w1280477102", "osm_id": "1280477102", "osm_type": "way", "leisure": "garden", "opening_date": null, "fee": null, "access": null, "wikimedia_commons": null, "wikidata": null, "barrier": null, "name": null, "landuse": null }, "geometry": { "type": "MultiPolygon", "coordinates": [ [ [ [ -6.8833771, 33.9473312 ], [ -6.8833931, 33.9473166 ], [ -6.8834124, 33.9473051 ], [ -6.8834341, 33.9472972 ], [ -6.8834652, 33.947293 ], [ -6.8834965, 33.9472961 ], [ -6.883529, 33.9473016 ], [ -6.8835622, 33.9473006 ], [ -6.8835987, 33.9472913 ], [ -6.8836308, 33.9472742 ], [ -6.8836561, 33.9472505 ], [ -6.8837579, 33.9471332 ], [ -6.8837686, 33.9471154 ], [ -6.8837734, 33.9470959 ], [ -6.8837719, 33.9470759 ], [ -6.8837641, 33.9470569 ], [ -6.8837533, 33.947033 ], [ -6.8837374, 33.9470045 ], [ -6.8837319, 33.9469674 ], [ -6.8837342, 33.9469295 ], [ -6.8837445, 33.9468926 ], [ -6.8837625, 33.9468578 ], [ -6.8837875, 33.9468261 ], [ -6.8838264, 33.9467788 ], [ -6.8838419, 33.9467495 ], [ -6.8838526, 33.9467187 ], [ -6.8838589, 33.9466763 ], [ -6.8838559, 33.9466336 ], [ -6.8838143, 33.946435 ], [ -6.8837124, 33.9460846 ], [ -6.883705, 33.946066 ], [ -6.8836956, 33.9460506 ], [ -6.8836811, 33.9460383 ], [ -6.8836628, 33.9460301 ], [ -6.8835555, 33.9459839 ], [ -6.8835328, 33.9459696 ], [ -6.8835159, 33.9459505 ], [ -6.8835062, 33.9459287 ], [ -6.8835042, 33.9459054 ], [ -6.883518, 33.9457993 ], [ -6.8835206, 33.9457391 ], [ -6.883518, 33.9457002 ], [ -6.8835109, 33.9456499 ], [ -6.8834958, 33.9455967 ], [ -6.8834864, 33.9455533 ], [ -6.8834663, 33.9454582 ], [ -6.8834587, 33.9454304 ], [ -6.8834449, 33.9454043 ], [ -6.8834264, 33.945382 ], [ -6.8834033, 33.9453629 ], [ -6.8833907, 33.9453543 ], [ -6.8833765, 33.9453475 ], [ -6.8833516, 33.9453411 ], [ -6.8833255, 33.9453403 ], [ -6.8832893, 33.9453392 ], [ -6.8828608, 33.9453314 ], [ -6.8830211, 33.9451055 ], [ -6.8832866, 33.9451289 ], [ -6.8832887, 33.9451359 ], [ -6.8832942, 33.9451414 ], [ -6.883302, 33.9451445 ], [ -6.8833103, 33.9451446 ], [ -6.8833179, 33.9451418 ], [ -6.8833235, 33.9451367 ], [ -6.8834462, 33.9451745 ], [ -6.8834738, 33.9451887 ], [ -6.8834958, 33.9452085 ], [ -6.8835088, 33.9452284 ], [ -6.8835159, 33.9452502 ], [ -6.8835515, 33.9453892 ], [ -6.883642, 33.9457425 ], [ -6.8837453, 33.9461052 ], [ -6.8837381, 33.9461125 ], [ -6.8837366, 33.9461218 ], [ -6.8837402, 33.9461295 ], [ -6.8837477, 33.9461349 ], [ -6.8837573, 33.9461369 ], [ -6.8838313, 33.9464183 ], [ -6.8838653, 33.9465574 ], [ -6.8838916, 33.9467275 ], [ -6.8839082, 33.9468984 ], [ -6.8839411, 33.9472244 ], [ -6.8839659, 33.9476199 ], [ -6.8833771, 33.9473312 ] ] ] ] } },
{ "type": "Feature", "properties": { "full_id": "w1280886581", "osm_id": "1280886581", "osm_type": "way", "leisure": "garden", "opening_date": null, "fee": null, "access": null, "wikimedia_commons": null, "wikidata": null, "barrier": null, "name": null, "landuse": null }, "geometry": { "type": "MultiPolygon", "coordinates": [ [ [ [ -6.855563, 33.9517272 ], [ -6.855637, 33.9517302 ], [ -6.855634, 33.95178 ], [ -6.8555599, 33.9517769 ], [ -6.855563, 33.9517272 ] ] ] ] } },
{ "type": "Feature", "properties": { "full_id": "w1280886584", "osm_id": "1280886584", "osm_type": "way", "leisure": "garden", "opening_date": null, "fee": null, "access": null, "wikimedia_commons": null, "wikidata": null, "barrier": null, "name": null, "landuse": null }, "geometry": { "type": "MultiPolygon", "coordinates": [ [ [ [ -6.8557751, 33.9516409 ], [ -6.8557725, 33.951785 ], [ -6.8558262, 33.951787 ], [ -6.8558504, 33.9516668 ], [ -6.855855, 33.9516443 ], [ -6.855812, 33.9516423 ], [ -6.8557751, 33.9516409 ] ] ] ] } },
{ "type": "Feature", "properties": { "full_id": "w1280886585", "osm_id": "1280886585", "osm_type": "way", "leisure": "garden", "opening_date": null, "fee": null, "access": null, "wikimedia_commons": null, "wikidata": null, "barrier": null, "name": null, "landuse": null }, "geometry": { "type": "MultiPolygon", "coordinates": [ [ [ [ -6.8557806, 33.9515375 ], [ -6.8557751, 33.9516409 ], [ -6.855812, 33.9516423 ], [ -6.8558081, 33.9515742 ], [ -6.8558013, 33.9515558 ], [ -6.8557924, 33.9515455 ], [ -6.8557806, 33.9515375 ] ] ] ] } },
{ "type": "Feature", "properties": { "full_id": "w1280886586", "osm_id": "1280886586", "osm_type": "way", "leisure": "garden", "opening_date": null, "fee": null, "access": null, "wikimedia_commons": null, "wikidata": null, "barrier": null, "name": null, "landuse": null }, "geometry": { "type": "MultiPolygon", "coordinates": [ [ [ [ -6.8551428, 33.9518516 ], [ -6.8552921, 33.9518574 ], [ -6.8552843, 33.95201 ], [ -6.8553276, 33.9520119 ], [ -6.8553234, 33.9521186 ], [ -6.8551422, 33.9518584 ], [ -6.8551428, 33.9518516 ] ] ] ] } },
{ "type": "Feature", "properties": { "full_id": "w1280886587", "osm_id": "1280886587", "osm_type": "way", "leisure": "garden", "opening_date": null, "fee": null, "access": null, "wikimedia_commons": null, "wikidata": null, "barrier": null, "name": null, "landuse": null }, "geometry": { "type": "MultiPolygon", "coordinates": [ [ [ [ -6.8554258, 33.9517683 ], [ -6.8553268, 33.951765 ], [ -6.8553243, 33.9518169 ], [ -6.855294, 33.9518159 ], [ -6.8552929, 33.9518379 ], [ -6.8551444, 33.9518331 ], [ -6.8551449, 33.9518273 ], [ -6.8554288, 33.9517095 ], [ -6.8554258, 33.9517683 ] ] ] ] } },
{ "type": "Feature", "properties": { "full_id": "w1280886588", "osm_id": "1280886588", "osm_type": "way", "leisure": "garden", "opening_date": null, "fee": null, "access": null, "wikimedia_commons": null, "wikidata": null, "barrier": null, "name": null, "landuse": null }, "geometry": { "type": "MultiPolygon", "coordinates": [ [ [ [ -6.85556, 33.9517065 ], [ -6.8556384, 33.9517105 ], [ -6.8556417, 33.9516342 ], [ -6.8556183, 33.9516331 ], [ -6.855562, 33.9516548 ], [ -6.85556, 33.9517065 ] ] ] ] } },
{ "type": "Feature", "properties": { "full_id": "w1280886589", "osm_id": "1280886589", "osm_type": "way", "leisure": "garden", "opening_date": null, "fee": null, "access": null, "wikimedia_commons": null, "wikidata": null, "barrier": null, "name": null, "landuse": null }, "geometry": { "type": "MultiPolygon", "coordinates": [ [ [ [ -6.8557129, 33.9516376 ], [ -6.8557162, 33.9515809 ], [ -6.8555452, 33.9516487 ], [ -6.8555405, 33.9517055 ], [ -6.85556, 33.9517065 ], [ -6.855562, 33.9516548 ], [ -6.8556183, 33.9516331 ], [ -6.8556417, 33.9516342 ], [ -6.8557129, 33.9516376 ] ] ] ] } },
{ "type": "Feature", "properties": { "full_id": "w1375319978", "osm_id": "1375319978", "osm_type": "way", "leisure": "garden", "opening_date": null, "fee": null, "access": null, "wikimedia_commons": null, "wikidata": null, "barrier": null, "name": null, "landuse": null }, "geometry": { "type": "MultiPolygon", "coordinates": [ [ [ [ -6.8336065, 34.0196515 ], [ -6.8338815, 34.0195361 ], [ -6.8338734, 34.0195238 ], [ -6.8335325, 34.0195829 ], [ -6.8335931, 34.0196925 ], [ -6.8336065, 34.0196515 ] ] ] ] } },
{ "type": "Feature", "properties": { "full_id": "w1375558065", "osm_id": "1375558065", "osm_type": "way", "leisure": "garden", "opening_date": null, "fee": null, "access": null, "wikimedia_commons": null, "wikidata": null, "barrier": null, "name": null, "landuse": null }, "geometry": { "type": "MultiPolygon", "coordinates": [ [ [ [ -6.8592519, 33.9985711 ], [ -6.8593746, 33.9986139 ], [ -6.859303, 33.998755 ], [ -6.8595813, 33.998852 ], [ -6.85938, 33.9991252 ], [ -6.8592999, 33.9990772 ], [ -6.8584338, 33.9997877 ], [ -6.8581085, 34.0000546 ], [ -6.8581047, 34.0000512 ], [ -6.8580679, 34.00002 ], [ -6.8580356, 34.0000463 ], [ -6.8579813, 34.0000047 ], [ -6.8577402, 34.0002132 ], [ -6.8577247, 34.0002244 ], [ -6.8577058, 34.0002312 ], [ -6.8576854, 34.0002331 ], [ -6.8576652, 34.0002299 ], [ -6.8576471, 34.0002219 ], [ -6.8576326, 34.0002098 ], [ -6.8572021, 33.9998284 ], [ -6.8584276, 33.9988225 ], [ -6.8584675, 33.9987894 ], [ -6.8585024, 33.9987526 ], [ -6.8585317, 33.9987127 ], [ -6.8590606, 33.998894 ], [ -6.8590773, 33.9989004 ], [ -6.8590923, 33.9988736 ], [ -6.8592519, 33.9985711 ] ] ] ] } },
{ "type": "Feature", "properties": { "full_id": "w1375603582", "osm_id": "1375603582", "osm_type": "way", "leisure": "garden", "opening_date": null, "fee": null, "access": null, "wikimedia_commons": null, "wikidata": null, "barrier": null, "name": null, "landuse": null }, "geometry": { "type": "MultiPolygon", "coordinates": [ [ [ [ -6.8633231, 33.9914712 ], [ -6.863687, 33.9916861 ], [ -6.8636958, 33.9916913 ], [ -6.8636025, 33.9917162 ], [ -6.8635832, 33.9917191 ], [ -6.8635635, 33.9917193 ], [ -6.863544, 33.9917168 ], [ -6.8635264, 33.9917151 ], [ -6.8635086, 33.9917156 ], [ -6.8634912, 33.9917183 ], [ -6.8634745, 33.9917233 ], [ -6.8634589, 33.9917303 ], [ -6.8634427, 33.9917379 ], [ -6.8634257, 33.9917441 ], [ -6.863408, 33.9917488 ], [ -6.8633898, 33.9917519 ], [ -6.8633713, 33.9917534 ], [ -6.8631144, 33.9917779 ], [ -6.8633071, 33.9915118 ], [ -6.8632955, 33.9915053 ], [ -6.8633231, 33.9914712 ] ] ] ] } },
{ "type": "Feature", "properties": { "full_id": "w1375603589", "osm_id": "1375603589", "osm_type": "way", "leisure": "garden", "opening_date": null, "fee": null, "access": null, "wikimedia_commons": null, "wikidata": null, "barrier": null, "name": null, "landuse": null }, "geometry": { "type": "MultiPolygon", "coordinates": [ [ [ [ -6.8637069, 33.9915102 ], [ -6.8634318, 33.9913372 ], [ -6.8634772, 33.9912876 ], [ -6.86375, 33.9914592 ], [ -6.8638578, 33.991527 ], [ -6.8637834, 33.9915349 ], [ -6.8637676, 33.9915367 ], [ -6.8637517, 33.9915367 ], [ -6.863736, 33.9915349 ], [ -6.8637207, 33.9915312 ], [ -6.8637063, 33.9915258 ], [ -6.8637069, 33.9915102 ] ] ] ] } },
{ "type": "Feature", "properties": { "full_id": "w1375603590", "osm_id": "1375603590", "osm_type": "way", "leisure": "garden", "opening_date": null, "fee": null, "access": null, "wikimedia_commons": null, "wikidata": null, "barrier": null, "name": null, "landuse": null }, "geometry": { "type": "MultiPolygon", "coordinates": [ [ [ [ -6.8644663, 33.9914383 ], [ -6.8646955, 33.9914059 ], [ -6.8645687, 33.9913278 ], [ -6.8644663, 33.9914383 ] ] ] ] } },
{ "type": "Feature", "properties": { "full_id": "w1375603596", "osm_id": "1375603596", "osm_type": "way", "leisure": "garden", "opening_date": null, "fee": null, "access": null, "wikimedia_commons": null, "wikidata": null, "barrier": null, "name": null, "landuse": null }, "geometry": { "type": "MultiPolygon", "coordinates": [ [ [ [ -6.8638711, 33.991661 ], [ -6.8637467, 33.9916784 ], [ -6.8637553, 33.9916907 ], [ -6.8638755, 33.9916788 ], [ -6.8638711, 33.991661 ] ] ] ] } },
{ "type": "Feature", "properties": { "full_id": "w1375603597", "osm_id": "1375603597", "osm_type": "way", "leisure": "garden", "opening_date": null, "fee": null, "access": null, "wikimedia_commons": null, "wikidata": null, "barrier": null, "name": null, "landuse": null }, "geometry": { "type": "MultiPolygon", "coordinates": [ [ [ [ -6.8639117, 33.9916752 ], [ -6.863948, 33.9916716 ], [ -6.863943, 33.9916509 ], [ -6.8639071, 33.991656 ], [ -6.8639117, 33.9916752 ] ] ] ] } },
{ "type": "Feature", "properties": { "full_id": "w1375603598", "osm_id": "1375603598", "osm_type": "way", "leisure": "garden", "opening_date": null, "fee": null, "access": null, "wikimedia_commons": null, "wikidata": null, "barrier": null, "name": null, "landuse": null }, "geometry": { "type": "MultiPolygon", "coordinates": [ [ [ [ -6.8639831, 33.9916681 ], [ -6.8640684, 33.9916604 ], [ -6.8640621, 33.9916343 ], [ -6.8639778, 33.9916461 ], [ -6.8639831, 33.9916681 ] ] ] ] } },
{ "type": "Feature", "properties": { "full_id": "w1375603599", "osm_id": "1375603599", "osm_type": "way", "leisure": "garden", "opening_date": null, "fee": null, "access": null, "wikimedia_commons": null, "wikidata": null, "barrier": null, "name": null, "landuse": null }, "geometry": { "type": "MultiPolygon", "coordinates": [ [ [ [ -6.8640892, 33.9916582 ], [ -6.8641347, 33.9916532 ], [ -6.8641279, 33.9916251 ], [ -6.8640828, 33.9916314 ], [ -6.8640892, 33.9916582 ] ] ] ] } },
{ "type": "Feature", "properties": { "full_id": "w1375603600", "osm_id": "1375603600", "osm_type": "way", "leisure": "garden", "opening_date": null, "fee": null, "access": null, "wikimedia_commons": null, "wikidata": null, "barrier": null, "name": null, "landuse": null }, "geometry": { "type": "MultiPolygon", "coordinates": [ [ [ [ -6.8641523, 33.9916511 ], [ -6.8641933, 33.9916461 ], [ -6.8641861, 33.991617 ], [ -6.8641454, 33.9916227 ], [ -6.8641523, 33.9916511 ] ] ] ] } },
{ "type": "Feature", "properties": { "full_id": "w1375603601", "osm_id": "1375603601", "osm_type": "way", "leisure": "garden", "opening_date": null, "fee": null, "access": null, "wikimedia_commons": null, "wikidata": null, "barrier": null, "name": null, "landuse": null }, "geometry": { "type": "MultiPolygon", "coordinates": [ [ [ [ -6.8642152, 33.9916432 ], [ -6.864251, 33.9916383 ], [ -6.8642436, 33.991609 ], [ -6.8642078, 33.9916139 ], [ -6.8642152, 33.9916432 ] ] ] ] } },
{ "type": "Feature", "properties": { "full_id": "w1375603602", "osm_id": "1375603602", "osm_type": "way", "leisure": "garden", "opening_date": null, "fee": null, "access": null, "wikimedia_commons": null, "wikidata": null, "barrier": null, "name": null, "landuse": null }, "geometry": { "type": "MultiPolygon", "coordinates": [ [ [ [ -6.8642732, 33.9916351 ], [ -6.864365, 33.9916206 ], [ -6.864358, 33.991593 ], [ -6.8642657, 33.9916059 ], [ -6.8642732, 33.9916351 ] ] ] ] } },
{ "type": "Feature", "properties": { "full_id": "w1375603603", "osm_id": "1375603603", "osm_type": "way", "leisure": "garden", "opening_date": null, "fee": null, "access": null, "wikimedia_commons": null, "wikidata": null, "barrier": null, "name": null, "landuse": null }, "geometry": { "type": "MultiPolygon", "coordinates": [ [ [ [ -6.8644007, 33.9916144 ], [ -6.8645241, 33.9915908 ], [ -6.8645192, 33.9915705 ], [ -6.864394, 33.9915879 ], [ -6.8644007, 33.9916144 ] ] ] ] } },
{ "type": "Feature", "properties": { "full_id": "w1375603604", "osm_id": "1375603604", "osm_type": "way", "leisure": "garden", "opening_date": null, "fee": null, "access": null, "wikimedia_commons": null, "wikidata": null, "barrier": null, "name": null, "landuse": null }, "geometry": { "type": "MultiPolygon", "coordinates": [ [ [ [ -6.8645517, 33.9916012 ], [ -6.8647398, 33.9915668 ], [ -6.8647224, 33.9914901 ], [ -6.864539, 33.9915167 ], [ -6.8645494, 33.9915861 ], [ -6.8645517, 33.9916012 ] ] ] ] } },
{ "type": "Feature", "properties": { "full_id": "w1375603605", "osm_id": "1375603605", "osm_type": "way", "leisure": "garden", "opening_date": null, "fee": null, "access": null, "wikimedia_commons": null, "wikidata": null, "barrier": null, "name": null, "landuse": null }, "geometry": { "type": "MultiPolygon", "coordinates": [ [ [ [ -6.865456, 33.9912945 ], [ -6.8653588, 33.9912388 ], [ -6.8652855, 33.9913155 ], [ -6.8653614, 33.9913626 ], [ -6.865456, 33.9912945 ] ] ] ] } },
{ "type": "Feature", "properties": { "full_id": "w1375603606", "osm_id": "1375603606", "osm_type": "way", "leisure": "garden", "opening_date": null, "fee": null, "access": null, "wikimedia_commons": null, "wikidata": null, "barrier": null, "name": null, "landuse": null }, "geometry": { "type": "MultiPolygon", "coordinates": [ [ [ [ -6.8651495, 33.9912936 ], [ -6.8650248, 33.9914243 ], [ -6.8650778, 33.9914571 ], [ -6.8650664, 33.9914688 ], [ -6.8650778, 33.9914888 ], [ -6.8651388, 33.9914691 ], [ -6.8651981, 33.9914461 ], [ -6.8652554, 33.9914198 ], [ -6.8653104, 33.9913904 ], [ -6.8651495, 33.9912936 ] ] ] ] } },
{ "type": "Feature", "properties": { "full_id": "w1375603607", "osm_id": "1375603607", "osm_type": "way", "leisure": "garden", "opening_date": null, "fee": null, "access": null, "wikimedia_commons": null, "wikidata": null, "barrier": null, "name": null, "landuse": null }, "geometry": { "type": "MultiPolygon", "coordinates": [ [ [ [ -6.8654902, 33.9912653 ], [ -6.8655786, 33.9911878 ], [ -6.8653377, 33.9910823 ], [ -6.8652776, 33.9911435 ], [ -6.8654902, 33.9912653 ] ] ] ] } },
{ "type": "Feature", "properties": { "full_id": "w1375603608", "osm_id": "1375603608", "osm_type": "way", "leisure": "garden", "opening_date": null, "fee": null, "access": null, "wikimedia_commons": null, "wikidata": null, "barrier": null, "name": null, "landuse": null }, "geometry": { "type": "MultiPolygon", "coordinates": [ [ [ [ -6.8656337, 33.9911396 ], [ -6.8656813, 33.9910879 ], [ -6.86465, 33.9907671 ], [ -6.864721, 33.9907999 ], [ -6.865401, 33.9910179 ], [ -6.8653585, 33.9910591 ], [ -6.8653766, 33.9910711 ], [ -6.8653966, 33.9910808 ], [ -6.8654181, 33.9910879 ], [ -6.8656337, 33.9911396 ] ] ] ] } },
{ "type": "Feature", "properties": { "full_id": "w1375603609", "osm_id": "1375603609", "osm_type": "way", "leisure": "garden", "opening_date": null, "fee": null, "access": null, "wikimedia_commons": null, "wikidata": null, "barrier": null, "name": null, "landuse": null }, "geometry": { "type": "MultiPolygon", "coordinates": [ [ [ [ -6.8650209, 33.9915039 ], [ -6.8650184, 33.9914916 ], [ -6.8649549, 33.9915094 ], [ -6.8648922, 33.9915225 ], [ -6.8648284, 33.9915311 ], [ -6.8647639, 33.9915353 ], [ -6.8647653, 33.9915621 ], [ -6.86483, 33.9915502 ], [ -6.8648942, 33.9915365 ], [ -6.8649579, 33.991521 ], [ -6.8650209, 33.9915039 ] ] ] ] } },
{ "type": "Feature", "properties": { "full_id": "w1375603610", "osm_id": "1375603610", "osm_type": "way", "leisure": "garden", "opening_date": null, "fee": null, "access": null, "wikimedia_commons": null, "wikidata": null, "barrier": null, "name": null, "landuse": null }, "geometry": { "type": "MultiPolygon", "coordinates": [ [ [ [ -6.8640604, 33.9916256 ], [ -6.8640371, 33.9915238 ], [ -6.8637098, 33.9915655 ], [ -6.8637346, 33.9916683 ], [ -6.8640604, 33.9916256 ] ] ] ] } },
{ "type": "Feature", "properties": { "full_id": "w1375831154", "osm_id": "1375831154", "osm_type": "way", "leisure": "garden", "opening_date": null, "fee": null, "access": null, "wikimedia_commons": null, "wikidata": null, "barrier": null, "name": null, "landuse": null }, "geometry": { "type": "MultiPolygon", "coordinates": [ [ [ [ -6.8625419, 33.9916536 ], [ -6.8626564, 33.991744 ], [ -6.8626872, 33.991739 ], [ -6.8627208, 33.9917662 ], [ -6.8626805, 33.9918251 ], [ -6.8619232, 33.9919058 ], [ -6.8617687, 33.9919223 ], [ -6.8616134, 33.9919334 ], [ -6.8614578, 33.9919388 ], [ -6.8613019, 33.9919386 ], [ -6.8611463, 33.9919329 ], [ -6.8609911, 33.9919216 ], [ -6.8608366, 33.9919047 ], [ -6.8606832, 33.9918822 ], [ -6.860531, 33.9918543 ], [ -6.8603805, 33.9918209 ], [ -6.8602319, 33.9917822 ], [ -6.8600854, 33.9917382 ], [ -6.8599414, 33.9916889 ], [ -6.8598, 33.9916345 ], [ -6.8596617, 33.9915751 ], [ -6.8595265, 33.9915108 ], [ -6.8580621, 33.9906055 ], [ -6.8579971, 33.9905611 ], [ -6.8579371, 33.9905121 ], [ -6.8578827, 33.9904588 ], [ -6.8578342, 33.9904016 ], [ -6.8577921, 33.9903411 ], [ -6.8577568, 33.9902778 ], [ -6.8577283, 33.990212 ], [ -6.8577071, 33.9901444 ], [ -6.8581538, 33.9904413 ], [ -6.8595901, 33.9913438 ], [ -6.8602285, 33.9916452 ], [ -6.860746, 33.9917463 ], [ -6.8616593, 33.9917406 ], [ -6.8625419, 33.9916536 ] ] ] ] } },
{ "type": "Feature", "properties": { "full_id": "w1377751967", "osm_id": "1377751967", "osm_type": "way", "leisure": "garden", "opening_date": null, "fee": null, "access": null, "wikimedia_commons": null, "wikidata": null, "barrier": null, "name": null, "landuse": null }, "geometry": { "type": "MultiPolygon", "coordinates": [ [ [ [ -6.8376892, 33.9915283 ], [ -6.8378788, 33.9918485 ], [ -6.8381645, 33.9923522 ], [ -6.8382342, 33.9924956 ], [ -6.8382892, 33.9926224 ], [ -6.8383015, 33.992666 ], [ -6.8383107, 33.9927102 ], [ -6.8383174, 33.9927714 ], [ -6.8375443, 33.9931328 ], [ -6.8375449, 33.9930983 ], [ -6.8368993, 33.9931247 ], [ -6.8369226, 33.9931146 ], [ -6.836932, 33.9931072 ], [ -6.8369428, 33.9930894 ], [ -6.8369491, 33.9930703 ], [ -6.8369508, 33.9930505 ], [ -6.836924, 33.9925512 ], [ -6.8369092, 33.9922388 ], [ -6.836932, 33.9918285 ], [ -6.8369387, 33.991705 ], [ -6.8369339, 33.9916845 ], [ -6.8369239, 33.9916653 ], [ -6.8369092, 33.9916483 ], [ -6.8368909, 33.9916347 ], [ -6.8368696, 33.9916245 ], [ -6.8368462, 33.9916183 ], [ -6.8371265, 33.9915538 ], [ -6.8371417, 33.9915508 ], [ -6.8371573, 33.9915505 ], [ -6.8371763, 33.991554 ], [ -6.8371935, 33.9915616 ], [ -6.8373021, 33.9916072 ], [ -6.8373253, 33.9916175 ], [ -6.8373504, 33.9916239 ], [ -6.8373793, 33.9916259 ], [ -6.8374081, 33.9916228 ], [ -6.8376334, 33.9915694 ], [ -6.837561, 33.9914693 ], [ -6.8375907, 33.9914736 ], [ -6.8376191, 33.991482 ], [ -6.8376455, 33.9914941 ], [ -6.8376691, 33.9915097 ], [ -6.8376892, 33.9915283 ] ] ] ] } },
{ "type": "Feature", "properties": { "full_id": "w1378009626", "osm_id": "1378009626", "osm_type": "way", "leisure": "garden", "opening_date": null, "fee": null, "access": null, "wikimedia_commons": null, "wikidata": null, "barrier": null, "name": null, "landuse": null }, "geometry": { "type": "MultiPolygon", "coordinates": [ [ [ [ -6.8276904, 34.0037796 ], [ -6.827722, 34.0037594 ], [ -6.8276977, 34.0037333 ], [ -6.8276661, 34.0037535 ], [ -6.8276904, 34.0037796 ] ] ] ] } },
{ "type": "Feature", "properties": { "full_id": "w1378009627", "osm_id": "1378009627", "osm_type": "way", "leisure": "garden", "opening_date": null, "fee": null, "access": null, "wikimedia_commons": null, "wikidata": null, "barrier": null, "name": null, "landuse": null }, "geometry": { "type": "MultiPolygon", "coordinates": [ [ [ [ -6.835177, 33.9972919 ], [ -6.835225, 33.9972982 ], [ -6.8352675, 33.9971092 ], [ -6.8346423, 33.9970069 ], [ -6.8346391, 33.9970223 ], [ -6.8352228, 33.9971164 ], [ -6.8352112, 33.9971609 ], [ -6.8351908, 33.997239 ], [ -6.835177, 33.9972919 ] ] ] ] } },
{ "type": "Feature", "properties": { "full_id": "w1378354155", "osm_id": "1378354155", "osm_type": "way", "leisure": "garden", "opening_date": null, "fee": null, "access": null, "wikimedia_commons": null, "wikidata": null, "barrier": null, "name": null, "landuse": null }, "geometry": { "type": "MultiPolygon", "coordinates": [ [ [ [ -6.8356754, 33.9936597 ], [ -6.8356747, 33.9935864 ], [ -6.8351061, 33.9936075 ], [ -6.8351082, 33.993655 ], [ -6.835262, 33.9936489 ], [ -6.8354863, 33.993649 ], [ -6.8356754, 33.9936597 ] ] ] ] } },
{ "type": "Feature", "properties": { "full_id": "w1378354156", "osm_id": "1378354156", "osm_type": "way", "leisure": "garden", "opening_date": null, "fee": null, "access": null, "wikimedia_commons": null, "wikidata": null, "barrier": null, "name": null, "landuse": null }, "geometry": { "type": "MultiPolygon", "coordinates": [ [ [ [ -6.8361783, 33.993706 ], [ -6.8361998, 33.9935736 ], [ -6.8361889, 33.9935679 ], [ -6.8361716, 33.9935642 ], [ -6.8361496, 33.9935634 ], [ -6.8357927, 33.9935842 ], [ -6.8357965, 33.9936649 ], [ -6.8360227, 33.9936792 ], [ -6.8361783, 33.993706 ] ] ] ] } },
{ "type": "Feature", "properties": { "full_id": "w1378354157", "osm_id": "1378354157", "osm_type": "way", "leisure": "garden", "opening_date": null, "fee": null, "access": null, "wikimedia_commons": null, "wikidata": null, "barrier": null, "name": null, "landuse": null }, "geometry": { "type": "MultiPolygon", "coordinates": [ [ [ [ -6.8366007, 33.993776 ], [ -6.8366343, 33.9936431 ], [ -6.8366173, 33.993623 ], [ -6.8365961, 33.9936059 ], [ -6.8365681, 33.993591 ], [ -6.836537, 33.9935814 ], [ -6.8364935, 33.9935731 ], [ -6.8363976, 33.993567 ], [ -6.8362333, 33.9935664 ], [ -6.8362123, 33.9937119 ], [ -6.8366007, 33.993776 ] ] ] ] } },
{ "type": "Feature", "properties": { "full_id": "w1378354158", "osm_id": "1378354158", "osm_type": "way", "leisure": "garden", "opening_date": null, "fee": null, "access": null, "wikimedia_commons": null, "wikidata": null, "barrier": null, "name": null, "landuse": null }, "geometry": { "type": "MultiPolygon", "coordinates": [ [ [ [ -6.8368062, 33.9937752 ], [ -6.8368091, 33.9937567 ], [ -6.8366638, 33.9936598 ], [ -6.8366205, 33.9938259 ], [ -6.8366554, 33.9938403 ], [ -6.8366966, 33.9938607 ], [ -6.8368062, 33.9937752 ] ] ] ] } },
{ "type": "Feature", "properties": { "full_id": "w1378354159", "osm_id": "1378354159", "osm_type": "way", "leisure": "garden", "opening_date": null, "fee": null, "access": null, "wikimedia_commons": null, "wikidata": null, "barrier": null, "name": null, "landuse": null }, "geometry": { "type": "MultiPolygon", "coordinates": [ [ [ [ -6.8368121, 33.9941539 ], [ -6.8368303, 33.994139 ], [ -6.8366917, 33.9940342 ], [ -6.8366299, 33.9940803 ], [ -6.836612, 33.9940868 ], [ -6.8365906, 33.9940903 ], [ -6.8365698, 33.994089 ], [ -6.8365511, 33.9940852 ], [ -6.8358662, 33.9939692 ], [ -6.835757, 33.9939531 ], [ -6.8356466, 33.9939445 ], [ -6.835536, 33.993945 ], [ -6.8349537, 33.9939647 ], [ -6.8349468, 33.9936129 ], [ -6.834897, 33.9936075 ], [ -6.8348469, 33.9936052 ], [ -6.8347926, 33.9936064 ], [ -6.8347391, 33.9936133 ], [ -6.8346787, 33.9936256 ], [ -6.8346208, 33.9936444 ], [ -6.8345738, 33.9936721 ], [ -6.8345232, 33.9937056 ], [ -6.8344806, 33.9937432 ], [ -6.834515, 33.9937676 ], [ -6.8346214, 33.9936969 ], [ -6.8346698, 33.9936686 ], [ -6.8348952, 33.9936614 ], [ -6.8348992, 33.9939897 ], [ -6.8355293, 33.9939686 ], [ -6.8356642, 33.9939719 ], [ -6.8357837, 33.9939809 ], [ -6.8359023, 33.9939956 ], [ -6.8360198, 33.9940156 ], [ -6.8368121, 33.9941539 ] ] ] ] } },
{ "type": "Feature", "properties": { "full_id": "w1378354612", "osm_id": "1378354612", "osm_type": "way", "leisure": "garden", "opening_date": null, "fee": null, "access": null, "wikimedia_commons": null, "wikidata": null, "barrier": null, "name": null, "landuse": null }, "geometry": { "type": "MultiPolygon", "coordinates": [ [ [ [ -6.8320042, 33.9997395 ], [ -6.8320293, 33.9997613 ], [ -6.8318887, 33.9998727 ], [ -6.8318657, 33.9998527 ], [ -6.8320042, 33.9997395 ] ] ] ] } },
{ "type": "Feature", "properties": { "full_id": "w1378354613", "osm_id": "1378354613", "osm_type": "way", "leisure": "garden", "opening_date": null, "fee": null, "access": null, "wikimedia_commons": null, "wikidata": null, "barrier": null, "name": null, "landuse": null }, "geometry": { "type": "MultiPolygon", "coordinates": [ [ [ [ -6.8318657, 33.9998527 ], [ -6.831843, 33.999833 ], [ -6.8319835, 33.9997216 ], [ -6.8320042, 33.9997395 ], [ -6.8318657, 33.9998527 ] ] ] ] } },
{ "type": "Feature", "properties": { "full_id": "w1378354614", "osm_id": "1378354614", "osm_type": "way", "leisure": "garden", "opening_date": null, "fee": null, "access": null, "wikimedia_commons": null, "wikidata": null, "barrier": null, "name": null, "landuse": null }, "geometry": { "type": "MultiPolygon", "coordinates": [ [ [ [ -6.8316514, 34.0000627 ], [ -6.831794, 33.9999488 ], [ -6.8317708, 33.999928 ], [ -6.8316288, 34.0000414 ], [ -6.8316514, 34.0000627 ] ] ] ] } },
{ "type": "Feature", "properties": { "full_id": "w1378354615", "osm_id": "1378354615", "osm_type": "way", "leisure": "garden", "opening_date": null, "fee": null, "access": null, "wikimedia_commons": null, "wikidata": null, "barrier": null, "name": null, "landuse": null }, "geometry": { "type": "MultiPolygon", "coordinates": [ [ [ [ -6.8316288, 34.0000414 ], [ -6.8317708, 33.999928 ], [ -6.8317493, 33.9999085 ], [ -6.8316057, 34.0000197 ], [ -6.8316288, 34.0000414 ] ] ] ] } },
{ "type": "Feature", "properties": { "full_id": "w1378354616", "osm_id": "1378354616", "osm_type": "way", "leisure": "garden", "opening_date": null, "fee": null, "access": null, "wikimedia_commons": null, "wikidata": null, "barrier": null, "name": null, "landuse": null }, "geometry": { "type": "MultiPolygon", "coordinates": [ [ [ [ -6.8352112, 33.9971609 ], [ -6.8345976, 33.997063 ], [ -6.8346391, 33.9970223 ], [ -6.8352228, 33.9971164 ], [ -6.8352112, 33.9971609 ] ] ] ] } },
{ "type": "Feature", "properties": { "full_id": "w1378354617", "osm_id": "1378354617", "osm_type": "way", "leisure": "garden", "opening_date": null, "fee": null, "access": null, "wikimedia_commons": null, "wikidata": null, "barrier": null, "name": null, "landuse": null }, "geometry": { "type": "MultiPolygon", "coordinates": [ [ [ [ -6.8317954, 33.9995362 ], [ -6.8318383, 33.9995703 ], [ -6.8319768, 33.9994686 ], [ -6.8322212, 33.9996772 ], [ -6.8323457, 33.9995787 ], [ -6.8322897, 33.9995275 ], [ -6.8322232, 33.9995762 ], [ -6.8321984, 33.9995837 ], [ -6.8321721, 33.9995854 ], [ -6.8321441, 33.9995808 ], [ -6.8321189, 33.9995698 ], [ -6.8320124, 33.9994787 ], [ -6.8319691, 33.9994438 ], [ -6.8319569, 33.9994364 ], [ -6.8319441, 33.9994341 ], [ -6.8319311, 33.9994346 ], [ -6.8319191, 33.9994389 ], [ -6.8317954, 33.9995362 ] ] ] ] } },
{ "type": "Feature", "properties": { "full_id": "w1379131389", "osm_id": "1379131389", "osm_type": "way", "leisure": "garden", "opening_date": null, "fee": null, "access": null, "wikimedia_commons": null, "wikidata": null, "barrier": null, "name": null, "landuse": null }, "geometry": { "type": "MultiPolygon", "coordinates": [ [ [ [ -6.8439138, 34.0031967 ], [ -6.8436697, 34.0031494 ], [ -6.8438857, 34.0032614 ], [ -6.8439138, 34.0031967 ] ] ] ] } },
{ "type": "Feature", "properties": { "full_id": "w1379131391", "osm_id": "1379131391", "osm_type": "way", "leisure": "garden", "opening_date": null, "fee": null, "access": null, "wikimedia_commons": null, "wikidata": null, "barrier": null, "name": null, "landuse": null }, "geometry": { "type": "MultiPolygon", "coordinates": [ [ [ [ -6.8435079, 34.0033213 ], [ -6.8434252, 34.0032876 ], [ -6.8433944, 34.0033377 ], [ -6.8433861, 34.0033518 ], [ -6.8433638, 34.0033819 ], [ -6.8434471, 34.0034485 ], [ -6.8435624, 34.0033618 ], [ -6.843624, 34.0034212 ], [ -6.843663, 34.0033909 ], [ -6.8437475, 34.0034613 ], [ -6.8437961, 34.0034307 ], [ -6.8439436, 34.0035919 ], [ -6.8438951, 34.0036224 ], [ -6.8439302, 34.0036622 ], [ -6.8440053, 34.0034021 ], [ -6.8440142, 34.0033816 ], [ -6.843572, 34.0031347 ], [ -6.8435176, 34.003219 ], [ -6.8435577, 34.0032352 ], [ -6.8436985, 34.0032573 ], [ -6.8436684, 34.0033523 ], [ -6.8435079, 34.0033213 ] ] ] ] } },
{ "type": "Feature", "properties": { "full_id": "w1379131395", "osm_id": "1379131395", "osm_type": "way", "leisure": "garden", "opening_date": null, "fee": null, "access": null, "wikimedia_commons": null, "wikidata": null, "barrier": null, "name": null, "landuse": null }, "geometry": { "type": "MultiPolygon", "coordinates": [ [ [ [ -6.8441907, 34.0028142 ], [ -6.8441243, 34.0030193 ], [ -6.8441995, 34.0030349 ], [ -6.8442263, 34.0028959 ], [ -6.8442947, 34.0028688 ], [ -6.8443697, 34.0030346 ], [ -6.8442887, 34.0030905 ], [ -6.8439587, 34.0030082 ], [ -6.8440177, 34.0028231 ], [ -6.8441907, 34.0028142 ] ] ] ] } },
{ "type": "Feature", "properties": { "full_id": "w1379131396", "osm_id": "1379131396", "osm_type": "way", "leisure": "garden", "opening_date": null, "fee": null, "access": null, "wikimedia_commons": null, "wikidata": null, "barrier": null, "name": null, "landuse": null }, "geometry": { "type": "MultiPolygon", "coordinates": [ [ [ [ -6.8439225, 34.0030099 ], [ -6.8439721, 34.0028503 ], [ -6.843602, 34.0029915 ], [ -6.8438226, 34.0030493 ], [ -6.84384, 34.002991 ], [ -6.8439225, 34.0030099 ] ] ] ] } },
{ "type": "Feature", "properties": { "full_id": "w1379131400", "osm_id": "1379131400", "osm_type": "way", "leisure": "garden", "opening_date": null, "fee": null, "access": null, "wikimedia_commons": null, "wikidata": null, "barrier": null, "name": null, "landuse": null }, "geometry": { "type": "MultiPolygon", "coordinates": [ [ [ [ -6.8448492, 34.0032183 ], [ -6.844699, 34.002951 ], [ -6.8445662, 34.0029954 ], [ -6.844516, 34.0031711 ], [ -6.8448358, 34.0032356 ], [ -6.8448492, 34.0032183 ] ] ] ] } },
{ "type": "Feature", "properties": { "full_id": "w1379131405", "osm_id": "1379131405", "osm_type": "way", "leisure": "garden", "opening_date": null, "fee": null, "access": null, "wikimedia_commons": null, "wikidata": null, "barrier": null, "name": null, "landuse": null }, "geometry": { "type": "MultiPolygon", "coordinates": [ [ [ [ -6.8450122, 34.0031472 ], [ -6.8451865, 34.0026291 ], [ -6.8447721, 34.0029359 ], [ -6.8449894, 34.003155 ], [ -6.8450122, 34.0031472 ] ] ] ] } },
{ "type": "Feature", "properties": { "full_id": "w1384013611", "osm_id": "1384013611", "osm_type": "way", "leisure": "garden", "opening_date": null, "fee": null, "access": null, "wikimedia_commons": null, "wikidata": null, "barrier": null, "name": null, "landuse": null }, "geometry": { "type": "MultiPolygon", "coordinates": [ [ [ [ -6.84157, 34.0038209 ], [ -6.8412828, 34.0037707 ], [ -6.8413136, 34.0036494 ], [ -6.8416008, 34.0036995 ], [ -6.84157, 34.0038209 ] ] ] ] } },
{ "type": "Feature", "properties": { "full_id": "w1384362525", "osm_id": "1384362525", "osm_type": "way", "leisure": "garden", "opening_date": null, "fee": null, "access": null, "wikimedia_commons": null, "wikidata": null, "barrier": null, "name": null, "landuse": null }, "geometry": { "type": "MultiPolygon", "coordinates": [ [ [ [ -6.8444909, 34.0038493 ], [ -6.8444904, 34.0038576 ], [ -6.8444548, 34.0038571 ], [ -6.8444009, 34.0038554 ], [ -6.8443812, 34.0038538 ], [ -6.8443273, 34.0038522 ], [ -6.8443137, 34.0038515 ], [ -6.8442597, 34.0038498 ], [ -6.8442611, 34.0038264 ], [ -6.8441681, 34.0038217 ], [ -6.8441639, 34.0037887 ], [ -6.8443932, 34.0037998 ], [ -6.8444187, 34.0037826 ], [ -6.8444912, 34.0038032 ], [ -6.8444909, 34.0038493 ] ] ] ] } },
{ "type": "Feature", "properties": { "full_id": "w1384362526", "osm_id": "1384362526", "osm_type": "way", "leisure": "garden", "opening_date": null, "fee": null, "access": null, "wikimedia_commons": null, "wikidata": null, "barrier": null, "name": null, "landuse": null }, "geometry": { "type": "MultiPolygon", "coordinates": [ [ [ [ -6.8444423, 34.003605 ], [ -6.8444248, 34.0036264 ], [ -6.8441136, 34.0035508 ], [ -6.8441015, 34.0035819 ], [ -6.8440257, 34.0035671 ], [ -6.8440664, 34.0034162 ], [ -6.8444423, 34.003605 ] ] ] ] } },
{ "type": "Feature", "properties": { "full_id": "w1384362538", "osm_id": "1384362538", "osm_type": "way", "leisure": "garden", "opening_date": null, "fee": null, "access": null, "wikimedia_commons": null, "wikidata": null, "barrier": null, "name": null, "landuse": null }, "geometry": { "type": "MultiPolygon", "coordinates": [ [ [ [ -6.8448248, 34.0038019 ], [ -6.8448033, 34.0038348 ], [ -6.8447771, 34.0038776 ], [ -6.8450084, 34.0038925 ], [ -6.8448248, 34.0038019 ] ] ] ] } }
]
}
